compound_id,smiles
ZINC000000000036,O=C(O)[C@@H](O)c1ccccc1
ZINC000000000052,COc1cccc2c1cc([N+](=O)[O-])c1c(C(=O)O)cc3c(c12)OCO3
ZINC000000000187,COc1cc(O)c(C(=O)c2ccccc2)c(O)c1
ZINC000000000490,COC(=O)c1ccccc1O
ZINC000000000558,NC[C@@H](O)c1ccc(O)cc1
ZINC000000000566,COc1ccc2ccc(=O)oc2c1CC=C(C)C
ZINC000000000706,C[n+]1cc2c3c(ccc2c2ccc4cc5c(cc4c21)OCO5)OCO3
ZINC000000000733,CNC[C@@H](O)c1ccc(O)cc1
ZINC000000000857,Oc1ccc(C[C@@H]2NCCc3cc(O)c(O)cc32)cc1
ZINC000000000867,CC(=O)Oc1cc(C)c(OC(C)=O)c2ccccc12
ZINC000000000882,Nc1ncnc2[nH]cnc12
ZINC000000000920,Nc1ccc(C(=O)O)cc1
ZINC000000000949,COc1ccc(-c2cc(=S)ss2)cc1
ZINC000000000954,COc1ccc(C[C@H]2NC[C@H](O)[C@H]2OC(C)=O)cc1
ZINC000000001011,O=C(O)c1ccccc1
ZINC000000001021,O=C(OCc1ccccc1)c1ccccc1
ZINC000000001082,C[n+]1cccc(C(=O)O)c1
ZINC000000001083,O=C(/C=C/c1ccc(O)c(O)c1)OCCc1ccccc1
ZINC000000001084,Cn1c(=O)c2c(ncn2C)n(C)c1=O
ZINC000000001392,CCOC(=O)c1ccc(O)cc1
ZINC000000001411,C=CCc1ccc(O)c(OC)c1
ZINC000000001412,COc1ccc(-c2cc(=O)c3c(O)c(OC)c(OC)cc3o2)cc1O
ZINC000000001419,Cc1c(O)c(C)c2c(c1O)C(=O)C[C@H](c1ccc(O)cc1)O2
ZINC000000001451,COc1cc(O)cc(O)c1
ZINC000000001490,Cc1cccc(C)c1NC(=O)c1ccccc1C(=O)O
ZINC000000001504,O=C(O)c1cc(O)c(O)c(O)c1
ZINC000000001507,O=C(O)c1cc(O)ccc1O
ZINC000000001536,C=CCc1ccc(O)c(-c2ccc(O)c(CC=C)c2)c1
ZINC000000001554,O=C(O)c1ccccc1O
ZINC000000001645,C=CCc1ccc(O)c(-c2cc(CC=C)ccc2O)c1
ZINC000000001677,CC1=CC(=O)c2ccccc2C1=O
ZINC000000001712,COC(=O)c1ccc(O)cc1
ZINC000000001748,Oc1ccc(OCc2ccccc2)cc1
ZINC000000001758,COc1c(C)c2c(c(O)c1C/C=C(\C)CCC(=O)O)C(=O)OC2
ZINC000000001795,O=C(O)c1cccnc1
ZINC000000001890,CCC(=O)c1ccc(O)cc1
ZINC000000001904,CC(C)=CCOc1c2occc2cc2ccc(=O)oc12
ZINC000000001906,COc1ccc(C(C)=O)c(O)c1
ZINC000000001927,N[C@H](Cc1ccccc1)C(=O)O
ZINC000000002028,Oc1cccc(O)c1
ZINC000000002054,OCc1ccccc1O
ZINC000000002067,COc1cc2ccc(=O)oc2cc1OC
ZINC000000002151,Cn1cnc2c1c(=O)[nH]c(=O)n2C
ZINC000000002233,NCCc1ccc(O)cc1
ZINC000000003182,Cc1cnc(C)cn1
ZINC000000003837,Cn1c(=O)c2c(ncn2CC2OCCO2)n(C)c1=O
ZINC000000004042,Cc1nc(C)c(C)nc1C
ZINC000000005878,NC(=O)c1cccnc1
ZINC000000005954,COc1cccc2oc(-c3ccccc3)cc(=O)c12
ZINC000000006256,O=C1c2ccccc2-c2c3c(cc4ccnc1c24)OCO3
ZINC000000006787,Oc1ccc(/C=C/c2cc(O)cc(O)c2)cc1
ZINC000000007267,COC(=O)c1c2c(c3ccccc3c1O)OC(C)(C)C=C2
ZINC000000011544,COc1ccc2c(c1)O[C@H]1c3ccc(O)cc3OC[C@@H]21
ZINC000000012342,C[C@@H](Cc1ccc(O)c(O)c1)[C@H](C)Cc1ccc(O)c(O)c1
ZINC000000013245,O=Cc1ccc(O)c(O)c1
ZINC000000013246,O=C(O)c1ccc(O)c(O)c1
ZINC000000014036,Oc1cc(O)cc(/C=C/c2ccc(O)c(O)c2)c1
ZINC000000020244,CN(C)CCOC(c1ccccc1)c1ccccc1
ZINC000000021789,COC(=O)c1cc(O)c(O)c(O)c1
ZINC000000021790,CCOC(=O)c1cc(O)c(O)c(O)c1
ZINC000000025672,Cc1cn([C@H]2C[C@H](O)[C@@H](CO)O2)c(=O)[nH]c1=O
ZINC000000028040,C/C=C(/C)C(=O)O[C@@H]1Cc2c(ccc3ccc(=O)oc23)OC1(C)C
ZINC000000028114,CCOC(=O)c1cc2ccccc2oc1=O
ZINC000000031963,CN1C[C@@H]2C[C@H](C1)c1cccc(=O)n1C2
ZINC000000033882,NCCc1ccc(O)c(O)c1
ZINC000000034930,Cc1cc(=O)oc2ccc(O)cc12
ZINC000000035525,COc1ccc2c(OC)c3ccoc3nc2c1OC
ZINC000000035527,COc1c2ccoc2nc2c(OC)c(OC[C@H](O)C(C)(C)O)ccc12
ZINC000000038028,CC(=O)c1ccc(O)cc1O
ZINC000000038933,O=c1cc(-c2ccccc2)oc2c1ccc1ccccc12
ZINC000000039089,CNC[C@H](O)c1ccc(O)c(O)c1
ZINC000000039090,CNC[C@@H](O)c1ccc(O)c(O)c1
ZINC000000039092,COc1ccc([C@@H]2CC(=O)c3c(O)cc(O)cc3O2)cc1O
ZINC000000039101,Cn1cc(C[C@H](N)C(=O)O)c2ccccc21
ZINC000000039111,O=c1c(O)c(-c2ccc(O)c(O)c2)oc2cc(O)ccc12
ZINC000000039452,CC(C)=CCc1c(O)cc(O)c2c1O[C@H](c1ccc(O)cc1)CC2=O
ZINC000000039811,O=C(O)/C=C/c1ccc(O)cc1
ZINC000000039905,O=C(O)c1ccccn1
ZINC000000040395,CCOC(=O)/C=C/c1ccc(O)cc1
ZINC000000047553,O=C(CCc1ccc(O)cc1)c1c(O)cc(O)cc1O
ZINC000000049153,Cc1ncc(C[n+]2csc(CCO)c2C)c(N)n1
ZINC000000049154,Cc1ncc(CO)c(CO)c1O
ZINC000000051923,CC(C)(O)[C@H]1Cc2cc3ccc(=O)oc3cc2O1
ZINC000000056472,C[C@@H](Cc1ccc(O)c(O)c1)[C@@H](C)Cc1ccc(O)c(O)c1
ZINC000000056474,C[C@H](Cc1ccc(O)c(O)c1)[C@H](C)Cc1ccc(O)c(O)c1
ZINC000000056510,COc1cc2c(cc1OC)OC(C)(C)C=C2
ZINC000000056550,C/C=C/c1cc(OC)c(OC)cc1OC
ZINC000000056592,Nc1ccc2c(C(F)(F)F)cc(=O)oc2c1
ZINC000000056654,COc1c2occc2c(OC)c2c(=O)cc(C)oc12
ZINC000000057060,COc1ccc2[nH]cc(CCNC(C)=O)c2c1
ZINC000000057146,Cn1c(=O)c2c(ncn2C[C@H](O)CO)n(C)c1=O
ZINC000000057147,Cn1c(=O)c2c(ncn2C[C@@H](O)CO)n(C)c1=O
ZINC000000057165,COC(=O)c1cc(OC)c(OC)c(OC)c1
ZINC000000057359,CC(=O)/C=C/[C@@]1(O)C(C)=CC(=O)CC1(C)C
ZINC000000057530,COc1ccc(C[C@@H]2NCCc3cc(OC)c(OC)cc32)cc1OC
ZINC000000057531,COc1ccc(C[C@H]2NCCc3cc(OC)c(OC)cc32)cc1OC
ZINC000000057588,COc1ccc(-c2coc3cc(OC)ccc3c2=O)cc1
ZINC000000057624,NC[C@H](O)c1ccc(O)c(O)c1
ZINC000000057633,Cn1c(=O)c2c(ncn2CC(=O)O)n(C)c1=O
ZINC000000057652,O=c1cc(-c2ccc(O)cc2)oc2cccc(O)c12
ZINC000000057657,O=c1cc(-c2ccccc2)oc2c(O)c(O)ccc12
ZINC000000057658,O=c1cc(-c2ccc(O)cc2)oc2cc(O)ccc12
ZINC000000057674,O=c1cc(-c2ccccc2)oc2ccccc12
ZINC000000057675,O=c1c(O)c(-c2ccccc2)oc2ccccc12
ZINC000000057677,O=c1cc(-c2ccccc2)oc2ccc(O)cc12
ZINC000000057731,COc1c2ccoc2cc2oc(=O)ccc12
ZINC000000057733,COc1cc2ccc(=O)oc2cc1O
ZINC000000057740,Cc1ccc2oc(=O)ccc2c1
ZINC000000057753,O=c1ccc2ccc(O)c(O)c2o1
ZINC000000057754,COc1cc(OC)c2ccc(=O)oc2c1
ZINC000000057908,O=c1ccc2cc(O)c(O)cc2o1
ZINC000000058049,COc1ccc2c(C)cc(=O)oc2c1
ZINC000000058111,O=c1ccc2ccc(O)cc2o1
ZINC000000058113,O=C1C[C@H](c2ccccc2)Oc2ccccc21
ZINC000000058114,O=C1C[C@@H](c2ccccc2)Oc2ccccc21
ZINC000000058117,O=C1C[C@@H](c2ccc(O)c(O)c2)Oc2cc(O)cc(O)c21
ZINC000000058118,COc1cc2oc(-c3ccccc3)cc(=O)c2c(OC)c1OC
ZINC000000058121,Cc1cc(=O)oc2cc(O)ccc12
ZINC000000058124,Cc1cc(=O)oc2c(O)c(O)ccc12
ZINC000000058125,Cc1cc(=O)oc2cc(O)c(O)cc12
ZINC000000058126,Cc1cc(=O)oc2cc(O)cc(O)c12
ZINC000000058172,O=C(O)/C=C/c1ccc(O)c(O)c1
ZINC000000058187,CC1=CC(=O)c2c(O)cccc2C1=O
ZINC000000058258,COc1cc(/C=C/C(=O)O)ccc1O
ZINC000000066126,COC(=O)c1c[nH]c2ccccc12
ZINC000000067688,O=C(O)c1cc2ccccc2oc1=O
ZINC000000073686,CN(C)Cc1c[nH]c2ccccc12
ZINC000000073693,O=C1C[C@@H](c2ccccc2)Oc2cc(O)cc(O)c21
ZINC000000073700,O=c1ccc2ccc3occc3c2o1
ZINC000000074709,O=c1ccc2ccccc2o1
ZINC000000075008,CC[C@@H]1C(=O)OC[C@@H]1Cc1cncn1C
ZINC000000084153,O=C(O)c1ccc2ccccc2n1
ZINC000000105196,N[C@@H](Cc1ccccc1)C(=O)O
ZINC000000105309,CC[C@@]1(O)C(=O)OCc2c1cc1n(c2=O)Cc2cc3ccccc3nc2-1
ZINC000000113294,CC(C)=CCc1c(O)cc(O)c2c1O[C@H](c1ccccc1)CC2=O
ZINC000000113309,COc1cc2ccc(=O)oc2c(O)c1O
ZINC000000113355,CNC[C@H](O)c1cccc(O)c1
ZINC000000113382,O=C(N[C@H](CO)[C@H](O)c1ccc([N+](=O)[O-])cc1)C(Cl)Cl
ZINC000000114127,CC(C)(S)[C@@H](N)C(=O)O
ZINC000000114134,CC(=O)N[C@@H](C)C(=O)O
ZINC000000116202,COc1ccc(/C=C/C(=O)O)cc1OC
ZINC000000119434,O=C1C[C@@H]2OCC=C3CN4CC[C@]56c7ccccc7N1[C@H]5[C@H]2[C@H]3C[C@H]46
ZINC000000119675,COc1cc(CCN)ccc1O
ZINC000000119983,Oc1cc(O)c2c(c1)O[C@H](c1ccc(O)c(O)c1)[C@@H](O)C2
ZINC000000119988,Oc1cc(O)c2c(c1)O[C@H](c1ccc(O)c(O)c1)[C@H](O)C2
ZINC000000120179,COc1c2ccoc2cc2oc(C)cc(=O)c12
ZINC000000120249,Cc1ncc(CO)c(C=O)c1O
ZINC000000120273,O=c1c(O)c(-c2ccccc2)oc2cc(O)cc(O)c12
ZINC000000120283,O=c1ccc2cc3ccoc3cc2o1
ZINC000000135384,CC(=O)N[C@@H](CC(C)C)C(=O)O
ZINC000000135391,CC(=O)N[C@@H](Cc1ccccc1)C(=O)O
ZINC000000135449,COc1cc2c(cc1O)C[C@H]1c3c(cc(O)c(OC)c3-2)CCN1C
ZINC000000135467,CC(=O)C1=C(O)[C@]2(C)C(=CC1=O)Oc1c(C(C)=O)c(O)c(C)c(O)c12
ZINC000000137119,COC1=CC(=O)C=C(OC)C1=O
ZINC000000149577,COc1ccccc1/C=C/C(=O)O
ZINC000000152538,CCOC(=O)CCc1ccc(O)cc1
ZINC000000152561,COc1cc(/C=C/C(=O)O)cc(OC)c1OC
ZINC000000152802,NC(=O)c1ccc[n+]([O-])c1
ZINC000000152926,COc1cc(C=O)cc(OC)c1O
ZINC000000152996,NC(=O)c1ccccc1
ZINC000000153019,O=C(O)CCc1ccccc1O
ZINC000000153654,COc1cc(/C=C/C(=O)O)cc(OC)c1O
ZINC000000153660,COC(=O)/C=C/c1cc(OC)c(OC)c(OC)c1
ZINC000000153731,COC(=O)/C=C/c1ccc(O)cc1
ZINC000000154564,O=C(O)CCc1ccccc1
ZINC000000154632,CC(=O)CCc1ccc(O)cc1
ZINC000000154729,C[N+](C)(C)C[C@@H](O)CC(=O)O
ZINC000000155364,CC1(C)COC(=O)[C@@H]1O
ZINC000000155368,C[n+]1cccc(C(N)=O)c1
ZINC000000155456,COc1ccc(C=O)cc1OC
ZINC000000155697,C=C[C@H]1CN2CC[C@H]1C[C@H]2[C@H](O)c1ccnc2ccccc12
ZINC000000155804,Oc1cc2c(cc1O)[C@H]1c3ccc(O)c(O)c3OC[C@@]1(O)C2
ZINC000000155806,Oc1cc2c(cc1O)[C@@H]1c3ccc(O)c(O)c3OC[C@]1(O)C2
ZINC000000156055,COc1ccc(/C=C/C(=O)O)cc1O
ZINC000000156386,COc1cc(C(=O)O)cc(OC)c1O
ZINC000000156504,COc1ccc(CC(=O)O)cc1OC
ZINC000000156571,COc1cc(CCC(=O)O)ccc1O
ZINC000000156701,O=C1C[C@@H](c2ccc(O)cc2)Oc2cc(O)cc(O)c21
ZINC000000156709,O=Cc1ccc(O)cc1
ZINC000000156956,C1CCN2C[C@H]3C[C@H](CN4CCCC[C@H]34)[C@@H]2C1
ZINC000000157014,O=C(O)[C@H]1CCCCN1
ZINC000000157015,O=C(O)[C@@H]1CCCCN1
ZINC000000157062,Cc1c[nH]c(=O)[nH]c1=O
ZINC000000157077,COc1cc(O)c(C(C)=O)c(OC)c1
ZINC000000157156,COc1cccc(C=O)c1OC
ZINC000000157437,CC(=O)c1ccccc1C(=O)O
ZINC000000157773,CC(=O)c1c(O)cc(O)cc1O
ZINC000000157793,CC(=O)c1ccc(C)cc1O
ZINC000000158116,CC(C)CC(N)=O
ZINC000000158555,O=C(O)c1ccco1
ZINC000000158556,O=C(O)c1ccoc1
ZINC000000158741,O=C(O)c1c[nH]c2ccccc12
ZINC000000160317,COc1ccc(O)c(C(C)=O)c1
ZINC000000160491,CCOC(=O)c1c(C)cc(O)cc1O
ZINC000000160496,CCOC(=O)/C=C/c1ccc(O)c(OC)c1
ZINC000000160784,CN(C)CCc1ccc(O)cc1
ZINC000000161951,COc1ccc([C@H]2CC(=O)c3c(OC)cc(OC)cc3O2)cc1
ZINC000000161953,COc1ccc([C@@H]2CC(=O)c3c(OC)cc(OC)cc3O2)cc1
ZINC000000162391,COc1ccc(C(=O)O)c(O)c1
ZINC000000162515,COc1cc(C(C)=O)ccc1O
ZINC000000163369,CC(=O)c1ccc(O)c(C(=O)O)c1
ZINC000000164367,CC1=CC(=O)C(C(C)C)=CC1=O
ZINC000000164388,COc1cc(CO)ccc1O
ZINC000000164392,O=C(O)[C@H](O)c1ccccc1
ZINC000000164447,N#CCc1ccc(O)cc1
ZINC000000164488,Cc1occc(=O)c1O
ZINC000000164504,Oc1ccc2c(c1)OCO2
ZINC000000164581,OCCc1ccc(O)cc1
ZINC000000164617,COc1ccc(C=O)cc1O
ZINC000000164902,CC(=O)c1cc(O)ccc1O
ZINC000000166877,COc1cc(C=O)ccc1OC(C)=O
ZINC000000167136,CC(CC(=O)O)CC(=O)O
ZINC000000188136,COC(=O)Nc1ccc(C)c(NC(=O)OC)c1
ZINC000000199415,COc1c2ccoc2nc2c(OC)cccc12
ZINC000000213065,O=C(O)Cc1ccc(O)cc1
ZINC000000226366,O=c1c2ccccc2nc2n1CCC2
ZINC000000239015,COC(=O)c1c(C)cc(O)c(C)c1O
ZINC000000241087,O=C(/C=C/c1ccccc1)N1CCCC1
ZINC000000258869,COc1ccc(/C=C/C(=O)N2CCCC2)cc1
ZINC000000265490,CC1=C2C(=O)O[C@@H](c3ccoc3)[C@]2(C)CCC1
ZINC000000265512,COc1ccc2c(c1)c(=O)c1ccoc1n2C
ZINC000000265517,COc1c2ccccc2nc2occc12
ZINC000000266964,N[C@@H](Cc1ccc(O)cc1)C(=O)O
ZINC000000282094,COc1cc(OC)c(C(C)=O)c(OC)c1
ZINC000000296185,CC(C)=CCOc1c2ccoc2cc2oc(=O)ccc12
ZINC000000299667,O=C(/C=C/c1ccccc1)NCCc1ccccc1
ZINC000000306694,CN1CCc2cc3c(c4c2[C@@H]1Cc1ccccc1-4)OCO3
ZINC000000314951,COc1c2ccoc2c(OC)c2oc(=O)ccc12
ZINC000000317595,CCOc1cc(C=O)ccc1OC(C)=O
ZINC000000318977,COc1cc(/C=C/C(=O)N2CCCC2)cc(OC)c1OC
ZINC000000320698,COc1cc2c3c(c1OC)-c1ccccc1C[C@H]3N(C)CC2
ZINC000000327584,O=C(O)c1ccc(CO)o1
ZINC000000330136,CC(=O)c1ccc(O)cc1
ZINC000000330141,Oc1cccc(O)c1O
ZINC000000331671,O=C(O)c1cccnc1C(=O)O
ZINC000000332748,COc1ccc(C(=O)O)cc1
ZINC000000332752,O=C(O)c1ccc(O)cc1
ZINC000000336705,CC(=O)C[C@@H]1CCCCN1C
ZINC000000336939,COc1cc(OC)c(OC)cc1C=O
ZINC000000338037,COc1cc(O)cc2c1C(=O)C[C@@H](c1ccccc1)O2
ZINC000000338136,COc1cc2c3c(c1OC)-c1cc4c(cc1C[C@@H]3N(C)CC2)OCO4
ZINC000000338275,COc1cc(C(=O)O)ccc1O
ZINC000000338283,COc1cc(O)c2c(c1)O[C@@H](c1ccc(O)cc1)CC2=O
ZINC000000338284,COc1cc(O)c2c(c1)O[C@H](c1ccc(O)cc1)CC2=O
ZINC000000338304,CC1(C)C=Cc2cc3ccc(=O)oc3cc2O1
ZINC000000338310,COc1ccc2ccc(=O)oc2c1C[C@H](O)C(C)(C)O
ZINC000000338411,CC1(C)C=CC2=C(O1)C(=O)c1ccccc1C2=O
ZINC000000340411,O=C(c1ccc(O)cc1)c1ccccc1O
ZINC000000347833,COc1cc(C(=O)O)cc(OC)c1OC
ZINC000000388044,O=C(O)CCc1ccc(O)c(O)c1
ZINC000000388064,CC(=O)Oc1ccccc1
ZINC000000388086,Cc1cc(O)ccc1O
ZINC000000388166,O=C(O)c1cccc(O)c1O
ZINC000000388198,NC[C@H](O)c1ccc(O)cc1
ZINC000000388212,COc1cc(O)cc(OC)c1
ZINC000000388238,COC(=O)c1ccc(O)c(OC)c1
ZINC000000388262,COc1cc(CC(=O)O)ccc1O
ZINC000000388292,Nc1c(O)cccc1C(=O)O
ZINC000000388293,COc1cc(CCO)ccc1O
ZINC000000388318,CC(C)COC(=O)c1ccccc1C(=O)OCC(C)C
ZINC000000388396,CC(C)C[C@@H](N)C(=O)O
ZINC000000388428,O=C(O)Cc1cc(O)ccc1O
ZINC000000388462,O=C(O)Cc1ccccc1
ZINC000000388546,O=C(O)c1cc(O)cc(O)c1
ZINC000000388555,O=C(O)Cc1ccc(O)c(O)c1
ZINC000000388556,O=C(O)CCc1ccc(O)cc1O
ZINC000000388567,COc1cccc(OC)c1C(=O)O
ZINC000000388573,COc1ccc(O)cc1OC
ZINC000000388661,Oc1ccc([C@H]2COc3cc(O)ccc3C2)cc1
ZINC000000388663,CC(=O)O[C@@H]1C[C@@H]2CC[C@@]1(C)C2(C)C
ZINC000000388674,C=CCc1ccc(OC)c(OC)c1
ZINC000000388706,O=C(O)CCCC(=O)O
ZINC000000388754,O=C(O)c1cccc(O)c1
ZINC000000388761,OCc1cccc(O)c1
ZINC000000388762,OCc1ccc(O)cc1
ZINC000000388776,CC(C)=CCOc1ccc2ccc(=O)oc2c1
ZINC000000389516,COc1cccc(O)c1
ZINC000000389716,CCOC(=O)CC(=O)O
ZINC000000391122,C/C=C/c1ccc(O)c(OC)c1
ZINC000000391163,C[C@H]1Cc2cccc(O)c2C(=O)O1
ZINC000000391177,COc1ccc2ccc(=O)oc2c1
ZINC000000391406,COC(=O)c1c(C)cc(O)cc1O
ZINC000000391809,O=C(O)Cc1cccc2ccccc12
ZINC000000391812,CN1CCC[C@H]1c1cccnc1
ZINC000000391821,CCC[C@H](N)C(=O)O
ZINC000000391826,Cc1cc(O)cc(O)c1
ZINC000000391885,COC(=O)c1ccccc1C(=O)OC
ZINC000000391894,COc1cc(O)c2c(c1)O[C@H](c1ccccc1)CC2=O
ZINC000000392004,N[C@@H](Cc1ccccc1O)C(=O)O
ZINC000000392005,N[C@H](Cc1ccccc1O)C(=O)O
ZINC000000392017,COc1ccc(C(=O)O)cc1OC
ZINC000000393724,C/C=C/c1ccc(OC(C)=O)c(OC)c1
ZINC000000393900,C=CCc1ccc(OC(C)=O)c(OC)c1
ZINC000000394334,COC(=O)c1cc(OC)c(O)c(OC)c1
ZINC000000394800,CCOC(=O)c1ccc(O)c(OC)c1
ZINC000000395642,CC(C)(O)CC(=O)O
ZINC000000395646,COc1ccc(CO)cc1O
ZINC000000395673,O=C(O)Cc1cccc(O)c1
ZINC000000395674,COC(=O)Cc1ccc(O)cc1
ZINC000000396094,COC(=O)c1c(O)cccc1O
ZINC000000402227,OC[C@@H](O)Cc1ccc2c(c1)OCO2
ZINC000000402228,OC[C@H](O)Cc1ccc2c(c1)OCO2
ZINC000000402623,Cc1cc(O)cc2oc(=O)c3c(O)cc(O)cc3c12
ZINC000000402671,COc1cc2c(c3oc(=O)c4c(c13)CCC4=O)[C@@H]1C=CO[C@@H]1O2
ZINC000000402766,CN1C(=O)CC[C@H]1c1cccnc1
ZINC000000403022,COc1ccc2[nH]c(=O)oc2c1
ZINC000000403074,Cn1cncc1CCN
ZINC000000403283,NC[C@@H](O)c1ccccc1
ZINC000000403284,NC[C@H](O)c1ccccc1
ZINC000000403588,CNC[C@H](O)c1ccc(O)cc1
ZINC000000404370,C/C=C/c1ccc(OC)c(OC)c1
ZINC000000405113,COc1cc(O)cc(OC)c1OC
ZINC000000405329,COC(=O)c1ccc(O)c(O)c1
ZINC000000439984,O=C(O)c1ccccc1C(=O)c1ccc(O)cc1O
ZINC000000477938,CC(C)(O)[C@H](O)COc1c2ccoc2cc2oc(=O)ccc12
ZINC000000477939,CC(C)(O)[C@@H](O)COc1c2ccoc2cc2oc(=O)ccc12
ZINC000000480806,COc1ccc(C[C@H](O)CO)cc1OC
ZINC000000480807,COc1ccc(C[C@@H](O)CO)cc1OC
ZINC000000481559,COc1cc(O)c(C)c(O)c1C(C)=O
ZINC000000491073,COc1ccc2c3c1O[C@H]1C[C@@H](O)C=C[C@@]31CCN(C)C2
ZINC000000506563,C[C@H](O)CCc1ccc(O)cc1
ZINC000000506564,C[C@@H](O)CCc1ccc(O)cc1
ZINC000000517261,COc1cc(-c2oc3cc(O)cc(O)c3c(=O)c2O)ccc1O
ZINC000000518097,COc1c2ccoc2nc2c(O)cccc12
ZINC000000518554,OC[C@H]1O[C@@H](Oc2ccc(O)cc2)[C@H](O)[C@@H](O)[C@@H]1O
ZINC000000518797,CC1(C)O[C@@H]1COc1c2occc2cc2ccc(=O)oc12
ZINC000000519621,COc1cc(-c2cc(=O)c3c(O)cc(O)cc3o2)ccc1O
ZINC000000519823,COc1ccc2c(c1O)-c1c(O)c(OC)cc3c1[C@H](C2)[N+](C)(C)CC3
ZINC000000519827,CC1(C)CCC[C@@]2(C)[C@H]1CC[C@@]1(C)OC(=O)C[C@H]21
ZINC000000525655,C=C1C(=O)O[C@@H]2C[C@]3(C)CCCC(=C)[C@H]3C[C@@H]12
ZINC000000526834,COc1cc(CCC(C)=O)ccc1O
ZINC000000538127,CC(C)=CCc1c2c(c3occ(-c4ccc(O)cc4)c(=O)c3c1O)C=CC(C)(C)O2
ZINC000000586482,C=CCc1ccc(O)c(O)c1
ZINC000000595402,CC(C)=C[C@H]1Oc2cc(O)ccc2-c2oc3cc(O)cc(O)c3c(=O)c21
ZINC000000597214,COc1cc2c(cc1OC)-c1c(C)c3ccc(OC)c(OC)c3c[n+]1CC2
ZINC000000607911,COc1cc2c(cc1OC)-c1c(OC)c(OC)cc3c1[C@H](C2)N(C)CC3
ZINC000000608186,COC(=O)c1c(C)cc(OC(=O)c2c(C)cc(O)c(C=O)c2O)c(C)c1O
ZINC000000608233,COc1cc2c(cc1OC)-c1cc3ccc(OC)c(OC)c3c[n+]1CC2
ZINC000000621853,COc1cc2c(c(OC)c1OC)-c1ccc(OC)c(=O)cc1[C@@H](NC(C)=O)CC2
ZINC000000622123,COC1=CC(=O)C[C@@H](C)[C@]12Oc1c(Cl)c(OC)cc(OC)c1C2=O
ZINC000000689683,COc1cc2cc(Oc3ccc4ccc(=O)oc4c3)c(=O)oc2cc1O
ZINC000000777954,C/C=C(\C)C(=O)O[C@H]1c2c(ccc3ccc(=O)oc23)OC(C)(C)[C@H]1OC(=O)/C(C)=C/C
ZINC000000895030,O=C(O)CCC(=O)O
ZINC000000895032,N[C@@H](CC(=O)O)C(=O)O
ZINC000000895034,N[C@@H](CO)C(=O)O
ZINC000000895042,N[C@@H](CS)C(=O)O
ZINC000000895045,O=c1cc[nH]c(=O)[nH]1
ZINC000000895048,OCC(O)CO
ZINC000000895074,O=C(O)C[C@H](O)C(=O)O
ZINC000000895077,N[C@@H](CCS)C(=O)O
ZINC000000895081,O=C(O)CC(O)(CC(=O)O)C(=O)O
ZINC000000895099,CC(C)[C@H](N)C(=O)O
ZINC000000895103,C[C@@H](O)[C@H](N)C(=O)O
ZINC000000895132,CCCC(=O)O
ZINC000000895145,O=Cc1ccccc1
ZINC000000895146,N[C@@H](CCO)C(=O)O
ZINC000000895186,Nc1ccccc1C(=O)C[C@H](N)C(=O)O
ZINC000000895199,N[C@@H](Cc1ccc(O)c(O)c1)C(=O)O
ZINC000000895205,OC[C@@H](O)C(O)[C@H](O)CO
ZINC000000895208,OC[C@H](O)C(O)[C@@H](O)CO
ZINC000000895216,c1cncnc1
ZINC000000895218,N[C@H](CC(=O)O)C(=O)O
ZINC000000895228,O=C1CCNC(=O)N1
ZINC000000895261,C=C(CC(=O)O)C(=O)O
ZINC000000895263,COC(=O)c1cc(O)cc(OC)c1C(=O)c1c(O)cc(C)cc1O
ZINC000000895264,O=C(O)C[C@@H](O)C(=O)O
ZINC000000895302,OCc1ccccc1
ZINC000000895304,O=C1CCCC1
ZINC000000895313,O=C[C@H](O)CO
ZINC000000895323,O=CCc1ccccc1
ZINC000000895330,N[C@@H](Cc1c[nH]c2ccc(O)cc12)C(=O)O
ZINC000000895360,O=C(O)[C@@H]1CCCN1
ZINC000000895404,O=c1ccc2cc3ccoc3c(O)c2o1
ZINC000000895446,CC(=O)OC[C@H](N)C(=O)O
ZINC000000895455,O=C(O)[C@H]1C[C@@H](O)CN1
ZINC000000895486,C[C@@H](O)CC(=O)O
ZINC000000895531,C[C@@H](CN)C(=O)O
ZINC000000895534,O=C(O)[C@@H](O)Cc1ccc(O)c(O)c1
ZINC000000895535,O=C(O)[C@H](O)Cc1ccc(O)c(O)c1
ZINC000000895536,NC1(C(=O)O)CC1
ZINC000000895587,C[C@H](CN)C(=O)O
ZINC000000895617,COc1cc2c(cc1O)[C@@H](Cc1ccc(O)cc1)N(C)CC2
ZINC000000895660,CC(C)(O)CCc1c(O)ccc2c1O[C@H]1c3ccc(O)cc3OC[C@@H]21
ZINC000000895662,CC(C)=CCc1c(O)ccc2c1O[C@H]1c3ccc(O)cc3OC[C@@H]21
ZINC000000895703,N[C@H](CCS)C(=O)O
ZINC000000895711,O=C(O)C(=O)Cc1ccc(O)cc1
ZINC000000895809,O=Cc1cc(O)ccc1O
ZINC000000895862,O=C(O)CC[N+](=O)[O-]
ZINC000000895934,OCCc1ccccc1
ZINC000000895970,CC[C@H](O)C(=O)O
ZINC000000896041,Oc1ccc(C[C@H]2NCCc3cc(O)c(O)cc32)cc1
ZINC000000896125,O=C(c1cccc(O)c1)c1c(O)cc(O)cc1O
ZINC000000896153,c1ccc2ncccc2c1
ZINC000000896625,C[C@H](O)c1ccccc1
ZINC000000897129,CC(C)=CCO
ZINC000000897447,C/C=C(/C)C(=O)O
ZINC000000897612,O=C1/C(=C/c2ccc(O)c(O)c2)Oc2cc(O)cc(O)c21
ZINC000000897736,O=C1/C(=C/c2ccc(O)c(O)c2)Oc2cc(O)ccc21
ZINC000000897751,Nc1nc(N)nc(N)n1
ZINC000000897921,CC(C)=CCc1cc(C(=O)O)cc2c1OC(C)(C)C=C2
ZINC000000897924,COc1cc2c(cc1C(C)=O)C=CC(C)(C)O2
ZINC000000897926,CC(=O)c1cc2c(cc1O)OC(C)(C)C=C2
ZINC000000898052,O=c1ccc2nccc3c4ccccc4n1c23
ZINC000000898098,COc1c2ccoc2c(OC[C@@H](O)C(C)(C)O)c2oc(=O)ccc12
ZINC000000898126,C=CC(C)(C)c1cc2cc3ccoc3cc2oc1=O
ZINC000000898159,CN1c2ccccc2C(=O)N2CCc3c([nH]c4ccccc34)[C@H]21
ZINC000000898188,CC[C@H]1[C@@H]2C[C@H]3[C@@H]4N(C)c5ccccc5[C@]45C[C@@H]([C@H]2[C@H]5O)N3[C@@H]1O
ZINC000000898237,O=c1c2ccccc2nc2n1CCc1c-2[nH]c2ccccc12
ZINC000000898299,COc1c2c(cc3ccc(=O)oc13)C=CC(C)(C)O2
ZINC000000898309,COc1c(OC)c2occc2c2oc(=O)ccc12
ZINC000000898345,COc1cc2oc(=O)ccc2c(OC)c1OC
ZINC000000898356,Oc1ccc([C@@H]2Oc3cc(O)cc(O)c3C[C@H]2O)cc1
ZINC000000898461,COc1cc2c(cc1O)C[C@@H]1NCCc3c(OC)c4c(c-2c31)OCO4
ZINC000000898477,C=C1C(=O)O[C@H]2[C@H]1CCC(=C)[C@@H]1CCC(=C)[C@H]21
ZINC000000898583,COc1cc(O)c(C(=O)CCc2ccc(O)cc2)c(O)c1
ZINC000000898659,COc1cc2c(cc1O)C[C@H]1c3c(cc(OC)c(O)c3-2)CCN1C
ZINC000000898732,COc1cc2c[n+](C)c3c4cc5c(cc4ccc3c2cc1OC)OCO5
ZINC000000898952,COc1ccc(-c2cc(=O)c3c(O)c(OC)c(O)c(OC)c3o2)cc1
ZINC000000898959,COc1cc2oc(-c3ccc(O)c(O)c3)cc(=O)c2c(O)c1O
ZINC000000899053,COc1cc(/C=C/C(=O)N2CCC=CC2=O)cc(OC)c1OC
ZINC000000899093,COc1c(O)cc(O)c2c(=O)cc(-c3ccccc3)oc12
ZINC000000899097,Oc1ccc2c(c1)OCc1c-2oc2cc(O)ccc12
ZINC000000899122,Oc1cc(O)cc(CCc2ccccc2)c1
ZINC000000899123,Oc1ccc(CCc2cc(O)cc(O)c2)cc1
ZINC000000899126,COc1cc(O)c2c(c1)CCc1cc(O)ccc1-2
ZINC000000899129,Oc1cc2c3c(c1)COc1cc(O)cc(c1-3)CC2
ZINC000000899139,O=C1O[C@@H](c2ccc(O)cc2)Cc2cccc(O)c21
ZINC000000899141,O=C1O[C@H](c2ccc(O)cc2)Cc2cccc(O)c21
ZINC000000899161,Oc1cc(O)cc(/C=C/c2ccc(O)cc2O)c1
ZINC000000899172,COc1cc(O)cc(/C=C/c2ccccc2)c1
ZINC000000899213,COc1cc(/C=C/c2ccc(O)cc2)cc(OC)c1
ZINC000000899240,CC1=CC(=O)c2ccc(C)cc2C1=O
ZINC000000899329,Cc1cc2c(c(O)c1-c1c(C)cc(O)c3c1C(=O)C=CC3=O)C(=O)C=CC2=O
ZINC000000899352,COc1cccc2c1C(=O)C1=C(CCC(C)(C)O1)C2=O
ZINC000000899550,COc1cc(-c2ccccc2)cc(OC)c1O
ZINC000000899553,Oc1ccc2c(c1)OC[C@]1(O)Cc3cc(O)c(O)cc3[C@H]21
ZINC000000899555,COc1cc([C@@H]2Oc3c(OC)cc4ccc(=O)oc4c3O[C@H]2CO)ccc1O
ZINC000000899562,COc1cc(/C=C/c2ccccc2)oc(=O)c1
ZINC000000899569,CC(C)C[C@@H]1c2c(O)c(C=O)c(O)c(C=O)c2O[C@]2(C)C=C[C@H](C(C)C)C[C@H]12
ZINC000000899620,CC(=O)c1c(C)cc2cccc(O)c2c1O
ZINC000000899671,COc1ccc(/C=C/c2cc(OC)cc(=O)o2)cc1
ZINC000000899783,COc1cc2oc(=O)cc(-c3ccccc3)c2cc1O
ZINC000000899786,O=C1c2c(O)cc(O)cc2OC[C@@H]1c1ccc(O)cc1O
ZINC000000899787,O=C1c2c(O)cc(O)cc2OC[C@H]1c1ccc(O)cc1O
ZINC000000899824,COc1cc(/C=C/C(=O)CC(=O)/C=C/c2ccc(O)c(OC)c2)ccc1O
ZINC000000899845,C=CCc1cc(OC)c(OC)c(OC)c1
ZINC000000899848,COc1ccc([C@H]2COc3cc(O)cc(O)c3C2=O)c(OC)c1
ZINC000000899851,COc1ccc([C@@H]2COc3cc(O)cc(O)c3C2=O)c(OC)c1
ZINC000000899863,CCOC(=O)/C=C/c1ccc(OC)cc1
ZINC000000899870,O=C(/C=C/c1ccc(O)c(O)c1)O[C@H](Cc1ccc(O)c(O)c1)C(=O)O
ZINC000000899884,Oc1ccc2c(c1)OC[C@H]1c3cc4c(cc3O[C@@H]21)OCO4
ZINC000000899887,C=C[C@@H](C1=CC(=O)C(OC)=CC1=O)c1ccccc1
ZINC000000899892,CC1(C)C=Cc2c(ccc3c2O[C@H]2c4ccc(O)cc4OC[C@@H]32)O1
ZINC000000899902,CC(C)=CCc1cc2c(cc1O)oc(=O)c1c3ccc(O)cc3oc21
ZINC000000899905,COc1ccc([C@H]2COc3cc(O)ccc3C2)c(OC)c1
ZINC000000899915,COc1c(O)cc2occ(-c3ccc(O)cc3)c(=O)c2c1O
ZINC000000899920,COc1ccc2c(c1)OC[C@]1(O)c3ccc(OC)cc3O[C@H]21
ZINC000000899922,COc1ccc([C@@H]2COc3cc(O)ccc3C2)c(O)c1
ZINC000000900117,C=C[C@@H](/C=C/c1ccc(O)cc1)c1ccc(O)cc1
ZINC000000900143,Cn1c(Cc2ccccc2)nc(=O)c2ccccc21
ZINC000000900145,COc1cc(C[C@@H]2CO[C@@H](c3ccc(O)c(OC)c3)[C@@H]2CO)ccc1O
ZINC000000900152,C/C=C/c1cc(OC)c2c(c1)[C@@H](C)[C@H](c1ccc(O)c(OC)c1)O2
ZINC000000900177,CC(=O)c1ccc(O)c(O)c1
ZINC000000900185,COc1cc(O)c(C(C)=O)c(O)c1
ZINC000000900187,COc1cc(C[C@@H]2COC(=O)[C@H]2Cc2ccc(O)c(OC)c2)ccc1O
ZINC000000900208,Cn1c2ccccc2c(=O)c2ccoc21
ZINC000000900254,COc1cc(C[C@@H]2COC(=O)[C@@]2(O)Cc2ccc(O)c(OC)c2)ccc1O
ZINC000000900263,Cn1c(=O)c2c(c3ccccc31)OC(C)(C)C=C2
ZINC000000900426,COc1cc2c(=O)oc3c(OC)c(O)cc4c(=O)oc(c1OC)c2c34
ZINC000000900788,O=Cc1ccc(CO)o1
ZINC000000900814,Cc1ccc(C=O)o1
ZINC000000900902,COc1ccc2c(c1OC)[C@H](CC(C)=O)N(C)c1c-2ccc2cc3c(cc12)OCO3
ZINC000000900910,CC(=O)C[C@H]1c2c(ccc3c2OCO3)-c2ccc3cc4c(cc3c2N1C)OCO4
ZINC000000900914,CC(=O)C[C@@H]1c2c(ccc3c2OCO3)-c2ccc3cc4c(cc3c2N1C)OCO4
ZINC000000900932,COc1ccc2c(c1OC)c(=O)n(C)c1c3cc4c(cc3ccc21)OCO4
ZINC000000900935,COc1ccc2c(cnc3c4cc5c(cc4ccc23)OCO5)c1OC
ZINC000000901103,Nc1ccccc1C(=O)C[C@@H](N)C(=O)O
ZINC000000901115,Oc1cc(O)cc(/C=C/c2ccccc2)c1
ZINC000000901155,OC[C@H]1O[C@H](O)[C@H](O)[C@@H](O)[C@H]1O
ZINC000000901157,Cc1cc(O)cc(O)c1C(=O)O
ZINC000000901286,O=C[C@@H](O)CO
ZINC000000901289,CC(C(=O)O)C(=O)O
ZINC000000901301,CC[C@@H](C)C=O
ZINC000000901303,CC[C@H](C)C=O
ZINC000000901420,CC(C)C(=O)O
ZINC000000901461,COc1cc(/C=C/C(=O)NCCc2ccc(O)cc2)ccc1O
ZINC000000901606,O=C(O)c1c[nH]c(=O)[nH]c1=O
ZINC000000901616,C[C@@H](O)[C@@H](C)O
ZINC000000901665,C[C@H](O)CC(=O)O
ZINC000000901791,O=C(O)[C@@H]1C[C@@H](O)CN1
ZINC000000901801,CC(C)(N)C(=O)O
ZINC000000902159,N[C@@H](Cn1ccc(=O)c(O)c1)C(=O)O
ZINC000000967189,CN1CC(=O)N=C1N
ZINC000000967396,CC(C)=CC(=O)O
ZINC000000967513,C=C(C)[C@H]1CC=C(C)CC1
ZINC000000967520,CC1(C)[C@@H]2CC[C@@]1(C)C(=O)C2
ZINC000000967521,CC1(C)[C@H]2CC[C@]1(C)C(=O)C2
ZINC000000967533,CC1(C)[C@H]2CC[C@]1(C)[C@H](O)C2
ZINC000000967563,Cc1ccc(C(C)C)cc1O
ZINC000000967566,CC12CCC(CC1)C(C)(C)O2
ZINC000000967597,Cc1ccc(C(C)C)c(O)c1
ZINC000000967630,C/C=C/c1ccc(OC)cc1
ZINC000000968078,Oc1ccc([C@@H]2Oc3cc(O)cc(O)c3C[C@@H]2O)cc1
ZINC000000968100,CC1(C)[C@@H]2CC[C@@]1(C)[C@@H](O)C2
ZINC000000968102,C=C(C)[C@H]1CC=C(C)C(=O)C1
ZINC000000968226,C=C(C)[C@@H]1CC=C(C)CC1
ZINC000000968444,CC(C)=CCC[C@@]1(C)C=Cc2c(c(C)cc3c2[nH]c2ccccc23)O1
ZINC000000968478,Cc1ccc(C(C)C)cc2c(C)ccc1-2
ZINC000000970363,Nc1ncnc2c1ncn2[C@@H]1O[C@H](CO)[C@@H](O)[C@@H]1O
ZINC000000985403,O=C1C[C@@H](c2ccc(O)cc2)Oc2cc(O)ccc21
ZINC000001043941,CC1(C)CCC[C@@]2(C)[C@H]1CC[C@@]1(C)OCC[C@H]21
ZINC000001069082,CC[C@]12CCCN3CCc4c(n(c5ccccc45)[C@@](O)(C(=O)OC)C1)[C@@H]32
ZINC000001069090,COc1cc2c(cc1OC)[C@@]13CCN4CC5=CCO[C@H]6CC(=O)N2[C@H]1[C@H]6[C@H]5C[C@H]43
ZINC000001081321,C=C(C)[C@@H]1CCC2=CC(=O)C[C@@H](C)[C@]2(C)C1
ZINC000001081322,COc1ccc(-c2coc3cc(O[C@@H]4O[C@H](CO)[C@@H](O)[C@H](O)[C@H]4O)ccc3c2=O)cc1
ZINC000001081535,COc1cc(O)c2c(c1)O[C@H](c1ccc(O)c(O)c1)CC2=O
ZINC000001081537,COc1cc2oc(-c3ccc(O)cc3)cc(=O)c2c(O)c1OC
ZINC000001081581,Nc1ncnc2c1ncn2[C@H]1C[C@H](O)[C@@H](CO)O1
ZINC000001095283,COC(=O)c1nccc2c1[nH]c1ccccc12
ZINC000001106016,CC(=O)Oc1ccc([C@H]2CC(=O)c3c(O)cc(OC(C)=O)cc3O2)cc1
ZINC000001106017,CC(=O)Oc1ccc([C@@H]2CC(=O)c3c(O)cc(OC(C)=O)cc3O2)cc1
ZINC000001261680,CC(=O)C[C@]1(O)C(O)=Nc2ccccc21
ZINC000001280591,COC1=C[C@@H]2[C@@H]3Cc4ccc(OC)c(O)c4[C@]2(CCN3C)CC1=O
ZINC000001280637,COc1c(O)cc2c(=O)oc3c(OC)c(O)cc4c(=O)oc1c2c34
ZINC000001319796,Nc1ncnc2c1ncn2[C@@H]1O[C@H](CO)C[C@H]1O
ZINC000001320145,CC(=O)O[C@]1(C)CC[C@@]23C[C@@H]1C(C)(C)[C@@H]2CC[C@H]3C
ZINC000001420780,COc1ccc(C=O)c(O)c1
ZINC000001482113,N[C@@H](CCC(=O)O)C(=O)O
ZINC000001482164,CC(C)[C@@H]1CC[C@@H](C)C[C@H]1O
ZINC000001504703,CC1(C)CCC[C@@]2(C)[C@H]1CC[C@@](C)(O)[C@@H]2CCO
ZINC000001506568,COC1=Cc2cccc3cccc(c23)C1=O
ZINC000001510269,CC(=O)CC(C)(C)N
ZINC000001529198,N[C@H](CSSC[C@H](N)C(=O)O)C(=O)O
ZINC000001529208,CC(C)=CCC/C(C)=C/C=O
ZINC000001529214,O[C@H]1OC[C@@H](O)[C@H](O)[C@H]1O
ZINC000001529215,O[C@H]1[C@H](O)CO[C@@H](O)[C@@H]1O
ZINC000001529229,CCCCCCCCCC(=O)O
ZINC000001529230,CCCCCC(=O)O
ZINC000001529234,CCCCCCCCC(=O)O
ZINC000001529253,NCCCCCN
ZINC000001529294,N[C@@H](CCSSCC[C@H](N)C(=O)O)C(=O)O
ZINC000001529322,CCCC[C@H](N)C(=O)O
ZINC000001529427,OC/C=C/c1ccccc1
ZINC000001529439,Cc1c(C)c2c(c(C)c1O)CC[C@](C)(CCC[C@H](C)CCC[C@H](C)CCCC(C)C)O2
ZINC000001529464,CSCC[C@H](NC=O)C(=O)O
ZINC000001529473,C=C(C)[C@H]1CC=C(C=O)CC1
ZINC000001529484,OC/C=C/c1ccc(O)cc1
ZINC000001529489,O=C(O)CCCCCC(=O)O
ZINC000001529491,COc1cc(/C=C/C=O)ccc1O
ZINC000001529498,CCCCCCCCCCCC(=O)O
ZINC000001529501,CSCC[C@H](NC(C)=O)C(=O)O
ZINC000001529502,CSCC[C@@H](NC(C)=O)C(=O)O
ZINC000001529517,O=C(O)CCCCCCCCCO
ZINC000001529559,CC(=O)NCCCC(=O)O
ZINC000001529592,S=C=NCc1ccccc1
ZINC000001529636,NCCCS(=O)(=O)O
ZINC000001529642,NCCCNCCCN
ZINC000001529747,C[N+](C)(C)CCCC[C@H](N)C(=O)O
ZINC000001529772,O=C(/C=C/C=C/c1ccc2c(c1)OCO2)N1CCCCC1
ZINC000001529819,C=C[C@@](C)(O)CCC=C(C)C
ZINC000001529820,C=C[C@](C)(O)CCC=C(C)C
ZINC000001529846,CCOC(=O)C(=O)[C@H](C)C(=O)OCC
ZINC000001529847,CCOC(=O)C(=O)[C@@H](C)C(=O)OCC
ZINC000001529886,N[C@@H](CNC(=O)C(=O)O)C(=O)O
ZINC000001530242,COc1cc(/C=C/C=O)cc(OC)c1O
ZINC000001530303,CC(C)(CO)[C@@H](O)C(=O)NCCCO
ZINC000001530342,C=C1C[C@]23CC[C@@H]4C(C)(C)CCC[C@@]4(C)[C@@H]2CC[C@H]1C3
ZINC000001530353,OC[C@H]1O[C@@H](O)[C@@H](O)[C@@H]1O
ZINC000001530354,CCCCO
ZINC000001530366,CC(=O)C[C@H]1CCCCN1C
ZINC000001530416,CCCCCCCC(=O)O
ZINC000001530417,CCCCCCCCCCCCCC(=O)O
ZINC000001530467,C=Cc1cncc2c1CCOC2=O
ZINC000001530575,COc1cc(CNC(=O)CCCC/C=C/C(C)C)ccc1O
ZINC000001530625,CCCCCc1cc(O)c2c(c1)OC(C)(C)[C@@H]1CCC(C)=C[C@@H]21
ZINC000001530776,CC(=O)CCCCn1c(=O)c2c(ncn2C)n(C)c1=O
ZINC000001531008,O=C(O)[C@H](O)[C@@H](O)[C@H](O)[C@H](O)CO
ZINC000001531036,O=C(O)CCCCCCCC(=O)O
ZINC000001531045,O=C(O)CCCCCCCCC(=O)O
ZINC000001531046,O=C(O)CCCCCCC(=O)O
ZINC000001531061,O=C(O)CCCCCCCCCCCO
ZINC000001531363,CCCCCc1cc(O)c2c(c1)O[C@](C)(CCC=C(C)C)C=C2
ZINC000001531364,CCCCCc1cc(O)c2c(c1)O[C@@](C)(CCC=C(C)C)C=C2
ZINC000001531550,C=C[C@@](C)(O)CC/C=C(\C)CCC=C(C)C
ZINC000001531601,CC(C)=CCC[C@@H](C)CCO
ZINC000001531663,O=C(O)[C@@H]1O[C@H](Oc2cc3oc(-c4ccccc4)cc(=O)c3c(O)c2O)[C@@H](O)[C@H](O)[C@H]1O
ZINC000001531664,COc1cc(O)c2c(=O)cc(-c3ccc(OC)c(-c4c(O)cc(O)c5c(=O)cc(-c6ccc(O)cc6)oc45)c3)oc2c1
ZINC000001531669,COc1ccc(-c2cc(=O)c3c(OC)c(OC)c(OC)c(OC)c3o2)cc1OC
ZINC000001531697,COc1ccc(-c2cc(=O)c3c(O)cc(O)c(-c4cc(-c5cc(=O)c6c(O)cc(OC)cc6o5)ccc4OC)c3o2)cc1
ZINC000001531698,COc1ccc(-c2cc(=O)c3c(OC)c(OC)c(OC)cc3o2)cc1OC
ZINC000001531699,COc1ccc(-c2cc(=O)c3c(OC)c(OC)c(OC)c(OC)c3o2)cc1
ZINC000001531764,CCCCCCCCCCCC1=C(O)C(=O)C=C(O)C1=O
ZINC000001531840,COc1cc(CCCO)ccc1O
ZINC000001531846,CCCCC[C@H](O)CC(=O)CCc1ccc(O)c(OC)c1
ZINC000001531865,CCCCC/C=C/C(=O)CCc1ccc(O)c(OC)c1
ZINC000001531882,COc1cc2c(c(OC)c1OC)-c1c(cc3c(c1OC)OCO3)C[C@@H](C)[C@@H](C)C2
ZINC000001531911,COc1cc2c(c(OC)c1OC)-c1c(cc3c(c1OC)OCO3)C[C@H](C)[C@H](C)C2
ZINC000001532049,O=C(CO)[C@@H](O)[C@H](O)[C@H](O)CO
ZINC000001532172,CCCOC(=O)c1cc(O)c(O)c(O)c1
ZINC000001532246,CC(C)=CCC[C@H](C)CCO
ZINC000001532514,Cc1ncc(COP(=O)(O)O)c(C=O)c1O
ZINC000001532517,CC(=O)C(=O)O
ZINC000001532521,O=C(O)CC(=O)C(=O)O
ZINC000001532522,NCCCC[C@H](N)C(=O)O
ZINC000001532525,N=C(N)NCCC[C@H](N)C(=O)O
ZINC000001532526,NC(=O)CC[C@H](N)C(=O)O
ZINC000001532529,CSCC[C@H](N)C(=O)O
ZINC000001532530,NCCC[C@H](N)C(=O)O
ZINC000001532540,CCC(=O)C(=O)O
ZINC000001532556,NC(=O)C[C@H](N)C(=O)O
ZINC000001532560,N=C(N)NCCCCN
ZINC000001532575,O[C@H]1CO[C@@H](O)[C@H](O)[C@H]1O
ZINC000001532578,CC(C)CC(=O)C(=O)O
ZINC000001532588,O[C@@H]1[C@H](O)OC[C@@H](O)[C@H]1O
ZINC000001532609,NC(=O)CC[C@@H](N)C(=O)O
ZINC000001532612,NCCCCNCCCN
ZINC000001532613,O=C(O)CCCC(=O)C(=O)O
ZINC000001532614,NC(=O)NCCC[C@H](N)C(=O)O
ZINC000001532620,NCCCC(=O)O
ZINC000001532648,O=C1O[C@H]([C@@H](O)CO)C(=O)C1=O
ZINC000001532654,NCCCCC(=O)O
ZINC000001532678,NCCC[C@@H](N)C(=O)O
ZINC000001532692,C[N+](C)(C)CCOP(=O)(O)O
ZINC000001532712,N[C@@H](CCC[C@H](N)C(=O)O)C(=O)O
ZINC000001532714,C[N+](C)(C)CCO[P@@](=O)(O)OC[C@H](O)CO
ZINC000001532722,N[C@@H](CCC[C@@H](N)C(=O)O)C(=O)O
ZINC000001532728,C[N+](C)(C)CC(=O)O
ZINC000001532729,O=C(O)CCCC[C@H]1CCSS1
ZINC000001532732,CC(=O)C(C)=O
ZINC000001532734,NCCCNCCCCNCCCN
ZINC000001532766,CSCC[C@@H](N)C(=O)O
ZINC000001532777,O=C/C=C/c1ccccc1
ZINC000001532798,N[C@@H](CCCC(=O)O)C(=O)O
ZINC000001532813,C[C@@H]1O[C@H](O)[C@@H](O)[C@H](O)[C@@H]1O
ZINC000001532814,C[C@@H]1O[C@@H](O)[C@@H](O)[C@H](O)[C@@H]1O
ZINC000001532820,N=C(N)NCCCC(=O)O
ZINC000001532828,CCNC(=O)CC[C@H](N)C(=O)O
ZINC000001532839,Cc1ncc(C[n+]2csc(CCOP(=O)(O)O)c2C)c(N)n1
ZINC000001532890,NC[C@@H](O)CC[C@H](N)C(=O)O
ZINC000001532910,Cn1cncc1C[C@H](NC(=O)CCN)C(=O)O
ZINC000001537498,CCCCCCC[C@H](O)CC(=O)CCc1ccc(O)c(OC)c1
ZINC000001538308,O=C(/C=C/C=C/c1ccccc1)CCc1ccccc1
ZINC000001542895,CC(C)C[C@H](NC(=O)[C@@H](O)[C@H](N)Cc1ccccc1)C(=O)O
ZINC000001543513,COc1ccc(/C=C\c2cc(OC)c(OC)c(OC)c2)cc1OP(=O)(O)O
ZINC000001544807,O=C(O)CCCC[C@@H]1CCSS1
ZINC000001553986,CC(C)N(CCCCOCC(=O)O)c1cnc(-c2ccccc2)c(-c2ccccc2)n1
ZINC000001554395,CCCCCCCCCCCc1cc(=O)c2ccccc2n1C
ZINC000001556409,COC(=O)CC1(O)C=CC(=O)C=C1
ZINC000001557770,Cc1coc2c1C(=O)C(=O)c1c-2ccc2c1CCC[C@]2(C)CO
ZINC000001558385,C/C=C/C=C/C(=O)O
ZINC000001558484,C=CC(C)(C)c1cc2cc3c(cc2oc1=O)O[C@H](C(C)(C)OC(C)=O)C3
ZINC000001559232,COc1cc(O)c2c(c1)O[C@@H](c1ccc(OC)c(O)c1)CC2=O
ZINC000001559620,O=c1ccc2ccc(O[C@@H]3O[C@H](CO)[C@@H](O)[C@H](O)[C@H]3O)cc2o1
ZINC000001559632,COc1ccc2c(c1)-c1c3c(cc4ccnc(c14)C2=O)OCO3
ZINC000001559986,COc1c2ccoc2c(OCC=C(C)C)c2oc(=O)ccc12
ZINC000001561231,C=C1C(=O)O[C@@H]2C[C@]3(C)[C@@H](CCC(C)=O)[C@@H]3C[C@H]12
ZINC000001562127,O=C(O)/C=C/CCCCCCCO
ZINC000001565179,CCOC(=O)CC1(O)C=CC(=O)C=C1
ZINC000001565639,O=C1C=C2C=C[C@@H](O)[C@H](O)[C@H]2O1
ZINC000001567243,CC(C)(CO)[C@H](O)C(=O)NCCCO
ZINC000001568212,CC(C)(O)[C@H](O)COc1c2occc2cc2ccc(=O)oc12
ZINC000001572128,CC(C)C1=CC(=O)C2=C(CC[C@@H]3C4=C(CC[C@@]23C)C(=O)OC4)C1=O
ZINC000001573299,COc1cc2ccc(=O)oc2c(OC)c1O
ZINC000001573356,CCC/C=C1\OC(=O)c2ccccc21
ZINC000001573788,O=C1c2c(O)cc(O)cc2O[C@H](c2ccc(O)cc2O)[C@H]1O
ZINC000001574833,COc1cc2c(c(O)c1OC)-c1c(cc(OC)c(OC)c1OC)C[C@@H](C)[C@@H](C)C2
ZINC000001575139,COc1cc([C@@H]2c3cc4c(cc3C[C@H]3COC(=O)[C@@H]32)OCO4)cc(OC)c1OC
ZINC000001576416,COc1ccc2c(c1OC)C[C@@H]1c3c(cc4c(c3-2)OCO4)CCN1C
ZINC000001577023,O=C(O)/C=C/C=C/c1ccccc1
ZINC000001577199,CCCCCCC(=O)O
ZINC000001582457,CC(=O)N[C@@H](CCCCN)C(=O)O
ZINC000001583987,Cc1ccc(C(C)C)c(OC(=O)C(C)C)c1
ZINC000001584603,COc1c(O)ccc(C2=Cc3ccc(O)cc3OC2)c1OC
ZINC000001586420,O=C(O)/C=C/CCCCCCCCC(=O)O
ZINC000001587303,C=C[C@H](c1ccccc1O)c1cc(O)c(OC)cc1OC
ZINC000001587304,C=C[C@H](c1ccccc1O)c1cc(OC)c(OC)cc1OC
ZINC000001587606,CC(=O)CCc1ccccc1
ZINC000001588038,C=Cc1cc(O)cc2c1-c1ccc(O)c(C)c1CC2
ZINC000001588843,CCC[C@H](CC(=O)O)c1c2c(c(O)c3c1O[C@@H](C)[C@H](C)C3=O)C=CC(C)(C)O2
ZINC000001594054,COc1ccc(C[C@@H]2COC(=O)[C@H]2Cc2ccc(OC)c(OC)c2)cc1OC
ZINC000001595957,COc1cc(C[C@H]2COC(=O)[C@@H]2Cc2ccc(O)c(OC)c2)ccc1O
ZINC000001599359,CC(=O)CC/C=C(\C)CCC=C(C)C
ZINC000001599730,O=c1cccc2n1C[C@@H]1CNC[C@H]2C1
ZINC000001600508,CCOC(=O)CCc1ccc(OC)cc1
ZINC000001604019,COc1ccc2cc3n(c(=O)c2c1OC)CCc1cc2c(cc1-3)OCO2
ZINC000001608084,COc1c(OC)c2oc(=O)c3cc4c(c5oc(=O)c(c1OC)c2c53)OCO4
ZINC000001608665,COC1=CC(=O)O[C@@H](CCc2ccccc2)C1
ZINC000001609498,COC(=O)CCCC(=O)O
ZINC000001611127,COc1c2c(cc3c1-c1c(cc4c(c1OC)OCO4)C[C@@H](C)[C@H](C)C3)OCO2
ZINC000001611128,COc1c2c(cc3c1-c1c(cc4c(c1OC)OCO4)C[C@H](C)[C@@H](C)C3)OCO2
ZINC000001611274,CC[C@@]1(O)C(=O)OCc2c1cc1n(c2=O)Cc2cc3c(CN(C)C)c(O)ccc3nc2-1
ZINC000001612328,COc1ccc(CCc2cc(OC)c(OC)c(OC)c2)cc1O
ZINC000001612568,CC1=N[C@H](C(=O)O)CCN1
ZINC000001612996,CCc1c2c(nc3ccc(OC(=O)N4CCC(N5CCCCC5)CC4)cc13)-c1cc3c(c(=O)n1C2)COC(=O)[C@]3(O)CC
ZINC000001614079,COc1ccc(-c2cc(=O)c3c(O)c(OC)c(OC)c(OC)c3o2)cc1OC
ZINC000001614326,CCOC(=O)/C=C/c1ccc(O)c(O)c1
ZINC000001615142,Cc1cc2c([nH]c3ccccc32)c2c1OC(C)(C)C=C2
ZINC000001615344,COc1cc(C[C@H]2C(=O)OC[C@@H]2Cc2ccc(OC)c(OC)c2)ccc1O
ZINC000001615347,COC(=O)CCC(C)=O
ZINC000001618817,COc1ccc(/C=C/CO)cc1OC
ZINC000001620142,OCCC1(O)CCC(O)CC1
ZINC000001620483,C=C[C@H](C1=CC(=O)C(OC)=CC1=O)c1ccccc1
ZINC000001621053,COC(=O)/C=C/c1ccc(O)c(OC)c1
ZINC000001628348,CC1(C)CCC2=C(O1)C(=O)c1ccccc1C2=O
ZINC000001632198,CN1C(=O)C(=O)c2cc3c(c4c2c1cc1ccccc14)OCO3
ZINC000001632635,CCCCCCCCOC(=O)c1cc(O)c(O)c(O)c1
ZINC000001633876,COc1ccc(/C=C/CO)cc1
ZINC000001634150,CCOC(=O)c1cc(OC)c(OC)c(OC)c1
ZINC000001634346,COc1cc(C)cc2c1[nH]c1ccccc12
ZINC000001644304,C=C[C@@](C)(/C=C/c1ccc(O)cc1)CCC=C(C)C
ZINC000001645304,COc1cc([C@@H]2Oc3c(OC)cc(CCCO)cc3[C@H]2CO)ccc1O
ZINC000001645590,COc1cc(O)c2c(=O)c(O)c(-c3ccc(OC)c(O)c3)oc2c1
ZINC000001648322,CCOC(=O)CC(O)(CC(=O)OCC)C(=O)OCC
ZINC000001648536,CC1=C[C@@]2(O)O[C@@]3(CC2=C(C)C)[C@@H](C)CC[C@@H]13
ZINC000001649219,COc1cc2c(cc1OC)[C@]13C[C@@H](OC)CC=C1CCN3CCC2
ZINC000001649869,COc1cc(-c2oc3c(OC)c(OC)c(OC)c(OC)c3c(=O)c2OC)cc(OC)c1OC
ZINC000001649870,COc1cc(-c2oc3cc(OC)c(OC)c(OC)c3c(=O)c2OC)cc(OC)c1OC
ZINC000001649872,C=C(C)[C@@H](O)[C@H](O)c1c(OC)ccc2ccc(=O)oc12
ZINC000001649874,C=C(C)[C@@H](O)[C@@H](O)c1c(OC)ccc2ccc(=O)oc12
ZINC000001649875,C=C(C)[C@@H](O)[C@@H](OCC)c1c(OC)ccc2ccc(=O)oc12
ZINC000001649876,C=C(C)[C@@H](O)[C@H](OCC)c1c(OC)ccc2ccc(=O)oc12
ZINC000001649877,C=C(C)[C@H](O)[C@@H](OCC)c1c(OC)ccc2ccc(=O)oc12
ZINC000001649878,C=C(C)[C@H](O)[C@H](OCC)c1c(OC)ccc2ccc(=O)oc12
ZINC000001649884,C=C(C)[C@@H](OC(C)=O)[C@H](OC(C)=O)c1c(OC)ccc2ccc(=O)oc12
ZINC000001650576,Cc1coc2c1C(=O)C(=O)c1c-2ccc2c1CCCC2(C)C
ZINC000001651126,O=C(/C=C/c1ccc(O)cc1)CC(=O)/C=C/c1ccc(O)cc1
ZINC000001656021,Cc1ncc(COP(=O)(O)O)c(C)c1O
ZINC000001656180,COc1ccc(C(C)=O)cc1O
ZINC000001658570,CC(C)=CCC/C(C)=C/COc1c2ccoc2cc2oc(=O)ccc12
ZINC000001658901,CC(C)=CCC/C(C)=C/COc1ccc2ccc(=O)oc2c1
ZINC000001662779,O=C(/C=C/c1ccc(O)cc1)NCCc1ccc(O)cc1
ZINC000001663391,COc1ccc(C[C@H]2COc3cc(O)cc(O)c3C2=O)cc1O
ZINC000001664037,COc1cc2oc(=O)ccc2cc1CC=C(C)C
ZINC000001665286,NC(=O)/C=C/c1ccccc1
ZINC000001667453,COc1cc(C[C@H]2COC(=O)[C@@]2(O)Cc2ccc(O)c(OC)c2)ccc1O
ZINC000001667454,COc1cc(C[C@H]2COC(=O)[C@]2(O)Cc2ccc(O)c(OC)c2)ccc1O
ZINC000001667643,COc1cc([C@@H]2OC[C@@H]3[C@H]2CO[C@H]3c2ccc(O)c(OC)c2)ccc1O
ZINC000001668160,COc1ccc([C@H]2OC[C@@H]3[C@@H](c4ccc(OC)c(OC)c4)OC[C@H]23)cc1OC
ZINC000001668225,COc1c2c(cc3oc(=O)ccc13)OC(C)(C)C=C2
ZINC000001668768,c1cc2c(cc1[C@H]1OC[C@@H]3[C@@H](c4ccc5c(c4)OCO5)OC[C@H]13)OCO2
ZINC000001668769,COc1cc([C@H]2c3cc(O)c(OC)cc3C[C@@](O)(CO)[C@@H]2CO)ccc1O
ZINC000001673419,CC(C)(O)C(=O)O
ZINC000001674393,CCCC#C/C=C1/C=CC(=O)O1
ZINC000001677289,N[C@H](CCC[C@@H](N)C(=O)O)C(=O)O
ZINC000001677782,CC(=O)OC/C=C/c1ccccc1
ZINC000001677825,O=C(/C=C/c1ccccc1)OC/C=C/c1ccccc1
ZINC000001678785,COc1ccc(C(C)=O)c(O)c1O
ZINC000001678992,N[C@H](CCCC(=O)O)C(=O)O
ZINC000001681500,COC(=O)C1=CO[C@@H](O)[C@@H]2C(CO)=CC[C@H]12
ZINC000001681513,COC1=CC(=O)C=C(OC)C1(O)CC(C)=O
ZINC000001683660,CC(=O)NCC(=O)O
ZINC000001684799,COc1cc2c(cc1OC)[C@@H]1C(=O)c3c(O)cc4c(c3O[C@@H]1CO2)C=CC(C)(C)O4
ZINC000001686158,O=C1C=CC[C@H](/C=C/c2ccccc2)O1
ZINC000001687273,COc1cc(C)c(C(=O)Oc2cc(C)c(C(=O)O)c(O)c2C)c(OC)c1C
ZINC000001689527,O=C1c2ccc(O)cc2O[C@H](c2ccc(O)c(O)c2)[C@H]1O
ZINC000001689533,O=C1c2ccc(O)cc2O[C@H](c2cc(O)c(O)c(O)c2)[C@H]1O
ZINC000001693386,OCCSCCO
ZINC000001693431,CCCCOC(=O)c1ccccc1C(=O)OCCCC
ZINC000001693559,CC[C@@H](O)C(=O)O
ZINC000001695218,O=C(CCCCc1ccccc1)c1ccccc1
ZINC000001697652,CCCCCCCCC(=O)NCc1ccc(O)c(OC)c1
ZINC000001699884,CC(=O)c1ccccc1O
ZINC000001702387,COC(=O)CCc1ccc(OC)cc1
ZINC000001702514,COc1ccc2c(=O)oc3c(OC)cc(CCN(C)C)c4c(=O)oc1c2c34
ZINC000001702656,O=CC[C@H](O)[C@H](O)CO
ZINC000001703459,COC1=CC(=O)O[C@@H](/C=C/c2ccccc2)C1
ZINC000001704590,O=C/C=C/c1ccccc1O
ZINC000001708422,CC1(C)Oc2ccc3ccc(=O)oc3c2[C@H](O)[C@H]1O
ZINC000001708423,CC1(C)Oc2ccc3ccc(=O)oc3c2[C@@H](O)[C@H]1O
ZINC000001708728,C=C(C)[C@@H]1CC[C@@]2(C)CCC(=O)C(C)=C2C1
ZINC000001709414,c1c2c(cc3c1OCO3)-c1cc3ccc4c(c3c[n+]1CC2)OCO4
ZINC000001711825,CC(C)c1cc2c(cc1O)[C@@]1(C)CCCC(C)(C)[C@@H]1CC2=O
ZINC000001713574,Nc1ncnc2c1ncn2[C@H]1C[C@H](O)[C@@H](COP(=O)(O)O)O1
ZINC000001714282,CC(C)CNC(=O)/C=C/C=C/c1ccc2c(c1)OCO2
ZINC000001718898,O=c1ccocc1O
ZINC000001719889,NC[C@@H](O)CC[C@@H](N)C(=O)O
ZINC000001719890,NC[C@H](O)CC[C@H](N)C(=O)O
ZINC000001719891,NC[C@H](O)CC[C@@H](N)C(=O)O
ZINC000001721693,Oc1ccc([C@H]2Oc3cc(O)cc(O)c3C[C@@H]2O)cc1
ZINC000001721694,Oc1ccc([C@H]2Oc3cc(O)cc(O)c3C[C@H]2O)cc1
ZINC000001723552,COc1ccc(-c2cc(=O)c3c(O)c(OC)c(OC)c(OC)c3o2)cc1
ZINC000001725698,CC(=O)O[C@H](CC=C(C)C)C1=CC(=O)c2c(O)ccc(O)c2C1=O
ZINC000001727527,c1cc2c(cnc3c4cc5c(cc4ccc23)OCO5)c2c1OCO2
ZINC000001730009,CC(C)=CCCC1=CC(=O)c2c(O)ccc(O)c2C1=O
ZINC000001730318,Cc1c(O)cc2c(c1O)C(=O)C[C@H](c1ccc(O)cc1)O2
ZINC000001747064,CC1(C)CC(=O)CC(C)(C)N1
ZINC000001747260,C/C=C/c1cc(OC)c(OC)c(OC)c1
ZINC000001755667,C=C(C)[C@H](O)[C@H](O)c1cc2ccc(=O)oc2cc1OC
ZINC000001755668,C=C(C)[C@@H](O)[C@H](O)c1cc2ccc(=O)oc2cc1OC
ZINC000001755670,C=C(C)[C@H](O)[C@@H](O)c1cc2ccc(=O)oc2cc1OC
ZINC000001755672,C=C(C)[C@@H](O)[C@@H](O)c1cc2ccc(=O)oc2cc1OC
ZINC000001755832,C=Cc1c(C)c(O)cc2c1-c1ccc(O)c(C)c1CC2
ZINC000001757340,O=c1ccc2cc(O)ccc2o1
ZINC000001758822,CC1=CC(=O)C=C(C)C1=O
ZINC000001761213,COc1c2ccc(-c3ccccc3)oc-2cc(=O)c1C
ZINC000001763468,COc1cc2oc(-c3ccc(O)cc3O)c(CC=C(C)C)c(=O)c2c(O)c1/C=C/C(C)C
ZINC000001841383,COc1cc(C(=O)CCO)ccc1O
ZINC000001843029,NC(=O)N[C@H]1NC(=O)NC1=O
ZINC000001843030,NC(=O)N[C@@H]1NC(=O)NC1=O
ZINC000001845692,COc1cc2oc(=O)ccc2cc1O
ZINC000001845974,O=C(O)Cc1ccc(O)cc1O
ZINC000001850002,CC/C=C/C[C@H]1C(=O)CC[C@@H]1CC(=O)OC
ZINC000001850029,CCC/C=C1/OC(=O)c2ccccc21
ZINC000001856356,COc1c(C(C)C)cc(O)c2c1CC[C@H]1C(C)=C(C(=O)O)CC[C@]21C
ZINC000001856361,CC1=C(C(=O)O)CC[C@]2(C)c3ccc(C(C)C)c(O)c3CC[C@@H]12
ZINC000001856365,CC1=C(C(=O)O)CC[C@]2(C)C3=C(CC[C@@H]12)C(=O)C(C(C)C)=CC3=O
ZINC000001858767,C=C[C@H](O)C#CC#C/C=C/[C@@H](O)CCCCCCC
ZINC000001858769,C=C[C@H](O)C#CC#C/C=C/[C@H](O)CCCCCCC
ZINC000001867781,COc1cc(C=O)cc2c1[nH]c1ccccc12
ZINC000001872131,CC(C)c1c(O)ccc2c1CC[C@H]1C(C)(C)CCC[C@]21C
ZINC000001886965,CC(C)=CCC[C@]1(C)C=Cc2c(c(C)cc3c2[nH]c2ccccc23)O1
ZINC000001996067,C[C@H]1CC[C@@H](C(C)(C)O)CC2=C1CC[C@@H]2C
ZINC000001997926,CCCCCc1ccco1
ZINC000002003946,COc1cc(/C=C/CO)cc(OC)c1OC
ZINC000002007969,COc1cc2c(cc1O)C[C@@H]1c3c(cc(OC)c(O)c3-2)CC[N+]1(C)C
ZINC000002008850,C=C(C)[C@H](CC=C(C)C)Cc1c(O)cc(O)c2c1O[C@H](c1ccc(O)cc1O)CC2=O
ZINC000002009569,COc1ccc(-c2cc(=O)c3c(O)c(C)c(OC)cc3o2)cc1-c1c(O)cc(O)c2c(=O)cc(-c3ccc(O)cc3)oc12
ZINC000002014578,CC(C)=CC[C@@H](OC(=O)C=C(C)C)C1=CC(=O)c2c(O)ccc(O)c2C1=O
ZINC000002015151,CC(C)=CC[C@H](O)C1=CC(=O)c2c(O)ccc(O)c2C1=O
ZINC000002015152,CC(C)=CC[C@@H](O)C1=CC(=O)c2c(O)ccc(O)c2C1=O
ZINC000002015811,COc1cc2c(cc1OC)-c1c(OC)c(OC)cc3c1[C@@H](C2)NCC3
ZINC000002018181,CC1(C)CCC[C@@]2(C)OC(=O)C=C12
ZINC000002020036,CC[C@@H]1C[C@@H]2CN3CCc4c([nH]c5cc(OC)c(OC)cc45)[C@@](C(=O)OC)(C2)[C@@H]13
ZINC000002020114,COc1cc(C[C@@H](CO)[C@H](CO)Cc2ccc(O)c(OC)c2)ccc1O
ZINC000002030111,COc1cc(O)c2c(c1)O[C@H](c1ccc(O)c(OC)c1)CC2=O
ZINC000002030112,COc1ccc([C@@H]2CC(=O)c3c(O)cc(OC)cc3O2)cc1
ZINC000002030715,COc1cc(O)c2c(c1)O[C@H](c1ccc(OC)c(O)c1)CC2=O
ZINC000002031138,Cn1ccc(=O)c(C#N)c1
ZINC000002033589,COc1cc([C@H]2Oc3cc([C@H]4Oc5cc(O)cc(O)c5C(=O)[C@@H]4O)ccc3O[C@@H]2CO)ccc1O
ZINC000002036789,C/C=C(\C)C(=O)OC/C=C(\C)CCC=C(C)C
ZINC000002039190,C[C@H](O)[C@H](O)c1ccccc1
ZINC000002039759,COc1cc([C@@H](O)[C@H](O)CO)ccc1O
ZINC000002039761,COc1cc([C@@H](O)[C@@H](O)CO)ccc1O
ZINC000002040431,CCCCCc1cc(O)cc(O)c1
ZINC000002040493,CC(=O)O[C@@H]1c2c(ccc3ccc(=O)oc23)OC(C)(C)[C@@H]1OC(=O)C=C(C)C
ZINC000002040970,C=C[C@](C)(O)CC/C=C(\C)CCC=C(C)C
ZINC000002041302,OC[C@@H](O)[C@@H](O)[C@H](O)[C@H](O)CO
ZINC000002047514,O=C1C(O)=Nc2ccccc21
ZINC000002048880,CC(C)=C1CC[C@]2(C)CCC[C@](C)(O)[C@H]2C1
ZINC000002077814,CCCCC[C@@H]1C(=O)CC[C@@H]1CC(=O)OC
ZINC000002077816,CCCCC[C@H]1C(=O)CC[C@@H]1CC(=O)OC
ZINC000002077817,CCCCC[C@@H]1C(=O)CC[C@H]1CC(=O)OC
ZINC000002077819,CCCCC[C@H]1C(=O)CC[C@H]1CC(=O)OC
ZINC000002083220,Cc1c(C)c2c(c(C)c1O)CC[C@](C)(CCC[C@@H](C)CCC[C@@H](C)CCCC(C)C)O2
ZINC000002083320,C=C1CC[C@H]2O[C@]2(C)CC[C@@H]2[C@@H]1CC2(C)C
ZINC000002083329,O=C1CCC[C@@H]2[C@H]3CCCN4CCC[C@@H](CN12)[C@@H]34
ZINC000002109876,C[C@H]1COC2=C1C(=O)C(=O)c1c2ccc2c1CCCC2(C)C
ZINC000002126370,CC(=O)O[C@H]1CC[C@@H]2C(=CC[C@H]3[C@@]2(C)CC[C@@]2(C)[C@@H]4CC(C)(C)CC[C@]4(C)CC[C@]32C)C1(C)C
ZINC000002138728,O=C(/C=C/c1ccc(O)c(O)c1)O[C@@H]1C[C@](O)(C(=O)O)C[C@@H](O)[C@H]1O
ZINC000002145015,COc1ccc2c(c1)O[C@H]1c3ccc(OC)cc3OC[C@@H]21
ZINC000002146356,CC1(C)[C@H]2CC[C@]1(C)[C@@H](OC(=O)c1ccc(O)cc1)C2
ZINC000002146973,COc1ccc([C@@H]2CC(=O)c3c(O)cc(O)cc3O2)cc1
ZINC000002154253,COc1ccc2ccc(=O)oc2c1C[C@@H]1OC1(C)C
ZINC000002166829,NC(=O)NCCC[C@@H](N)C(=O)O
ZINC000002169830,Nc1ncnc2c1ncn2[C@@H]1O[C@H](CO)[C@@H](O)[C@H]1O
ZINC000002242702,OCCCc1ccc(O)cc1
ZINC000002267806,CC(C)C1=CC2=CC[C@H]3[C@](C)(C(=O)O)CCC[C@]3(C)[C@H]2CC1
ZINC000002379217,OCCc1ccc(O)c(O)c1
ZINC000002386261,CCC/C=C1\OC(=O)C2=C1CCC=C2
ZINC000002392262,COc1cc(O)c2c(=O)cc(-c3ccccc3O)oc2c1OC
ZINC000002506675,O=C(O)c1cc2c(c3c1c([N+](=O)[O-])cc1ccc(O)cc13)OCO2
ZINC000002508224,N[C@@H](C=O)[C@@H](O)[C@H](O)[C@H](O)CO
ZINC000002516970,COc1cc2ccc(=O)oc2c(OC)c1OC
ZINC000002517162,C=CCSC[C@H](N)C(=O)O
ZINC000002522581,COc1cc(CNC(=O)CCCCCCC(C)C)ccc1O
ZINC000002528042,C[N+]1(C)CCC[C@H]1C(=O)O
ZINC000002529828,CC(C)=CCC/C(C)=C/COc1c2occc2cc2ccc(=O)oc12
ZINC000002539702,O=C1O[C@H](CO)[C@@H](O)[C@H](O)[C@H]1O
ZINC000002545077,CC(C)CCC[C@@H](C)[C@@H]1CC[C@H]2[C@@H]3CC[C@H]4C[C@@H](O)CC[C@]4(C)[C@H]3CC[C@]12C
ZINC000002545101,CC1(C)O[C@H]2[C@H](O)[C@@]3(COC(C)(C)O3)OC[C@H]2O1
ZINC000002548959,COc1c2occc2cc2ccc(=O)oc12
ZINC000002554900,COc1cc2c(cc1CC=C(C)C)C(=O)C[C@@H](c1ccc(O)cc1)O2
ZINC000002555297,C1=CC[C@@H](c2cccnc2)NC1
ZINC000002557432,CC(C)CCC[C@@H](C)[C@@H]1CC[C@H]2[C@@H]3CC=C4C[C@@H](O)CC[C@]4(C)[C@H]3CC[C@@]21C
ZINC000002558125,COC(=O)/C=C/c1cc(OC)c(O)c(OC)c1
ZINC000002558154,Cc1coc2c1C(=O)C(=O)c1c-2ccc2c(C)cccc12
ZINC000002558155,CC(C)c1ccc2c(c1O)CC[C@H]1C3=C(CC[C@]21C)C(=O)OC3
ZINC000002559362,COc1cc2c(cc1O)C[C@@H]1NCCc3cc(O)c(OC)c-2c31
ZINC000002559460,CC[C@H](CC[C@@H](C)[C@@H]1CC[C@H]2[C@@H]3CC=C4C[C@@H](O)CC[C@]4(C)[C@H]3CC[C@@]21C)C(C)C
ZINC000002561259,COc1cc(-c2coc3cc(O)cc(O)c3c2=O)ccc1O
ZINC000002561268,COc1ccc(-c2cc(=O)c3c(O)c(OC)c(OC)cc3o2)cc1
ZINC000002561270,COc1c(OC)c(O)c2c(=O)cc(-c3ccc(O)c(O)c3)oc2c1OC
ZINC000002561271,COc1cccc2c1C[C@@H]1c3c(cc4c(c3-2)OCO4)CCN1C
ZINC000002562219,CC(=O)N[C@H]1[C@@H](O)O[C@H](CO)[C@H](O)[C@@H]1O
ZINC000002563973,Cn1cnc(C[C@H](N)C(=O)O)c1
ZINC000002565773,COc1ccc2c(c1)OC[C@H]1c3ccc(O)cc3O[C@@H]21
ZINC000002566159,COc1ccc(-c2cc(=O)c3c(O)c(C)c(OC)c(C)c3o2)cc1
ZINC000002566165,COc1cc2ccc(=O)oc2c(O)c1OC
ZINC000002566243,COC1=CC(=O)c2ccccc2C1=O
ZINC000002566749,COC(=O)c1cc(O)c(OC)c(OC)c1
ZINC000002567912,C[C@H]1C[C@H](C)C(=O)[C@@H]([C@H](O)CC2CC(=O)NC(=O)C2)C1
ZINC000002567933,COc1cc(C=O)ccc1O
ZINC000002570135,CC(C)=CCc1cc(-c2coc3cc(O)ccc3c2=O)ccc1O
ZINC000002570158,CC(C)=CCc1cc2c(cc1O)OC[C@H]1c3ccc(O)c(CC=C(C)C)c3O[C@@H]21
ZINC000002572528,COc1cc(O)c2c(=O)c(-c3ccc(O)c(OC)c3)coc2c1
ZINC000002572532,C/C=C/C#CC#C/C=C/c1ccco1
ZINC000002572675,COC(=O)[C@@H](O)Cc1ccc(O)cc1
ZINC000002583632,Nc1ccn([C@@H]2O[C@H](CO)[C@@H](O)[C@H]2O)c(=O)n1
ZINC000002583633,O=c1ccn([C@@H]2O[C@H](CO)[C@@H](O)[C@H]2O)c(=O)[nH]1
ZINC000002584195,O=C(O)[C@H]1CSC(c2nc3ccc(O)cc3s2)=N1
ZINC000002585423,COc1cc(-c2oc3c(OC)c(OC)cc(OC)c3c(=O)c2OC)cc(OC)c1OC
ZINC000002585546,Cc1cccc2c3c(ccc12)C1=C(C(=O)C3=O)[C@@H](C)CO1
ZINC000002585551,CC(C)(O)[C@@H](O)COc1c2occc2cc2ccc(=O)oc12
ZINC000002585767,COc1ccc(-c2cc(=O)c3c(OC)cc(OC)c(OC)c3o2)cc1
ZINC000002597049,OC[C@H]1O[C@@H](O)[C@H](O)[C@@H](O)[C@H]1O
ZINC000002598090,COc1cc(C)c2c(=O)c(-c3ccccc3)coc2c1
ZINC000003008621,CCCC(CCC)C(=O)O
ZINC000003079336,CC(=O)OCC[N+](C)(C)C
ZINC000003079340,C[N+](C)(C)C[C@H](O)CC(=O)O
ZINC000003137564,CC(=O)N[C@@H](CC(N)=O)C(=O)O
ZINC000003159526,C=C1CCC[C@@]2(C)C[C@H]3OC(=O)C(=C)[C@H]3C[C@H]12
ZINC000003197535,COc1ccc(-c2cc(=O)c3c(O)cc(O)c(-c4cc(-c5cc(=O)c6c(O)cc(O)cc6o5)ccc4OC)c3o2)cc1
ZINC000003197732,COc1cc2ccc(=O)oc2c2ccoc12
ZINC000003197734,C=C(C)c1cc2cc(C(C)=O)c(O)cc2o1
ZINC000003201710,COc1c(O)ccc(C(C)=O)c1O
ZINC000003204049,COc1ccc(-c2cc(=O)c3c(O)cc(OC)c(-c4cc(-c5cc(=O)c6c(O)cc(O)cc6o5)ccc4OC)c3o2)cc1
ZINC000003204943,COc1ccc(/C=C/C(=O)N2CCCCC2)cc1OC
ZINC000003473319,COc1ccc2c(=O)c(-c3ccc(O)cc3O)coc2c1
ZINC000003473539,COc1ccc([C@@H]2COc3cc(OC)ccc3C2)c(O)c1
ZINC000003581355,CC[C@H](C)[C@H](N)C(=O)O
ZINC000003581471,OC[C@H]1O[C@H](O)[C@@H](O)[C@@H]1O
ZINC000003588957,COC(=O)[C@@H]1CCC(=O)N1
ZINC000003589203,CC(=O)N[C@@H](CS)C(=O)O
ZINC000003594417,CC(C)(Cl)[C@@H](O)COc1c2occc2cc2ccc(=O)oc12
ZINC000003594862,COc1ccc(-c2cc(=O)c3c(O)cc(O)c(-c4cc(-c5cc(=O)c6c(O)cc(OC)cc6o5)ccc4O)c3o2)cc1
ZINC000003596850,CC1=CCCC2=C[C@@H](OC2=O)c2c(C)coc2C1
ZINC000003598262,O=C1CC[C@H](C(=O)O)N1
ZINC000003598263,O=C1CC[C@@H](C(=O)O)N1
ZINC000003606246,C[C@@H]1O[C@@H](O)[C@@H](O)[C@H](O)[C@H]1O
ZINC000003606295,O[C@H]1OC[C@@H](O)[C@@H](O)[C@@H]1O
ZINC000003637160,COc1cc(O)c(CC=C(C)C)c2c1C(=O)C[C@@H](c1ccc(O)cc1)O2
ZINC000003640894,NC1=NC(=O)C2=NC=NC2=N1
ZINC000003641060,COC(=O)c1ccc2[nH]c3ccccc3c2c1
ZINC000003644165,CC(=O)O[C@H](CC(=O)O)C[N+](C)(C)C
ZINC000003644476,COC(=O)C1=CN[C@@H]2OC[C@]3(O)C=C[C@H]1[C@H]23
ZINC000003644791,O=C1C=C2C=C[C@@H]3C[C@@]2(O1)[C@@H]1CCCCN31
ZINC000003644819,COc1c(O)cc2c3c1-c1ccccc1C[C@H]3N(C)CC2
ZINC000003645145,CC(C)C[C@H](N)C(=O)O
ZINC000003647987,COc1cc(O)c2c(c1)CCC21CCC(O)CC1
ZINC000003648018,O=C1CC[C@H](O)N1
ZINC000003648020,O=C1CC[C@@H](O)N1
ZINC000003652723,O=Cc1cccc2c1CCOC2=O
ZINC000003775575,Cc1cc2c(C(C)C)c(O)c(O)c(C=O)c2c(O)c1-c1c(C)cc2c(C(C)C)c(O)c(O)c(C=O)c2c1O
ZINC000003777423,CCCCC/C=C\C/C=C\C/C=C\CCCCC(=O)O
ZINC000003779067,COc1ccc2cc3[n+](cc2c1OC)CCc1cc2c(cc1-3)OCO2
ZINC000003779261,COc1cc(/C=C/CO)cc(OC)c1O[C@@H]1O[C@H](CO)[C@@H](O)[C@H](O)[C@H]1O
ZINC000003780893,CCC(C)(C)C(=O)O[C@H]1C[C@@H](C)C=C2C=C[C@H](C)[C@H](CC[C@@H]3C[C@@H](O)CC(=O)O3)[C@H]21
ZINC000003782550,NCC(=O)CCC(=O)O
ZINC000003782680,COc1ccc2oc3cc(OC)c(OC)c(OC)c3c(=O)c2c1
ZINC000003782686,COc1cc2c(=O)c3c(O)c(OC)c(O)cc3oc2cc1O
ZINC000003785416,CC1(C)CC[C@]2(C(=O)O)CC[C@]3(C)C(=CC[C@@H]4[C@@]5(C)CC[C@H](O)C(C)(C)[C@@H]5CC[C@]43C)[C@@H]2C1
ZINC000003788703,OCC(CO)N[C@H]1C[C@](O)(CO)[C@@H](O)[C@H](O)[C@H]1O
ZINC000003791931,CC(C)=CCC/C(C)=C/CC/C(C)=C/CC[C@]1(C)CCc2cc(O)cc(C)c2O1
ZINC000003792789,CC1=C(/C=C/C(C)=C/C=C/C(C)=C\C(=O)O)C(C)(C)CCC1
ZINC000003793840,CC(=O)N[C@@H]1[C@@H](O)C[C@@](O)(C(=O)O)O[C@H]1[C@H](O)[C@H](O)CO
ZINC000003794714,OC[C@H]1NC[C@H](O)[C@@H](O)[C@@H]1O
ZINC000003795098,Nc1ccn([C@@H]2O[C@H](CO)[C@@H](O)[C@@H]2O)c(=O)n1
ZINC000003795819,O=C1c2cccc3c2[C@H](CCC3)CN1[C@@H]1CN2CCC1CC2
ZINC000003799118,COc1cc2c(c(OC)c1OC)-c1c(cc(OC)c(OC)c1OC)C[C@](C)(O)[C@@H](C)C2
ZINC000003802189,CC/C=C\C/C=C\C/C=C\CCCCCCCC(=O)O
ZINC000003807917,C[C@]12CC[C@H]3[C@@H](CC=C4C[C@@H](O)CC[C@@]43C)[C@@H]1CCC2=O
ZINC000003809490,NCCS(=O)(=O)O
ZINC000003809582,Cc1cc(O)c2c(c1C=O)O[C@]1(C2)[C@H](C)CC[C@H]2C(C)(C)[C@H](O)CC[C@@]21C
ZINC000003812685,CC1=CCC[C@@H]2[C@@](C)(CCC3=CC(=O)O[C@H]3O)[C@H](C)CC[C@@]12C
ZINC000003812841,CC[C@H](C)C(=O)O[C@H]1C[C@@H](C)C=C2C=C[C@H](C)[C@H](CC[C@@H]3C[C@@H](O)CC(=O)O3)[C@H]21
ZINC000003812842,CC(=O)Oc1cccc2c1C(=O)c1c(OC(C)=O)cc(C(=O)O)cc1C2=O
ZINC000003812897,C#C[C@]1(O)CC[C@H]2[C@@H]3CCc4cc(O)ccc4[C@H]3CC[C@@]21C
ZINC000003814395,C#C[C@]1(O)CC[C@H]2[C@@H]3CCC4=CC(=O)CC[C@@H]4[C@H]3CC[C@@]21CC
ZINC000003814434,CN[C@@H]1C[C@H]2O[C@@](C)([C@@H]1OC)n1c3ccccc3c3c4c(c5c6ccccc6n2c5c31)C(=O)NC4
ZINC000003815415,C[C@]12CC[C@@H]3c4ccc(O)cc4CC[C@H]3[C@@H]1CC[C@H]2O
ZINC000003815418,C[C@]12CC[C@@H]3c4ccc(O)cc4CC[C@H]3[C@@H]1C[C@@H](O)[C@@H]2O
ZINC000003818826,COc1cc2c(cc1O)CC[C@@H]1[C@@H]2CC[C@]2(C)[C@@H](O)CC[C@@H]12
ZINC000003824868,Cc1cc(O)c2c(c1)C(=O)c1cc(O)cc(O)c1C2=O
ZINC000003830218,CC1(C)S[C@@H]2[C@H](NC(=O)[C@H](N)c3ccccc3)C(=O)N2[C@H]1C(=O)O
ZINC000003830264,C[C@H]1[C@H](NC(=O)/C(=N\OC(C)(C)C(=O)O)c2csc(N)n2)C(=O)N1S(=O)(=O)O
ZINC000003830679,OC[C@H]1O[C@@H](O)[C@@H](O)[C@@H](O)[C@@H]1O
ZINC000003830878,OC[C@]1(O)OC[C@@H](O)[C@H](O)[C@@H]1O
ZINC000003830891,N[C@@H](CCC(=O)N[C@@H](CS)C(=O)NCC(=O)O)C(=O)O
ZINC000003830897,O=P(O)(O)OC(CO)CO
ZINC000003830993,N[C@@H](Cc1cc(I)c(Oc2cc(I)c(O)c(I)c2)c(I)c1)C(=O)O
ZINC000003830999,N[C@@H](Cc1cc(I)c(Oc2ccc(O)c(I)c2)c(I)c1)C(=O)O
ZINC000003831031,CC(C)[C@H]1CC[C@@H](C)C[C@H]1O
ZINC000003831282,CC1(C)S[C@@H]2[C@H](NC(=O)COc3ccccc3)C(=O)N2[C@H]1C(=O)O
ZINC000003831332,CC1=C(C/C=C(\C)CCC[C@H](C)CCC[C@H](C)CCCC(C)C)C(=O)c2ccccc2C1=O
ZINC000003831404,C=C[C@H]1CN2CC[C@H]1C[C@H]2[C@H](O)c1ccnc2ccc(OC)cc12
ZINC000003831405,C=C[C@H]1CN2CC[C@H]1C[C@@H]2[C@@H](O)c1ccnc2ccc(OC)cc12
ZINC000003832269,Nc1ncnc2c1ccn2[C@@H]1O[C@H](CO)[C@@H](O)[C@H]1O
ZINC000003833800,OC[C@H]1O[C@@H](O)[C@H](O)[C@@H](O)[C@@H]1O
ZINC000003833876,CC[C@H](C)C(=O)O[C@H]1CCC=C2C=C[C@H](C)[C@H](CC[C@@H]3C[C@@H](O)CC(=O)O3)[C@H]21
ZINC000003842487,COc1ccc([C@@]23Oc4cc(OC)cc(OC)c4[C@]2(O)c2nc4n(c(=O)c2[C@H]3c2ccccc2)CCC4)cc1
ZINC000003847491,O=C1c2ccccc2C(=O)c2ccccc21
ZINC000003847505,OCc1ccccc1O[C@@H]1O[C@H](CO)[C@@H](O)[C@H](O)[C@H]1O
ZINC000003860156,Nc1ncnc2c1ncn2[C@@H]1O[C@H](COP(=O)(O)O)[C@@H](O)[C@H]1O
ZINC000003860202,O[C@H]1CO[C@H](O)[C@H](O)[C@H]1O
ZINC000003860283,CC(C)CCC[C@@H](C)[C@H]1CC[C@H]2[C@@H]3CC[C@H]4CC(=O)CC[C@]4(C)[C@H]3CC[C@@]21C
ZINC000003860325,CC(C)CCC[C@@H](C)[C@H]1CC[C@H]2C3=CC=C4C[C@@H](O)CC[C@]4(C)[C@H]3CC[C@@]21C
ZINC000003860369,O=C1c2cccc(O)c2C(=O)c2c(O)cccc21
ZINC000003860432,CCCC[C@H](CC)COC(=O)c1ccccc1C(=O)OC[C@H](CC)CCCC
ZINC000003860433,CCCC[C@H](CC)COC(=O)c1ccccc1C(=O)OC[C@@H](CC)CCCC
ZINC000003860434,CCCC[C@@H](CC)COC(=O)c1ccccc1C(=O)OC[C@H](CC)CCCC
ZINC000003860441,O=c1ccc2cc(O[C@@H]3O[C@H](CO)[C@@H](O)[C@H](O)[C@H]3O)c(O)cc2o1
ZINC000003860468,N[C@H]1[C@H](O)O[C@H](CO)[C@@H](O)[C@@H]1O
ZINC000003860469,N[C@H]1[C@@H](O)O[C@H](CO)[C@@H](O)[C@@H]1O
ZINC000003860715,C=C(C)[C@H]1Cc2c(ccc3c2O[C@@H]2COc4cc(OC)c(OC)cc4[C@@H]2C3=O)O1
ZINC000003860720,O=C(O)C1=C[C@@H](O)[C@@H](O)[C@H](O)C1
ZINC000003860823,O=c1c2ccccc2oc2ccccc12
ZINC000003860825,COC(=O)[C@H]1[C@@H](O)CC[C@H]2CN3CCc4c([nH]c5ccccc45)[C@@H]3C[C@@H]21
ZINC000003860869,C[C@H](CCC(=O)O)[C@H]1CC[C@H]2[C@@H]3C(=O)C[C@@H]4CC(=O)CC[C@]4(C)[C@H]3CC(=O)[C@@]21C
ZINC000003860903,OC[C@H]1O[C@H](O)[C@@H](O)[C@@H](O)[C@@H]1O
ZINC000003860956,C[C@]12CC[C@H]3[C@@H](CCC4=CC(=O)CC[C@@]43C)[C@@H]1CC[C@]2(O)C(=O)CO
ZINC000003860973,O=C1c2ccccc2C(=O)c2c1ccc(O)c2O
ZINC000003861087,C/C(=C\CO)CCC[C@H](C)CCC[C@H](C)CCCC(C)C
ZINC000003861088,C/C(=C\CO)CCC[C@H](C)CCC[C@@H](C)CCCC(C)C
ZINC000003861089,C/C(=C\CO)CCC[C@@H](C)CCC[C@H](C)CCCC(C)C
ZINC000003861090,C/C(=C\CO)CCC[C@@H](C)CCC[C@@H](C)CCCC(C)C
ZINC000003861150,CC(=O)[C@H]1CC[C@H]2[C@@H]3CC=C4C[C@@H](O)CC[C@]4(C)[C@H]3CC[C@]12C
ZINC000003861169,CC(=O)O[C@H]1CC[C@@]2(C)C(=CC[C@@H]3[C@@H]2CC[C@@]2(C)[C@H]3CC[C@@H]2[C@H](C)CCCC(C)C)C1
ZINC000003861213,OC[C@H]1O[C@H](O)[C@H](O)[C@@H](O)[C@@H]1O
ZINC000003861280,C[C@@H]1O[C@@H](O)[C@H](O)[C@H](O)[C@H]1O
ZINC000003861281,C[C@@H]1O[C@H](O)[C@H](O)[C@H](O)[C@H]1O
ZINC000003861379,CC(=O)OCC1=C(C(=O)O)N2C(=O)[C@@H](N)[C@H]2SC1
ZINC000003861538,C=C(C)[C@@H]1CC=C(CO)CC1
ZINC000003861630,Cc1cc(O)c2c(c1)C(=O)c1cccc(O)c1C2=O
ZINC000003861661,C[C@]12CC[C@H]3[C@@H](CC[C@H]4C[C@@H](O)CC[C@@]43C)[C@@H]1CCC2=O
ZINC000003861695,CC(C)[C@H]1CC[C@@H](C)C[C@@H]1O
ZINC000003861723,N[C@@H](Cc1cc(I)c(O)c(I)c1)C(=O)O
ZINC000003861733,CC(=O)N[C@H]1[C@H](O)O[C@H](CO)[C@H](O)[C@@H]1O
ZINC000003861734,O=C1O[C@@H]2[C@@H](O)[C@@H](O)O[C@@H]2[C@@H]1O
ZINC000003861735,O=C1O[C@H]2[C@H](O[C@@H](O)[C@@H]2O)[C@@H]1O
ZINC000003861744,Nc1ccn([C@@H]2O[C@H](COP(=O)(O)O)[C@@H](O)[C@H]2O)c(=O)n1
ZINC000003861759,Nc1ccn([C@H]2C[C@H](O)[C@@H](COP(=O)(O)O)O2)c(=O)n1
ZINC000003861770,CN(CC(=O)O)C(=N)N
ZINC000003861806,COc1cc([C@@H]2c3cc4c(cc3[C@H](O)[C@H]3COC(=O)[C@H]23)OCO4)cc(OC)c1OC
ZINC000003869280,N[C@@H](COP(=O)(O)O)C(=O)O
ZINC000003869281,N[C@H](COP(=O)(O)O)C(=O)O
ZINC000003869608,O=C(/C=C/c1ccc(O)cc1)c1ccc(O)cc1O
ZINC000003869685,O=c1c(O)c(-c2ccc(O)c(O)c2)oc2cc(O)cc(O)c12
ZINC000003869741,O=C(O)CP(=O)(O)O
ZINC000003869768,O=c1c(O)c(-c2ccc(O)cc2)oc2cc(O)cc(O)c12
ZINC000003869774,CN(CC(=O)O)/C(N)=N/P(=O)(O)O
ZINC000003869850,O=C1C[C@@H](C(=O)O)NC(=O)N1
ZINC000003869855,O=c1oc2ccccc2c(O)c1Cc1c(O)c2ccccc2oc1=O
ZINC000003869891,CC1=NCC[C@H](C(=O)O)N1
ZINC000003870056,CC(C)=CCC[C@@H](C)[C@H]1CC[C@@]2(C)C3=C(CC[C@]12C)[C@@]1(C)CC[C@H](O)C(C)(C)[C@@H]1CC3
ZINC000003870129,N[C@@H](CCC(=O)N[C@@H](CSSC[C@H](NC(=O)CC[C@H](N)C(=O)O)C(=O)NCC(=O)O)C(=O)NCC(=O)O)C(=O)O
ZINC000003870145,C=C(OP(=O)(O)O)C(=O)O
ZINC000003870166,NCCOP(=O)(O)O
ZINC000003870336,Oc1cc(O)c2c(c1)O[C@H](c1cc(O)c(O)c(O)c1)[C@H](O)C2
ZINC000003870338,Oc1cc(O)c2c(c1)O[C@H](c1cc(O)c(O)c(O)c1)[C@@H](O)C2
ZINC000003870412,O=C(O[C@@H]1Cc2c(O)cc(O)cc2O[C@@H]1c1cc(O)c(O)c(O)c1)c1cc(O)c(O)c(O)c1
ZINC000003870413,O=C(O[C@@H]1Cc2c(O)cc(O)cc2O[C@H]1c1cc(O)c(O)c(O)c1)c1cc(O)c(O)c(O)c1
ZINC000003870414,O=C(O[C@H]1Cc2c(O)cc(O)cc2O[C@@H]1c1cc(O)c(O)c(O)c1)c1cc(O)c(O)c(O)c1
ZINC000003870887,COc1c(O)cc2oc(-c3ccc(O)cc3)c(OC)c(=O)c2c1O
ZINC000003871358,COc1ccc(-c2cc(=O)c3c(O)cc(O)cc3o2)cc1
ZINC000003871494,Cc1c(C)c2c(c(C)c1O)CC[C@](C)(CCC[C@H](C)CCC[C@@H](C)CCCC(C)C)O2
ZINC000003871576,O=c1cc(-c2ccc(O)cc2)oc2cc(O)cc(O)c12
ZINC000003871633,O=c1cc(-c2ccccc2)oc2cc(O)c(O)c(O)c12
ZINC000003871701,CC1(C)S[C@@H]2[C@H](NC(=O)Cc3ccccc3)C(=O)N2[C@H]1C(=O)O
ZINC000003871891,CC(C)c1cc2c(c(O)c1O)[C@@]13CCCC(C)(C)[C@@H]1C[C@@H]2OC3=O
ZINC000003872044,COc1ccc2c(c[n+](C)c3c4cc5c(cc4ccc23)OCO5)c1OC
ZINC000003872070,O=c1cc(-c2ccccc2)oc2cc(O)cc(O)c12
ZINC000003872170,C[C@H]1C[C@H](C)C(=O)[C@H]([C@H](O)CC2CC(=O)NC(=O)C2)C1
ZINC000003872206,COc1c(C=O)c(O)cc2c1C(=O)c1ccccc1C2=O
ZINC000003872446,O=c1oc2c(O)c(O)cc3c(=O)oc4c(O)c(O)cc1c4c23
ZINC000003873071,CC(C)=CCC1=C(O)C(=O)c2ccccc2C1=O
ZINC000003873123,C=CC(C)(C)c1cc(/C=C/C(=O)c2ccc(O)cc2)c(OC)cc1O
ZINC000003873194,CC(C)=CCC/C(C)=C/Cc1c(O)c(C)cc2c1[nH]c1ccccc12
ZINC000003873977,Nc1ncnc2c1ncn2[C@@H]1O[C@@H]2CO[P@](=O)(O)O[C@H]2[C@H]1O
ZINC000003874199,CC(C)=CCC/C(C)=C/CC/C(C)=C/CC/C(C)=C/CC1=C(C)C(=O)c2ccccc2C1=O
ZINC000003874317,O=c1c(O)c(-c2cc(O)c(O)c(O)c2)oc2cc(O)cc(O)c12
ZINC000003874604,CC(C)(CO)[C@@H](O)C(=O)NCCC(=O)NCCSSCCNC(=O)CCNC(=O)[C@H](O)C(C)(C)CO
ZINC000003874857,CC(=O)OC/C=C(C)/C=C/C=C(C)/C=C/C1=C(C)CCCC1(C)C
ZINC000003875334,CC(=O)OCC(=O)[C@@]1(O)CC[C@H]2[C@@H]3CCC4=CC(=O)CC[C@]4(C)[C@H]3C(=O)C[C@@]21C
ZINC000003875374,O=P(O)(O)OC[C@H]1O[C@@H](O)[C@H](O)[C@@H](O)[C@@H]1O
ZINC000003875375,O=P(O)(O)OC[C@H]1O[C@H](O)[C@H](O)[C@@H](O)[C@@H]1O
ZINC000003875383,CC(C)CCC[C@@H](C)[C@H]1CC[C@H]2[C@@H]3CC=C4C[C@@H](O)CC[C@]4(C)[C@H]3CC[C@@]21C
ZINC000003875407,Cc1c([C@H](C)[C@@H]2NC[C@@H](C)C[C@H]2O)ccc2c1C[C@H]1[C@H]2CC=C2C[C@@H](O)CC[C@@]21C
ZINC000003875408,O=C(CCc1ccc(O)cc1)c1c(O)cc(O)cc1O[C@@H]1O[C@H](CO)[C@@H](O)[C@H](O)[C@H]1O
ZINC000003875985,Cc1cc(O)c(C)c2c1O[C@](C)(CCC[C@H](C)CCC[C@H](C)CCCC(C)C)CC2
ZINC000003881344,C=C[C@](C)(O)CC[C@@H]1[C@@]2(C)CCCC(C)(C)[C@@H]2CC[C@@]1(C)O
ZINC000003881372,O[C@H]1C=C2CCN3Cc4cc5c(cc4[C@H]([C@@H]1O)[C@@H]23)OCO5
ZINC000003881445,CC1=CC(=O)CC(C)(C)C1=O
ZINC000003881558,O=c1c(O)c(-c2ccc(O)cc2O)oc2cc(O)cc(O)c12
ZINC000003881635,C#C[C@]1(O)CC[C@H]2[C@@H]3CCC4=CC(=O)CC[C@]4(C)[C@H]3CC[C@@]21C
ZINC000003881649,CC1=CC(=O)C2=C(C)C[C@H](O)[C@H]3[C@H](C)C(=O)O[C@@H]3[C@@H]12
ZINC000003881680,C=C[C@H]1CN2CC[C@H]1C[C@@H]2[C@@H](O)c1ccnc2ccccc12
ZINC000003881689,CC1=C2[C@H]3OC(=O)[C@@H](C)[C@@H]3CC[C@@]2(C)C=CC1=O
ZINC000003881784,O=C1C=CC[C@@H]2[C@H]3CCCN4CCC[C@@H](CN12)[C@@H]34
ZINC000003881785,O=C1CCC[C@@H]2[C@H]3CCCN4CCC[C@H](CN12)[C@@H]34
ZINC000003881790,OCc1ccc(O[C@@H]2O[C@H](CO)[C@@H](O)[C@H](O)[C@H]2O)cc1
ZINC000003881797,C=C1CC[C@H]2[C@@](C)(CC[C@@H](O)[C@@]2(C)CO)[C@@H]1C/C=C1/C(=O)OC[C@H]1O
ZINC000003881871,C/C=C1/CN2CC[C@]34C(=C(C=O)[C@H]1C[C@H]23)Nc1ccccc14
ZINC000003881905,C=C1C(=O)O[C@@H]2C[C@@]3(C)CCC[C@H](C)C3=C[C@H]12
ZINC000003882003,C=C1C(=O)O[C@@H]2C[C@@]3(C)CCCC(=C)[C@@H]3C[C@H]12
ZINC000003882101,COC(=O)C1=CO[C@@H](O[C@@H]2O[C@H](CO)[C@@H](O)[C@H](O)[C@H]2O)[C@@H]2C(CO)=CC[C@H]12
ZINC000003882527,C=C1CC[C@@H]2[C@](C)(CO)[C@H](O)CC[C@@]2(C)[C@@H]1/C=C/C1=CCOC1=O
ZINC000003896824,O=C(O)c1ccc2c(c1)C(=O)c1ccccc1C2=O
ZINC000003897049,C=C1C(=O)O[C@@H]2C[C@]3(C)CCCC(=C)[C@@H]3C[C@@H]12
ZINC000003914808,C[C@H](CCC(=O)O)[C@H]1CC[C@H]2[C@H]3[C@H](CC[C@@]21C)[C@@]1(C)CC[C@@H](O)C[C@H]1C[C@H]3O
ZINC000003914809,C[C@H](CCC(=O)O)[C@H]1CC[C@H]2[C@@H]3[C@@H](O)C[C@@H]4C[C@H](O)CC[C@]4(C)[C@H]3CC[C@@]21C
ZINC000003914810,C[C@H](CCC(=O)O)[C@H]1CC[C@H]2[C@@H]3CC[C@@H]4C[C@H](O)CC[C@]4(C)[C@H]3C[C@H](O)[C@@]21C
ZINC000003914813,C[C@H](CCC(=O)NCCS(=O)(=O)O)[C@H]1CC[C@H]2[C@@H]3[C@@H](O)C[C@@H]4C[C@H](O)CC[C@]4(C)[C@H]3CC[C@@]21C
ZINC000003915684,O=C(/C=C/c1ccc(O)c2c1[C@H](C(=O)O[C@H](Cc1ccc(O)c(O)c1)C(=O)O)[C@@H](c1ccc(O)c(O)c1)O2)O[C@H](Cc1ccc(O)c(O)c1)C(=O)O
ZINC000003917708,COc1cccc2c1C(=O)c1c(O)c3c(c(O)c1C2=O)C[C@@](O)(C(C)=O)C[C@@H]3O[C@H]1C[C@H](N)[C@H](O)[C@H](C)O1
ZINC000003918087,COc1cccc2c1C(=O)c1c(O)c3c(c(O)c1C2=O)C[C@@](O)(C(=O)CO)C[C@@H]3O[C@H]1C[C@H](N)[C@H](O)[C@H](C)O1
ZINC000003918156,C[C@H](CCC(=O)O)[C@H]1CC[C@H]2[C@@H]3CC[C@@H]4C[C@H](O)CC[C@]4(C)[C@H]3CC[C@@]21C
ZINC000003918159,C[C@H](CCC(=O)O)[C@H]1CC[C@H]2[C@@H]3C[C@H](O)[C@@H]4C[C@H](O)CC[C@]4(C)[C@H]3CC[C@@]21C
ZINC000003918304,COc1cc(/C=C/C(=O)O[C@H]2[C@H](O)[C@@H](CO)O[C@@]2(CO)O[C@H]2O[C@H](COC(=O)c3ccc(O)cc3)[C@@H](O)[C@H](O)[C@H]2O)cc(OC)c1OC
ZINC000003925823,CC(C)=CCc1c(O)ccc(C(=O)/C=C/c2ccc(O)cc2)c1O
ZINC000003933037,CC(C)=CCC/C(C)=C/CC[C@@]1(C)C=Cc2c(cc(C)c(C(=O)O)c2O)O1
ZINC000003933041,CC(C)=CCC[C@]1(C)C=Cc2c(O)c3c(c(CC=C(C)C)c2O1)O[C@]12C(=C[C@@H]4C[C@H]1C(C)(C)O[C@@]2(C/C=C(/C)C(=O)O)C4=O)C3=O
ZINC000003934761,O=C1C[C@@H](c2cc(O)c(O)c(O[C@@H]3O[C@H](CO)[C@@H](O)[C@H](O)[C@H]3O)c2)Oc2cc(O)cc(O)c21
ZINC000003935371,Oc1ccc([C@H]2Oc3cc(O)cc4c3[C@@H]2c2cc(O)cc3c2[C@@H](c2cc(O)cc5c2[C@@H]4[C@H](c2ccc(O)cc2)O5)[C@H](c2ccc(O)cc2)O3)cc1
ZINC000003938642,CC(C)[C@H](NC(=O)[C@H](CC(=O)O)NC(=O)[C@H](CCCCN)NC(=O)[C@@H](N)CCCNC(=N)N)C(=O)N[C@@H](Cc1ccc(O)cc1)C(=O)O
ZINC000003938684,COc1cc([C@@H]2c3cc4c(cc3[C@@H](O[C@@H]3O[C@@H]5CO[C@@H](C)O[C@H]5[C@H](O)[C@H]3O)[C@H]3COC(=O)[C@H]23)OCO4)cc(OC)c1O
ZINC000003941107,CC1(C)CC[C@]2(C(=O)O)CC[C@]3(C)C(=CC[C@@H]4[C@@]5(C)C[C@@H](O)[C@H](O)C(C)(C)[C@@H]5CC[C@]43C)[C@H]2C1
ZINC000003943903,O=C(O)[C@H]1O[C@@H](Oc2cc3oc(-c4ccccc4)cc(=O)c3c(O)c2O)[C@H](O)[C@@H](O)[C@@H]1O
ZINC000003946009,CC1(C)CC[C@]2(C(=O)O)CC[C@]3(C)C(=CC[C@@H]4[C@@]5(C)CC[C@H](O)[C@@](C)(CO)[C@@H]5CC[C@]43C)[C@@H]2C1
ZINC000003947550,C=C[C@@]1(C)C=C2CC[C@H]3[C@](C)(C(=O)O)CCC[C@]3(C)[C@H]2CC1
ZINC000003954528,C[C@@H]1O[C@H](O)[C@@H](O)[C@H](O)[C@H]1O
ZINC000003958177,COc1cc(=O)n(C)c2ccccc12
ZINC000003960893,COc1ccc(-c2oc3c(CC=C(C)C)c(O[C@@H]4O[C@H](CO)[C@@H](O)[C@H](O)[C@H]4O)cc(O)c3c(=O)c2O[C@@H]2O[C@@H](C)[C@H](O)[C@@H](O)[C@H]2O)cc1
ZINC000003964578,CC1(C)CC[C@]2(CO)CC[C@]3(C)C(=CC[C@@H]4[C@@]5(C)CC[C@H](O)C(C)(C)[C@@H]5CC[C@]43C)[C@@H]2C1
ZINC000003964583,CC(=O)O[C@H]1CC[C@@]2(C)[C@@H](CC[C@]3(C)[C@@H]2CC=C2[C@@H]4CC(C)(C)CC[C@]4(C(=O)O)CC[C@]23C)C1(C)C
ZINC000003973253,O=c1c(O[C@@H]2O[C@H](CO)[C@H](O)[C@H](O)[C@H]2O)c(-c2ccc(O)c(O)c2)oc2cc(O)cc(O)c12
ZINC000003974478,CC(C)=CCc1c(O)c(C)c(O)c2c1O[C@H](c1ccc(O)cc1)CC2=O
ZINC000003974648,CCC[C@@H](CCCCCCCc1cc(O)cc(O)c1C(=O)O[C@H](CCC)CCCCCCCc1cc(O)cc(O)c1)OC(C)=O
ZINC000003974649,CCC[C@@H](O)CCCCCCCc1cc(O)cc(O)c1C(=O)O[C@H](CCC)CCCCCCCc1cc(O)cc(O)c1
ZINC000003977737,CN(N=O)C(=O)N[C@H]1[C@@H](O)O[C@H](CO)[C@@H](O)[C@@H]1O
ZINC000003977779,C=C[C@@]1(C)CC(=O)[C@@]2(O)[C@](C)(O1)[C@@H](OC(C)=O)[C@@H](O)[C@H]1C(C)(C)CC[C@H](O)[C@@]12C
ZINC000003977785,COC(=O)[C@@H]1[C@@H](O)CC[C@@H]2CN3CCc4c([nH]c5ccccc45)[C@@H]3C[C@@H]21
ZINC000003977869,CC1(C)[C@@H](O)CC[C@@]2(C)[C@H]1CC[C@]1(C)[C@@H]2C(=O)C=C2[C@H]3C[C@@](C)(C(=O)O)CC[C@]3(C)CC[C@]21C
ZINC000003977879,C[C@H](CCC(=O)O)[C@H]1CC[C@H]2[C@@H]3[C@H](CC[C@@]21C)[C@@]1(C)CC[C@@H](O)C[C@H]1C[C@H]3O
ZINC000003977899,CC[C@H]1CN2CC[C@H]1C[C@@H]2[C@@H](O)c1ccnc2ccc(OC)cc12
ZINC000003977904,C[C@H](CCC(=O)O)[C@H]1CC[C@H]2[C@H]3[C@@H](O)C[C@@H]4C[C@H](O)CC[C@]4(C)[C@H]3CC[C@@]21C
ZINC000003977952,OC[C@H]1O[C@](O)(CO)[C@@H](O)[C@@H]1O[C@@H]1O[C@H](CO)[C@H](O)[C@H](O)[C@H]1O
ZINC000003978153,C[C@H]([C@@H]1CC[C@]2(C)C3=CC[C@H]4C(C)(C)C(=O)CC[C@]4(C)[C@H]3CC[C@@]12C)[C@H]1OC(C)(C)[C@@H](O)[C@H]1O
ZINC000003978270,CC1(C)CC[C@]2(C)CC[C@]3(C)C(=CC[C@@H]4[C@@]5(C)CC[C@H](O)C(C)(C)[C@@H]5CC[C@]43C)[C@@H]2C1
ZINC000003978463,COc1cc(-c2coc3cc(O[C@@H]4O[C@H](CO)[C@@H](O)[C@H](O)[C@H]4O)c(OC)c(O)c3c2=O)cc(O)c1OC
ZINC000003978503,O=C(O[C@@H]1Cc2c(O)cc(O)cc2O[C@@H]1c1ccc(O)c(O)c1)c1cc(O)c(O)c(O)c1
ZINC000003978546,COc1cc(O)c(C(=O)c2ccccc2)cc1O
ZINC000003978626,C[C@@H]1CC[C@H]2C(C)(C)[C@H]3C[C@]21CC[C@@]3(C)O
ZINC000003978649,C=C(C)[C@@H]1CC[C@]2(CO)CC[C@]3(C)[C@H](CC[C@@H]4[C@@]5(C)CC[C@H](O)C(C)(C)[C@@H]5CC[C@]43C)[C@H]12
ZINC000003978650,C=C(C)[C@@H]1CC[C@]2(CO)CC[C@]3(C)[C@H](CC[C@@H]4[C@@]5(C)CC[C@H](O)C(C)(C)[C@@H]5CC[C@]43C)[C@@H]12
ZINC000003978792,COC(=O)C1=CO[C@@H](O[C@@H]2O[C@H](CO)[C@@H](O)[C@H](O)[C@H]2O)[C@H]2[C@@H]1C[C@H](O)[C@@H]2C
ZINC000003978794,COc1cc(O)c2c(c1)C(=O)c1cc(C)cc(O)c1C2=O
ZINC000003978795,C[C@H]1[C@@H](O)C[C@@H]2C(C(=O)O)=CO[C@@H](O[C@@H]3O[C@H](CO)[C@@H](O)[C@H](O)[C@H]3O)[C@@H]21
ZINC000003978797,C[C@@H]1[C@H]2C3=CC[C@@H]4[C@@]5(C)CC[C@H](O)C(C)(C)[C@@H]5CC[C@@]4(C)[C@]3(C)CC[C@@]2(CO)CC[C@H]1C
ZINC000003978800,C[C@@H]1O[C@@H](O[C@H]2[C@H](Oc3cc(O)c4c(=O)cc(-c5ccc(O)cc5)oc4c3)O[C@H](CO)[C@@H](O)[C@@H]2O)[C@H](O)[C@H](O)[C@H]1O
ZINC000003978820,CC(=O)Oc1cc(OC(C)=O)c2c(c1)O[C@H](c1ccc(OC(C)=O)c(OC(C)=O)c1)[C@@H](OC(C)=O)C2
ZINC000003978827,C[C@@H]1[C@H]2C3=CC[C@@H]4[C@@]5(C)CC[C@H](O)C(C)(C)[C@@H]5CC[C@@]4(C)[C@]3(C)CC[C@@]2(C(=O)O)CC[C@H]1C
ZINC000003978987,COc1cc2c(cc1OC)[C@@H]1C(=O)c3ccc4c(c3O[C@@H]1CO2)C=CC(C)(C)O4
ZINC000003979028,COc1ccc(-c2cc(=O)c3c(O)cc(O)cc3o2)cc1-c1c(O)cc(O)c2c(=O)cc(-c3ccc(O)cc3)oc12
ZINC000003979037,O=c1c2ccccc2oc2ccc(O)cc12
ZINC000003979155,CC[C@@]1(O)C(=O)OCc2c1cc1n(c2=O)Cc2cc3cc(O)ccc3nc2-1
ZINC000003980114,CC(C)=C[C@@H]1Oc2cc(O)ccc2-c2oc3cc(O)cc(O)c3c(=O)c21
ZINC000003982483,CCC[C@@H]1C[C@@H](C(=O)N[C@H]([C@@H](C)O)[C@H]2O[C@H](SC)[C@H](O)[C@@H](O)[C@H]2O)N(C)C1
ZINC000003983877,O=c1cc(-c2ccc(O)cc2)oc2cc(O[C@@H]3O[C@H](CO)[C@@H](O)[C@H](O)[C@H]3O)cc(O)c12
ZINC000003983883,O=C(c1ccc(O)c(O)c1)c1c(O)cc(O)cc1O
ZINC000003983954,COc1ccc(/C=C/c2cc(O)cc(O[C@@H]3O[C@H](CO)[C@@H](O)[C@H](O)[C@H]3O)c2)cc1O
ZINC000003984016,CC(C)c1cc2c(c(O)c1O)[C@@]1(C(=O)O)CCCC(C)(C)[C@@H]1CC2
ZINC000003984030,O=c1cc(-c2ccc(O)c(-c3c(O)cc(O)c4c(=O)cc(-c5ccc(O)cc5)oc34)c2)oc2cc(O)cc(O)c12
ZINC000003991706,O=C1C[C@@H](c2ccc(O[C@@H]3O[C@H](CO)[C@@H](O)[C@H](O)[C@H]3O[C@@H]3OC[C@](O)(CO)[C@H]3O)cc2)Oc2cc(O)ccc21
ZINC000004023037,C[C@]12CC[C@H](O)C[C@@]1(O)CC[C@@H]1[C@@H]2CC[C@]2(C)[C@@H](C3=CC(=O)OC3)CC[C@]12O
ZINC000004023694,Oc1cc2c3c(c1)c1cc4c(cc1c[n+]3CC2)OCO4
ZINC000004027061,N=c1ccn2c(n1)O[C@H]1[C@H](O)[C@@H](CO)O[C@H]12
ZINC000004027246,COc1cc2ccc(=O)oc2c(O[C@@H]2O[C@H](CO)[C@@H](O)[C@H](O)[C@H]2O)c1O
ZINC000004027632,CC(=O)Oc1cc(OC(C)=O)c2c(c1)O[C@H](c1ccccc1)CC2=O
ZINC000004038341,CCC[C@@H]1C[C@@H](C(=O)N[C@H]([C@H](C)Cl)[C@H]2O[C@H](SC)[C@H](O)[C@@H](O)[C@H]2O)N(C)C1
ZINC000004044743,C[C@@]12CC[C@H]3[C@]4(C)CCC[C@@](C)(C(=O)O)[C@H]4CC[C@]3(CC1=O)C2
ZINC000004046820,COc1c(O)cc2c(c1O)[C@@H]1O[C@H](CO)[C@@H](O)[C@H](O)[C@H]1OC2=O
ZINC000004073375,O=P(O)(O)O[C@H]1O[C@H](CO)[C@@H](O)[C@H](O)[C@H]1O
ZINC000004073972,C[C@]12CC[C@H](O)C[C@@H]1CC[C@@H]1[C@@H]2CC[C@]2(C)[C@@H](C3=CC(=O)OC3)CC[C@]12O
ZINC000004073977,CC[C@H](CC[C@@H](C)[C@H]1CC[C@H]2[C@@H]3CCC4=CC(=O)CC[C@]4(C)[C@H]3CC[C@@]21C)C(C)C
ZINC000004081453,C=C(C)[C@@H]1CC[C@]2(C)CC[C@]3(C)[C@H](CC[C@@H]4[C@@]5(C)CC[C@H](O)C(C)(C)[C@@H]5CC[C@]43C)[C@H]12
ZINC000004081455,C=C(C)[C@@H]1CC[C@]2(C)CC[C@]3(C)[C@H](CC[C@@H]4[C@@]5(C)CC[C@H](O)C(C)(C)[C@@H]5CC[C@]43C)[C@@H]12
ZINC000004081606,C/C=C(/C)C(=O)O[C@@H]1c2c(ccc3ccc(=O)oc23)OC(C)(C)[C@@H]1OC(C)=O
ZINC000004081760,C=C(C)[C@@H]1CC[C@]2(C)CC[C@]3(C)[C@H](CC[C@@H]4[C@@]5(C)CCC(=O)C(C)(C)[C@@H]5CC[C@]43C)[C@@H]12
ZINC000004081860,O[C@H]1C[C@H]2CCN3Cc4cc5c(cc4[C@H]([C@@H]1O)[C@@H]23)OCO5
ZINC000004082157,C[C@]1(O)C[C@@H](O)[C@]2(O)C=CO[C@@H](O[C@@H]3O[C@H](CO)[C@@H](O)[C@H](O)[C@H]3O)[C@H]12
ZINC000004082188,C=C(C(=O)O)[C@@H]1CC[C@@]2(C)CCC[C@@](C)(O)[C@@H]2C1
ZINC000004082214,COc1cc2ccc(=O)oc2cc1O[C@@H]1O[C@H](CO)[C@@H](O)[C@H](O)[C@H]1O
ZINC000004082498,CC1(C)CC[C@]2(C)CC=C3[C@@](C)(CC[C@H]4[C@@]3(C)CC[C@H]3C(C)(C)[C@@H](O)CC[C@@]34C)[C@@H]2C1
ZINC000004083557,C[C@]12CC(=O)[C@H]3[C@@H](CCC4=CC(=O)CC[C@@]43C)[C@@H]1CC[C@]2(O)C(=O)CO
ZINC000004084618,CC(C)[C@@H](C)/C=C/[C@@H](C)[C@H]1CC[C@H]2C3=CC=C4C[C@@H](O)CC[C@]4(C)[C@H]3CC[C@@]21C
ZINC000004090723,O=C(/C=C/c1ccc(O)cc1)c1ccccc1
ZINC000004095477,N#C[C@H](O[C@@H]1O[C@H](CO)[C@@H](O)[C@H](O)[C@H]1O)c1ccccc1
ZINC000004095490,OC[C@H]1O[C@H](O[C@@H]2[C@@H](CO)O[C@H](O)[C@H](O)[C@H]2O)[C@H](O)[C@@H](O)[C@@H]1O
ZINC000004095529,O=S(=O)(O)N[C@H]1[C@H](O)O[C@H](CO)[C@@H](O)[C@@H]1O
ZINC000004095531,OC[C@H]1O[C@H](O[C@H]2O[C@H](CO)[C@@H](O)[C@H](O)[C@H]2O)[C@H](O)[C@@H](O)[C@@H]1O
ZINC000004095659,OC[C@H]1O[C@@H](O)[C@H](O)[C@H](O)[C@@H]1O
ZINC000004095660,OC[C@H]1O[C@H](O)[C@H](O)[C@H](O)[C@@H]1O
ZINC000004095704,O=c1cc(-c2ccc(O)cc2)oc2cc(O)c([C@@H]3O[C@H](CO)[C@@H](O)[C@H](O)[C@H]3O)c(O)c12
ZINC000004095717,CC[C@H](CC[C@@H](C)[C@H]1CC[C@H]2[C@@H]3CC=C4C[C@@H](O)CC[C@]4(C)[C@H]3CC[C@@]21C)C(C)C
ZINC000004095719,CC1=CC(=O)CC(C)(C)[C@@]1(O)/C=C/[C@@H](C)O
ZINC000004095731,N#C[C@H](O[C@@H]1O[C@H](CO)[C@@H](O)[C@H](O)[C@H]1O)c1ccc(O)cc1
ZINC000004095761,OC[C@H]1O[C@@H](O)[C@H](O)[C@@H](O)[C@@H]1O[C@@H]1O[C@H](CO)[C@H](O)[C@H](O)[C@H]1O
ZINC000004095762,OC[C@H]1O[C@H](O[C@@H]2[C@@H](CO)O[C@@H](O)[C@H](O)[C@H]2O)[C@H](O)[C@@H](O)[C@@H]1O
ZINC000004095793,OC[C@H]1O[C@H](O)[C@H](O)[C@@H](O)[C@@H]1O[C@@H]1O[C@H](CO)[C@H](O)[C@H](O)[C@H]1O
ZINC000004095858,Cc1c(C)c2c(c(C)c1O)CC[C@@](C)(CCC[C@H](C)CCC[C@H](C)CCCC(C)C)O2
ZINC000004096030,CC(=O)N[C@@H]1[C@@H](O)O[C@H](CO)[C@@H](O)[C@@H]1O
ZINC000004096134,CC1(C)O[C@H]2CC(=O)OC[C@@]23[C@H]1CC(=O)[C@]1(C)[C@@H]3CC[C@@]2(C)[C@H](c3ccoc3)OC(=O)[C@H]3O[C@]321
ZINC000004096161,CO[C@@H]1O[C@H](CO)[C@H](O)[C@H](O)[C@H]1O
ZINC000004096248,O=C(/C=C/c1ccc(O)c(O)c1)O[C@@H]1C[C@@](O)(C(=O)O)C[C@@H](O)[C@@H]1O
ZINC000004096258,O=c1cc(-c2ccc(O)c(O)c2)oc2cc(O[C@@H]3O[C@H](CO)[C@@H](O)[C@H](O)[C@H]3O)cc(O)c12
ZINC000004096338,CC1=CC(=O)CC(C)(C)[C@]1(O)/C=C/[C@@H](C)O
ZINC000004096672,C[C@]12CC(=O)[C@H]3[C@@H](CCC4=CC(=O)CC[C@@]43C)[C@@H]1CCC2=O
ZINC000004096693,COc1ccc(-c2coc3cc(O[C@@H]4O[C@H](CO)[C@@H](O)[C@H](O)[C@H]4O)cc(O)c3c2=O)cc1
ZINC000004096703,OC[C@H]1O[C@H](OC[C@H]2O[C@@H](O)[C@H](O)[C@@H](O)[C@@H]2O)[C@H](O)[C@@H](O)[C@H]1O
ZINC000004096704,OC[C@H]1O[C@H](OC[C@H]2O[C@H](O)[C@H](O)[C@@H](O)[C@@H]2O)[C@H](O)[C@@H](O)[C@H]1O
ZINC000004096712,CC[C@H](/C=C/[C@@H](C)[C@H]1CC[C@H]2[C@@H]3CC=C4C[C@@H](O)CC[C@]4(C)[C@H]3CC[C@@]21C)C(C)C
ZINC000004096845,O=c1c(O[C@@H]2O[C@H](CO)[C@@H](O)[C@H](O)[C@H]2O)c(-c2ccc(O)c(O)c2)oc2cc(O)cc(O)c12
ZINC000004096846,C[C@@H]1O[C@@H](OC[C@H]2O[C@@H](Oc3c(-c4ccc(O)c(O)c4)oc4cc(O)cc(O)c4c3=O)[C@H](O)[C@@H](O)[C@@H]2O)[C@H](O)[C@H](O)[C@H]1O
ZINC000004097019,CC1(C)CCC[C@@]2(C)[C@H]1CC[C@]1(C)[C@@H]2CC[C@@H]2[C@@]3(C)CC[C@H](O)C(C)(C)[C@@H]3CC[C@]21C
ZINC000004097113,OC[C@H]1O[C@@H](O[C@@H]2[C@@H](CO)O[C@@H](O)[C@H](O)[C@H]2O)[C@H](O)[C@@H](O)[C@@H]1O
ZINC000004097193,O=C(/C=C/c1ccc(O)cc1)c1c(O)cc(O)cc1O
ZINC000004097406,C=C(C)[C@@H]1CCC(C)=C[C@H]1c1c(O)cc(CCCCC)cc1O
ZINC000004097454,O=c1cc(-c2ccc(O)cc2)oc2cc(O[C@@H]3O[C@H](CO)[C@@H](O)[C@H](O)[C@H]3O)c([C@@H]3O[C@H](CO)[C@@H](O)[C@H](O)[C@H]3O)c(O)c12
ZINC000004097484,O[C@H]1[C@H](O)[C@@H](O)[C@H](O)O[C@@H]1CO[C@@H]1OC[C@@H](O)[C@H](O)[C@H]1O
ZINC000004097485,O[C@H]1[C@H](O)[C@@H](O)[C@@H](O)O[C@@H]1CO[C@@H]1OC[C@@H](O)[C@H](O)[C@H]1O
ZINC000004097533,N#C/C(=C\CO[C@@H]1O[C@H](CO)[C@@H](O)[C@H](O)[C@H]1O)CO
ZINC000004097542,O=C(O)[C@H]1O[C@@H](O)[C@H](O)[C@@H](O)[C@H]1O
ZINC000004097543,O=C(O)[C@H]1O[C@@H](O)[C@H](O)[C@@H](O)[C@@H]1O
ZINC000004097714,C=C(C)[C@@H]1CC[C@]2(C(=O)O)CC[C@]3(C)[C@H](CC[C@@H]4[C@@]5(C)CC[C@H](O)C(C)(C)[C@@H]5CC[C@]43C)[C@@H]12
ZINC000004097717,CC(C)=CCC[C@](C)(O)[C@H]1CC[C@]2(C)[C@@H]1CC[C@@H]1[C@@]3(C)CCC(=O)C(C)(C)[C@@H]3CC[C@]12C
ZINC000004097719,CC(C)=CCC[C@@H](C)[C@@H]1CC[C@]2(C)C3=C(CC[C@@]12C)[C@@]1(C)CC[C@H](O)C(C)(C)[C@@H]1CC3
ZINC000004097720,C[C@H]1C(=O)CC[C@H]2[C@]3(C)CC[C@@]4(C)[C@@H]5CC(C)(C)CC[C@]5(C)CC[C@]4(C)[C@H]3CC[C@@]21C
ZINC000004097722,C=C(C)[C@@H]1CC[C@]2(C)CC[C@]3(C)[C@H](CC[C@@H]4[C@@]5(C)CC[C@H](OC(C)=O)C(C)(C)[C@@H]5CC[C@]43C)[C@@H]12
ZINC000004097723,COC(=O)[C@]1(C)CC[C@]2(C)CC[C@]3(C)C4=CC=C5C(=CC(=O)C(O)=C5C)[C@]4(C)CC[C@@]3(C)[C@@H]2C1
ZINC000004097770,COc1cc2c(oc3ccccc32)c(OC)c1O
ZINC000004097774,O=C(/C=C/c1ccc(O)c2c1[C@H](C(=O)O)[C@@H](c1ccc(O)c(O)c1)O2)O[C@H](Cc1ccc(O)c(O)c1)C(=O)O
ZINC000004097776,C=C1[C@@H]2CC(=O)O[C@@H]3C[C@H]4C(C)=CC(=O)[C@@H](O)[C@]4(C)[C@@H]4[C@]23CO[C@@]4(O)[C@@H]1O
ZINC000004097787,CC(=O)O[C@H]1CC(=O)OC(C)(C)[C@@H]2CC(=O)[C@]3(C)[C@H](CC[C@@]4(C)[C@H](c5ccoc5)OC(=O)[C@H]5O[C@]543)[C@@]12C
ZINC000004097789,CC1(C)OC(=O)C=C[C@@]2(C)[C@H]1CC(=O)[C@]1(C)[C@@H]2CC[C@@]2(C)[C@H](c3ccoc3)OC(=O)[C@H]3O[C@]321
ZINC000004097796,CC(=O)OC(C)(C)/C=C/C(=O)[C@](C)(O)[C@H]1[C@H](O)C[C@@]2(C)[C@@H]3CC=C4[C@@H](C[C@H](O)C(=O)C4(C)C)[C@]3(CO)C(=O)C[C@]12C
ZINC000004097797,CC(=O)OC(C)(C)/C=C/C(=O)[C@](C)(O)[C@H]1[C@H](O)C[C@@]2(C)[C@@H]3CC=C4[C@@H](C[C@H](O)C(=O)C4(C)C)[C@]3(C)C(=O)C[C@]12C
ZINC000004097800,CC(=O)OC(C)(C)/C=C/C(=O)[C@](C)(O)[C@H]1[C@H](O)C[C@@]2(C)[C@@H]3CC=C4[C@@H](C=C(O)C(=O)C4(C)C)[C@]3(C)C(=O)C[C@]12C
ZINC000004097817,C=C(CC[C@@H](C)[C@H]1CC[C@@]2(C)[C@@H]3CC[C@H]4C(C)(C)[C@@H](O)CC[C@@]45C[C@@]35CC[C@]12C)C(C)C
ZINC000004097821,CC(C)(O)CC[C@@H](O)[C@](C)(O)[C@H]1CC[C@@]2(O)C3=CC(=O)[C@]4(O)C[C@@H](O)[C@@H](O)C[C@]4(C)[C@H]3CC[C@]12C
ZINC000004097822,CC(C)CC[C@@H](O)[C@](C)(O)[C@H]1CC[C@@]2(O)C3=CC(=O)[C@@H]4C[C@@H](O)[C@@H](O)C[C@]4(C)[C@H]3CC[C@]12C
ZINC000004097824,CC[C@H](/C=C/[C@@H](C)[C@H]1CC[C@H]2C3=CC[C@H]4C[C@@H](O)CC[C@]4(C)[C@H]3CC[C@@]21C)C(C)C
ZINC000004097826,CC1=C[C@@H](c2c(O)cc(-c3cc4ccc(O)cc4o3)cc2O)[C@@H](C(=O)c2ccc(O)cc2O)[C@H](c2ccc(O)cc2O)C1
ZINC000004097828,CC1(C)CC[C@@]2(C(=O)O)[C@@H](C1)C1=CC[C@@H]3[C@@]4(C)CC[C@H](O)C(C)(C)[C@@H]4CC[C@@]3(C)[C@]1(C)C[C@H]2O
ZINC000004097834,CC1(C)CC[C@@]2(C(=O)O)[C@@H](C1)C1=CC[C@@H]3[C@@]4(C)CC[C@H](O)[C@@](C)(C=O)[C@@H]4CC[C@@]3(C)[C@]1(C)C[C@H]2O
ZINC000004097836,CC1(C)C[C@H]2C3=CC[C@@H]4[C@@]5(C)CC[C@H](O)[C@](C)(CO)[C@@H]5CC[C@@]4(C)[C@]3(C)CC[C@@]2(C)[C@H](O)C1
ZINC000004097841,COc1c2c(cc3oc(CO)cc(=O)c13)O[C@H](C(C)(C)O)C2
ZINC000004097850,C=C[C@@H](CO)[C@H]1CCN2CCc3c([nH]c4ccccc34)[C@@H]2C1
ZINC000004097885,C[C@@]12C[C@@H](c3ccoc3)OC(=O)[C@@H]1CC[C@]1(C)[C@H]2[C@H]2C=C[C@]1(O)C(=O)O2
ZINC000004097891,C[C@@]12CCC[C@@](C)(C(=O)O)[C@H]1CC[C@@]13C[C@@H](CC[C@H]12)[C@@](O)(CO)C3
ZINC000004097893,CC(C)c1cc2c(cc1O)[C@@]1(C)CCCC(C)(C)[C@@H]1CC2
ZINC000004097895,O=C1C[C@@H](c2ccc(O)cc2)Oc2cc(O[C@@H]3O[C@H](CO)[C@@H](O)[C@H](O)[C@H]3O)cc(O)c21
ZINC000004097908,C=C[C@@]1(C)CC[C@H]2C(=CC[C@H]3[C@](C)(C(=O)O)CCC[C@]23C)C1
ZINC000004097913,O=c1c(-c2ccc(O)cc2)coc2cc(O[C@@H]3O[C@H](CO)[C@@H](O)[C@H](O)[C@H]3O)cc(O)c12
ZINC000004097928,CC1=C[C@H]2[C@]3(O)[C@@H](C=C(CO)C[C@]2(O)C1=O)[C@@H]1C(C)(C)[C@]1(O)[C@H](O)[C@H]3C
ZINC000004097968,CC[C@H]1CN2CC[C@]3(C(=O)Nc4ccccc43)[C@@H]2C[C@@H]1/C(=C\OC)C(=O)OC
ZINC000004097975,CN1CC[C@]23C(=O)C[C@H]4C(=CCO[C@H]5CC(=O)N(c6c(O)cccc62)[C@H]3[C@H]54)C1
ZINC000004097976,CC(C)=CC(=O)O[C@H]1Cc2cc3ccc(=O)oc3cc2OC1(C)C
ZINC000004097984,COc1cc2oc(=O)ccc2cc1[C@@H]1OC(=O)[C@@]2(C)O[C@@H]12
ZINC000004097985,CC(C)(O[C@@H]1O[C@H](CO)[C@@H](O)[C@H](O)[C@H]1O)[C@H]1Cc2cc3ccc(=O)oc3cc2O1
ZINC000004098005,CC(C)=CCc1cc([C@@H]2CC(=O)c3c(O)cc(O)cc3O2)cc(CC=C(C)C)c1O
ZINC000004098077,COc1cc2c(cc1OC)[C@@H](Cc1ccc(Oc3cc(C[C@@H]4c5cc(OC)c(OC)cc5CCN4C)ccc3O)cc1)N(C)CC2
ZINC000004098178,C=C1C(=O)O[C@H]2[C@H]1CC[C@]1(C)[C@@H]2C(C)=CC[C@H]1O
ZINC000004098200,C=C1C(=O)O[C@H]2[C@H]1[C@H](OC(C)=O)C[C@@]1(C)O[C@@H]1CC[C@@]1(C)O[C@H]21
ZINC000004098201,C=C(C)[C@H]1[C@@H]2C(=O)O[C@H]1[C@@H](O)[C@]1(C)[C@@]2(O)[C@H]2O[C@H]2[C@]12CO2
ZINC000004098225,C=C1C(=O)O[C@H]2C[C@H](C)C(/C=C/C(C)=O)=CC[C@H]12
ZINC000004098238,O=C1C[C@@H](c2ccc(O)c(O)c2)Oc2cc(O)ccc21
ZINC000004098252,Cc1c(O)ccc2c1O[C@H](c1ccc(O)cc1)CC2
ZINC000004098262,C=C1CCC[C@]2(C)CC[C@@H](C(C)(C)O)C[C@@H]12
ZINC000004098306,Cc1c(O)c(C)c2c(c1O)C(=O)C[C@@H](c1ccc(O)cc1)O2
ZINC000004098319,O=C1c2ccc(O)cc2O[C@H](c2ccc(O)cc2)[C@H]1O
ZINC000004098320,CC(C)=CCc1c(O)cc(O)c2c1O[C@H](c1ccccc1)[C@@H](O)C2=O
ZINC000004098322,COc1cc([C@@H]2CC(=O)c3c(O)cc(O)cc3O2)ccc1O
ZINC000004098324,O=C1c2c(O)cc(O)cc2O[C@@H](c2ccc(O)cc2)[C@@H]1[C@H]1C(=O)c2c(O)cc(O)cc2O[C@@H]1c1ccc(O)cc1
ZINC000004098330,O=C(OCC1=C[C@@H](O)[C@@H]2C=CO[C@@H](O[C@@H]3O[C@H](CO)[C@@H](O)[C@H](O)[C@H]3O)[C@H]12)c1ccc(O)cc1
ZINC000004098332,CC(=O)OCC1=C[C@@H]2OC(=O)C3=CO[C@@H](O[C@@H]4O[C@H](CO)[C@@H](O)[C@H](O)[C@H]4O)[C@H]1[C@@H]32
ZINC000004098334,OCC1=C[C@@H](O)[C@@H]2C=CO[C@@H](O[C@@H]3O[C@H](CO)[C@@H](O)[C@H](O)[C@H]3O)[C@H]12
ZINC000004098336,CC(=O)O[C@H]1C[C@@H]2C(COC(=O)CC(C)C)=CO[C@@H](OC(=O)CC(C)C)[C@@H]2[C@@]12CO2
ZINC000004098339,COC(=O)C1=CO[C@@H](O[C@@H]2O[C@H](CO)[C@@H](O)[C@H](O)[C@H]2O)[C@H]2[C@@H]1C=C[C@@]2(O)CO
ZINC000004098340,C=C[C@@H]1C2=CCOC(=O)C2=CO[C@H]1O[C@@H]1O[C@H](CO)[C@@H](O)[C@H](O)[C@H]1O
ZINC000004098344,O=C(O)C1=CO[C@@H](O[C@@H]2O[C@H](CO)[C@@H](O)[C@H](O)[C@H]2O)[C@H]2[C@@H]1C=C[C@]2(O)CO
ZINC000004098348,C/C=C1/[C@H](O[C@@H]2O[C@H](CO)[C@@H](O)[C@H](O)[C@H]2O)OC=C(C(=O)OC)[C@H]1CC(=O)OCCc1ccc(O)c(O)c1
ZINC000004098351,COC(=O)C1=CO[C@@H](O[C@@H]2O[C@H](CO)[C@@H](O)[C@H](O)[C@H]2O)[C@H]2[C@@H]1C=C[C@@]21C=C([C@H](C)O)C(=O)O1
ZINC000004098352,COC(=O)C1=CO[C@@H](O[C@@H]2O[C@H](CO)[C@@H](O)[C@H](O)[C@H]2O)[C@@H]2C(CO)=C[C@@H](O)[C@H]12
ZINC000004098354,C=C[C@H]1[C@H](O[C@@H]2O[C@H](CO)[C@@H](O)[C@H](O)[C@H]2O)OC=C2C(=O)OCC[C@]21O
ZINC000004098355,CC(=O)OCC1=CO[C@@H](OC(=O)CC(C)C)[C@H]2C1=C[C@H](OC(=O)CC(C)C)[C@]21CO1
ZINC000004098356,COC(=O)C1=CO[C@@H](O[C@@H]2O[C@H](CO)[C@@H](O)[C@H](O)[C@H]2O)[C@@H]2[C@@H](C)CC(=O)[C@H]12
ZINC000004098359,CC(C)=CCc1c(O[C@@H]2O[C@H](CO)[C@@H](O)[C@H](O)[C@H]2O)cc(O)c2c1O[C@H](c1ccc(O)cc1)[C@@H](O)C2=O
ZINC000004098421,CC(C)C[C@H]1c2c(O)c(C=O)c(O)c(C=O)c2O[C@]2(C)C=C[C@@H](C(C)C)C[C@H]12
ZINC000004098422,CC(C)C[C@H]1c2c(O)c(C=O)c(O)c(C=O)c2O[C@]2(C)C=C[C@H](C(C)C)C[C@H]12
ZINC000004098425,O=C1C=C[C@@H]2O[C@H](c3ccccc3)[C@@H](O)[C@@H]2O1
ZINC000004098510,COc1cc2oc(-c3ccc(O)c(O)c3)cc(=O)c2c(O)c1OC
ZINC000004098512,COc1ccc(-c2cc(=O)c3c(O)cc(O[C@@H]4O[C@H](CO[C@@H]5O[C@@H](C)[C@H](O)[C@@H](O)[C@H]5O)[C@@H](O)[C@H](O)[C@H]4O)cc3o2)cc1O
ZINC000004098521,O=c1cc(-c2ccc(Oc3c(O)cc4oc(-c5ccc(O)cc5)cc(=O)c4c3O)cc2)oc2cc(O)cc(O)c12
ZINC000004098527,COc1cc(O)c2c(=O)c3cc(O)ccc3oc2c1
ZINC000004098535,O=c1c2cc(O)c(O)cc2oc2cc(O)c([C@@H]3O[C@H](CO)[C@@H](O)[C@H](O)[C@H]3O)c(O)c12
ZINC000004098556,C[C@@H]1O[C@@H](Oc2c(-c3cc(O)c(O)c(O)c3)oc3cc(O)cc(O)c3c2=O)[C@H](O)[C@H](O)[C@H]1O
ZINC000004098560,O=c1cc(-c2ccc(O)c(O)c2)oc2c([C@@H]3O[C@H](CO)[C@@H](O)[C@H](O)[C@H]3O)c(O)cc(O)c12
ZINC000004098607,COc1ccc2c(c1CC=C(C)C)O[C@H]1c3ccc(O)cc3OC[C@@]21O
ZINC000004098610,O=c1c(-c2ccc(O)cc2)coc2cc(O[C@@H]3O[C@H](CO)[C@@H](O)[C@H](O)[C@H]3O)ccc12
ZINC000004098612,O=C(O[C@@H]1O[C@@H]2COC(=O)c3cc(O)c(O)c(O)c3-c3c(cc(O)c(O)c3O)C(=O)O[C@H]([C@H]1O)[C@@H]2O)c1cc(O)c(O)c(O)c1
ZINC000004098619,Oc1cc(O)c2c(c1)O[C@@]1(c3ccc(O)c(O)c3)Oc3cc(O)c4c(c3[C@@H]2[C@H]1O)O[C@H](c1ccc(O)c(O)c1)[C@H](O)C4
ZINC000004098629,COc1cc(/C=C/c2cc(O)cc(O[C@@H]3O[C@H](CO)[C@@H](O)[C@H](O)[C@H]3O)c2)ccc1O
ZINC000004098633,OC[C@H]1O[C@@H](Oc2cc(O)cc(/C=C/c3ccc(O)cc3)c2)[C@H](O)[C@@H](O)[C@@H]1O
ZINC000004098643,Oc1ccc(/C=C/c2cc(O)cc3c2[C@@H](c2cc(O)cc(O)c2)[C@H](c2ccc(O)cc2)O3)cc1
ZINC000004098644,O=C1c2cccc(O)c2C(=O)c2c(O)cc(CO)cc21
ZINC000004098662,CC(C)=CCC1=CC(=O)c2ccccc2C1=O
ZINC000004098672,Cc1cc(O)c2c(c1)C(=O)c1cc(O)cc(O[C@@H]3O[C@H](CO)[C@@H](O)[C@H](O)[C@H]3O)c1C2=O
ZINC000004098704,O=C(O)c1cc(O)c2c(c1)C(=O)c1cccc(O)c1C2=O
ZINC000004098705,Cc1c(O)cc2c(c1O)C(=O)c1ccccc1C2=O
ZINC000004098719,CC1(C)C=Cc2c(ccc3c2OC[C@@H](c2ccc(O)cc2O)C3)O1
ZINC000004098726,O=C(/C=C/c1ccc(O)c(O)c1)O[C@@H](C(=O)O)[C@@H](OC(=O)/C=C/c1ccc(O)c(O)c1)C(=O)O
ZINC000004098735,O=C(/C=C/c1ccc(O)c(O)c1)O[C@@H]1C[C@](O)(C(=O)O)C[C@@H](O)[C@H]1OC(=O)/C=C/c1ccc(O)c(O)c1
ZINC000004098745,O=c1c(-c2ccc(O)cc2)coc2c([C@@H]3O[C@H](CO)[C@@H](O)[C@H](O)[C@H]3O)c(O)ccc12
ZINC000004098746,COc1ccc([C@@H]2COc3cc(O)ccc3C2)c(OC)c1
ZINC000004098747,COc1c(O[C@@H]2O[C@H](CO)[C@@H](O)[C@H](O)[C@H]2O)cc2occ(-c3ccc(O)cc3)c(=O)c2c1O
ZINC000004098748,COc1cc2c(cc1OC)[C@]1(O)C(=O)c3ccc4c(c3O[C@@H]1CO2)C=CC(C)(C)O4
ZINC000004098749,OC[C@H]1O[C@@H](Oc2ccc3c(c2)OC[C@H]2c4cc5c(cc4O[C@@H]32)OCO5)[C@H](O)[C@@H](O)[C@@H]1O
ZINC000004098756,COc1cc([C@@H]2c3cc4c(cc3[C@H](O)[C@H]3COC(=O)[C@H]23)OCO4)cc(OC)c1O
ZINC000004098757,C=CCC1=C[C@]2(OC)C(=CC1=O)O[C@H](c1ccc(OC)c(OC)c1)[C@H]2C
ZINC000004098760,C=CC[C@@H]1C(=O)C=C(OC)[C@]2(OC)[C@H]1O[C@H](c1ccc3c(c1)OCO3)[C@H]2C
ZINC000004098815,C=CCC1=C[C@]2(OC)[C@H](C)[C@@H](c3ccc4c(c3)OCO4)O[C@]2(OC)CC1=O
ZINC000004098820,COc1cc(C[C@H]2CO[C@H](c3ccc(O)c(OC)c3)[C@H]2CO)ccc1O
ZINC000004098822,C/C=C/c1cc(OC)c2c(c1)[C@H](C)[C@@H](c1ccc(O)c(OC)c1)O2
ZINC000004098855,Oc1ccc2c(c1)CN1CC[C@@H](O)C1=N2
ZINC000004098857,COC[C@@H](Cc1ccc(OC)c(OC)c1)[C@@H](COC)Cc1ccc(OC)c(OC)c1
ZINC000004098868,CC1=C2C[C@H]3[C@@H](CC=C4C[C@@H](O)CC[C@@]43C)[C@@H]2CC[C@]12O[C@@H]1C[C@H](C)CN[C@H]1[C@H]2C
ZINC000004098876,CC1=C2C(=O)[C@H]3[C@@H](CC=C4C[C@@H](O)CC[C@@]43C)[C@@H]2CC[C@]12O[C@@H]1C[C@H](C)CN[C@H]1[C@H]2C
ZINC000004098919,COc1cc([C@@H]2c3cc4c(cc3[C@H](O)[C@H]3COC(=O)[C@@H]23)OCO4)cc(OC)c1OC
ZINC000004098921,COc1cc([C@H]2OC[C@@H]3[C@@H](c4ccc(O)c(OC)c4)OC[C@H]23)ccc1O
ZINC000004098927,COc1cc2c(c(OC)c1OC)-c1c(cc3c(c1OC)OCO3)C[C@H](C)[C@](C)(O)[C@H]2OC(=O)c1ccccc1
ZINC000004098929,COc1cc([C@H]2OC[C@@H]3[C@@H](c4cc(OC)c5c(c4)OCO5)OC[C@H]23)cc(OC)c1OC
ZINC000004098933,COc1cc([C@H]2OC[C@@H]3[C@@H](c4cc(OC)c(O)c(OC)c4)OC[C@H]23)cc(OC)c1O
ZINC000004098934,COc1cc([C@H]2OC[C@@H]3[C@@H](c4cc(OC)c(O[C@@H]5O[C@H](CO)[C@@H](O)[C@H](O)[C@H]5O)c(OC)c4)OC[C@H]23)cc(OC)c1O
ZINC000004098936,COc1cc([C@H]2OC[C@@H]3[C@@H](c4cc(OC)c(OC)c(OC)c4)OC[C@H]23)cc(OC)c1OC
ZINC000004099013,CCc1c2c(nc3ccc(O)cc13)-c1cc3c(c(=O)n1C2)COC(=O)[C@]3(O)CC
ZINC000004100760,COc1ccc(/C=C/C(=O)c2c(O)cc(OC)cc2OC)cc1
ZINC000004102138,COC(=O)C1=CO[C@@H](O[C@@H]2O[C@H](CO)[C@@H](O)[C@H](O)[C@H]2O)[C@H]2[C@]1(O)C[C@H](O)[C@]2(C)O
ZINC000004102143,C[C@@H]1CC[C@@H]2C(C(=O)O)=CO[C@@H](O[C@@H]3O[C@H](CO)[C@@H](O)[C@H](O)[C@H]3O)[C@@H]21
ZINC000004102166,O=C(O)C1=CO[C@@H](O[C@@H]2O[C@H](CO)[C@@H](O)[C@H](O)[C@H]2O)[C@@H]2C(CO)=CC[C@H]12
ZINC000004102178,CC(=O)O[C@@]12CO[C@@H]1C[C@H](O)[C@@]1(C)C(=O)[C@H](O)C3=C(C)[C@@H](O)C[C@@](O)([C@@H](OC(=O)c4ccccc4)[C@@H]12)C3(C)C
ZINC000004102194,C/C(=C\C(=O)OCCCCCCCCC(=O)O)C[C@@H]1OC[C@H](C[C@@H]2O[C@H]2[C@@H](C)[C@H](C)O)[C@@H](O)[C@H]1O
ZINC000004102218,C/C=C1/CN2[C@H]3C[C@@H]1[C@@H]1[C@@H]2C[C@@]2(C3=Nc3ccccc32)[C@@H]1OC(C)=O
ZINC000004102250,C=C1C[C@]23C[C@H]1CC[C@H]2[C@@]12C=C[C@H](O)[C@@](C)(C(=O)O1)[C@H]2[C@@H]3C(=O)O
ZINC000004102257,C=C1C[C@@]23CC[C@H]4[C@@](C)(CCC[C@@]4(C)C(=O)O)[C@@H]2CC[C@@H]1C3
ZINC000004102268,CC(=O)O[C@H]1C(=O)[C@]2(C)[C@@H](O)C[C@H]3OC[C@@]3(OC(C)=O)[C@H]2[C@H](OC(=O)c2ccccc2)[C@]2(O)C[C@H](O)C(C)=C1C2(C)C
ZINC000004102324,OC[C@H]1O[C@H](Oc2ccc(O)cc2)[C@H](O)[C@@H](O)[C@@H]1O
ZINC000004102435,O=c1c(O[C@@H]2O[C@H](CO)[C@@H](O)[C@H](O)[C@H]2O)c(-c2ccc(O)cc2)oc2cc(O)cc(O)c12
ZINC000004104829,COc1cc([C@H]2c3cc(O)c(OC)cc3C[C@@H](CO)[C@@H]2CO)ccc1O
ZINC000004136964,O=c1c(-c2ccc(O[C@@H]3O[C@H](CO)[C@@H](O)[C@H](O)[C@H]3O)cc2)coc2cc(O)cc(O)c12
ZINC000004164613,CC(=O)Oc1cc(OC(C)=O)c2c(c1)O[C@H](c1ccc(OC(C)=O)c(OC(C)=O)c1)[C@H](OC(C)=O)C2
ZINC000004164657,COc1cc(O)c(C(=O)/C=C/c2ccccc2)c(OC)c1
ZINC000004172337,CC(=O)Oc1c(C)c(C)c2c(c1C)CC[C@@](C)(CCC[C@H](C)CCC[C@H](C)CCCC(C)C)O2
ZINC000004175443,O=C(/C=C/c1ccccc1)c1c(O)cc(O)cc1O
ZINC000004175510,C=C1[C@@H]2CC[C@@]3(C)[C@H](c4ccoc4)OC(=O)C[C@]13O[C@H]1CC(=O)C(C)(C)[C@H]([C@H](OC(C)=O)C(=O)OC)[C@]12C
ZINC000004175638,C[C@@H]1O[C@@H](Oc2c(-c3ccc(O)c(O)c3)oc3cc(O)cc(O)c3c2=O)[C@H](O)[C@H](O)[C@H]1O
ZINC000004175639,COc1ccc(CCC(=O)c2c(O)cc(O[C@@H]3O[C@H](CO)[C@@H](O)[C@H](O)[C@H]3O[C@@H]3O[C@@H](C)[C@H](O)[C@@H](O)[C@H]3O)cc2O)cc1O
ZINC000004196456,O=C1CCC[C@H]2[C@@H]3CCCN4CCC[C@@H](CN12)[C@H]34
ZINC000004202722,C[C@]1(O)CCOC(=O)C1
ZINC000004202723,C[C@@]1(O)CCOC(=O)C1
ZINC000004212127,COc1cc2c(c(OC)c1OC)-c1c(cc3c(c1OC)OCO3)C[C@H](C)[C@@](C)(O)C2
ZINC000004212221,C[C@]12CC[C@H](O)C[C@H]1CC[C@@H]1[C@@H]2CC[C@]2(C)[C@@H](c3ccc(=O)oc3)C[C@H]3O[C@@]312
ZINC000004212915,CC(=O)OCC(=O)[C@@]1(O)CC[C@H]2[C@@H]3CCC4=CC(=O)C=C[C@]4(C)[C@@]3(Cl)[C@@H](Cl)C[C@@]21C
ZINC000004213449,O=C(O)[C@H]1O[C@H](O)[C@H](O)[C@@H](O)[C@@H]1O
ZINC000004215121,C[C@]12CC[C@H](O)C[C@H]1CC[C@@H]1[C@@H]2CC[C@]2(C)[C@@H](c3ccc(=O)oc3)CC[C@]12O
ZINC000004215351,CC(=O)O[C@@H]1[C@H](c2ccc(=O)oc2)[C@@]2(C)CC[C@H]3[C@@H](CC[C@@H]4C[C@@H](O)CC[C@]34C)[C@]23O[C@H]13
ZINC000004216676,C[C@@H]1O[C@@H](Oc2cc(O)c3c(=O)c(O[C@@H]4O[C@@H](C)[C@H](O)[C@@H](O)[C@H]4O)c(-c4ccc(O)cc4)oc3c2)[C@H](O)[C@H](O)[C@H]1O
ZINC000004217475,OC[C@H]1O[C@H](O[C@]2(CO)O[C@H](CO)[C@@H](O)[C@@H]2O)[C@H](O)[C@@H](O)[C@@H]1O
ZINC000004217650,CCCCCc1cc(O)c(C/C=C(\C)CCC=C(C)C)c(O)c1
ZINC000004228245,CSC[C@H]1O[C@@H](n2cnc3c(N)ncnc32)[C@H](O)[C@@H]1O
ZINC000004228259,O=C(O)[C@H]1O[C@H](O)[C@H](O)[C@@H](O)[C@H]1O
ZINC000004228273,NC(=O)c1ccc[n+]([C@@H]2O[C@H](COP(=O)(O)O)[C@@H](O)[C@H]2O)c1
ZINC000004228276,N[C@@H](CS(=O)(=O)O)C(=O)O
ZINC000004228277,CC(C)[C@@H]1CC[C@@H](C)C[C@@H]1O
ZINC000004228290,CC(=O)N[C@@H]1[C@H](O)O[C@H](CO)[C@@H](O)[C@@H]1O
ZINC000004228313,OC[C@@]1(O)OC[C@@H](O)[C@H](O)[C@@H]1O
ZINC000004245621,COc1cc([C@@H]2c3cc4c(cc3[C@@H](O[C@@H]3O[C@@H]5CO[C@@H](C)O[C@H]5[C@H](O)[C@H]3O)[C@@H]3COC(=O)[C@@H]32)OCO4)cc(OC)c1O
ZINC000004245632,CNc1ncnc2c1ncn2[C@@H]1O[C@H](CO)[C@@H](O)[C@H]1O
ZINC000004245650,C[C@@H]1C(=O)O[C@H]2C[C@@]34[C@H]5C[C@@H](C(C)(C)C)[C@]36[C@@H](OC(=O)[C@@H]6O)O[C@@]4(C(=O)O5)[C@]21O
ZINC000004245665,COc1c(O[C@@H]2O[C@H](CO)[C@@H](O)[C@H](O)[C@H]2O)cc2c(c1OC)-c1ccc(SC)c(=O)cc1[C@@H](NC(C)=O)CC2
ZINC000004245684,O=c1cc(-c2ccc(O)cc2)oc2c([C@@H]3O[C@H](CO)[C@@H](O)[C@H](O)[C@H]3O)c(O)cc(O)c12
ZINC000004252559,COc1cc(O)c(OC)c(O)c1C(=O)/C=C/c1ccccc1
ZINC000004252560,COc1cc(O)c(C(=O)/C=C/c2ccccc2)c(O)c1OC
ZINC000004252572,COc1cc(O)ccc1/C=C/C(=O)c1ccc(O)cc1
ZINC000004252574,COc1cc(O)c(C(=O)/C=C/c2ccccc2)c(O)c1
ZINC000004261765,Nc1ncnc2c1ncn2[C@@H]1O[C@H](CO[P@](=O)(O)O[P@](=O)(O)OP(=O)(O)O)[C@@H](O)[C@H]1O
ZINC000004261791,O=C(O)CCCCCCC[C@@H](O)[C@@H](O)CCCCCCO
ZINC000004262223,CC(C)CCC[C@@H](C)[C@H]1CC[C@H]2[C@@H]3CC[C@H]4C[C@@H](O)CC[C@]4(C)[C@H]3CC[C@@]21C
ZINC000004262249,OC[C@H](O)[C@@H](O)[C@H](O[C@H]1O[C@H](CO)[C@@H](O)[C@H](O)[C@H]1O)[C@H](O)CO
ZINC000004262477,CC(=O)O[C@H]1C(=O)[C@]2(C)[C@@H](O)C[C@H]3OC[C@@]3(OC(C)=O)[C@@H]2[C@H](OC(=O)c2ccccc2)[C@]2(O)C[C@H](O)C(C)=C1C2(C)C
ZINC000004269341,C[C@@H]1CCCCCCCCCCCCC(=O)C1
ZINC000004269345,C[C@H]1CCCCCCCCCCCCC(=O)C1
ZINC000004273374,C=C1CC[C@@H]2[C@](C)(COC(=O)CCC(=O)O)[C@H](OC(=O)CCC(=O)O)CC[C@@]2(C)[C@@H]1/C=C/C1=CCOC1=O
ZINC000004273446,CC1(C)CC[C@]2(C(=O)O)CC[C@]3(C)C(=CC[C@@H]4[C@@]5(C)C[C@@H](O)[C@H](O)C(C)(C)[C@@H]5CC[C@]43C)[C@@H]2C1
ZINC000004280618,COc1ccc(C(=O)/C=C/c2ccc(OC)c(O)c2)c(O)c1
ZINC000004293691,CC(=O)N[C@@H]1[C@@H](O)C[C@@](O)(C(=O)O)O[C@@H]1[C@H](O)[C@H](O)CO
ZINC000004311891,COc1ccc(/C=C/C(=O)c2ccc(O)cc2)c(OC)c1
ZINC000004349262,O=c1cc(-c2ccc(O)c(O)c2)oc2cc(O)c([C@@H]3O[C@H](CO)[C@@H](O)[C@H](O)[C@H]3O)c(O)c12
ZINC000004349394,COc1cc(-c2oc3cc(O)cc(O)c3c(=O)c2O[C@@H]2O[C@H](CO)[C@@H](O)[C@H](O)[C@H]2O)ccc1O
ZINC000004349406,COc1cc(-c2oc3cc(O)cc(O)c3c(=O)c2O[C@@H]2O[C@H](CO[C@@H]3O[C@@H](C)[C@H](O)[C@@H](O)[C@H]3O)[C@@H](O)[C@H](O)[C@H]2O)ccc1O
ZINC000004349478,C[C@@H]1O[C@@H](OC[C@H]2O[C@@H](Oc3c(-c4ccc(O)cc4)oc4cc(O)cc(O)c4c3=O)[C@H](O)[C@@H](O)[C@@H]2O)[C@H](O)[C@H](O)[C@H]1O
ZINC000004349491,COc1ccc(-c2cc(=O)c3c(O)cc(O[C@@H]4O[C@H](CO[C@@H]5O[C@@H](C)[C@H](O)[C@@H](O)[C@H]5O)[C@@H](O)[C@H](O)[C@H]4O)cc3o2)cc1
ZINC000004349592,CC(=O)OC[C@H]1O[C@@H](Oc2c(-c3ccc(O)c(O)c3)oc3cc(O)cc(O)c3c2=O)[C@H](O)[C@@H](O)[C@@H]1O
ZINC000004349794,COc1cc2c(=O)c(-c3ccc(O)cc3)coc2cc1O[C@@H]1O[C@H](CO)[C@@H](O)[C@H](O)[C@H]1O
ZINC000004403043,C[C@H](O)[C@H]1CC[C@H]2[C@@H]3CC[C@@H]4C[C@H](O)CC[C@]4(C)[C@H]3CC[C@]12C
ZINC000004404409,COc1cc([C@H]2c3cc(O)c(OC)cc3C[C@H]3C(=O)OC[C@H]23)ccc1O
ZINC000004428527,CC(=O)OCC(=O)[C@H]1CC[C@H]2[C@@H]3CCC4=CC(=O)CC[C@]4(C)[C@H]3CC[C@]12C
ZINC000004428529,CC(=O)[C@H]1CC[C@H]2[C@@H]3CCC4=CC(=O)CC[C@]4(C)[C@H]3CC[C@]12C
ZINC000004474613,CCCCC/C=C\C/C=C\CCCCCCCC(=O)O
ZINC000004492869,CC1=CC(=O)CC(C)(C)[C@]1(O)/C=C/C(C)=C\C(=O)O
ZINC000004492870,CC1=CC(=O)CC(C)(C)[C@@]1(O)/C=C/C(C)=C\C(=O)O
ZINC000004492895,C/C(=C\CNc1ncnc2[nH]cnc12)CO
ZINC000004501378,CCCCC/C=C\C/C=C\CCCCCCCC(=O)OC
ZINC000004501392,O=C(O)/C=C(\CC(=O)O)C(=O)O
ZINC000004517652,CC[C@]1(O)C(=O)OCc2c1cc1n(c2=O)Cc2cc3cc(O)ccc3nc2-1
ZINC000004521537,O[C@H]1CO[C@@H](O)CO1
ZINC000004521538,O[C@@H]1CO[C@@H](O)CO1
ZINC000004521540,O[C@@H]1CO[C@H](O)CO1
ZINC000004521655,C[C@@H]1Cc2cccc(O)c2C(=O)O1
ZINC000004521773,C=C(C)[C@H]1CC=C(CO)CC1
ZINC000004521924,C=C1CC[C@H](O)C/C1=C\C=C1/CCC[C@@]2(C)[C@H]1CC[C@@H]2[C@H](C)CCCC(C)C
ZINC000004521935,C/C(=C\CNc1ncnc2c1ncn2[C@@H]1O[C@H](CO)[C@@H](O)[C@H]1O)CO
ZINC000004528568,CC(=O)OC/C=C(/C)CCC=C(C)C
ZINC000004533847,COc1cc(O)c2c(c1)C1=C[C@H](O)[C@@H](O)C[C@]1(C)OC2=O
ZINC000004534359,C=C(C)[C@H]1CC[C@@]2(CO)CC[C@@]3(C)[C@@H](CC[C@H]4[C@]5(C)CC[C@@H](O)C(C)(C)[C@H]5CC[C@@]43C)[C@H]12
ZINC000004629876,C=C1CC[C@H](O)C/C1=C/C=C1\CCC[C@@]2(C)[C@H]1CC[C@@H]2[C@H](C)/C=C/[C@H](C)C(C)C
ZINC000004632115,O=C1C=C(O)C(=O)c2ccccc21
ZINC000004649679,COc1cc(CCC(=O)CC(=O)CCc2ccc(O)c(OC)c2)ccc1O
ZINC000004654620,O=C(O)[C@H]1O[C@@H](Oc2cc(O)c3c(=O)cc(-c4ccc(O)c(O)c4)oc3c2)[C@H](O)[C@@H](O)[C@@H]1O
ZINC000004654665,OC[C@H]1O[C@H](O[C@]2(CCl)O[C@H](CCl)[C@@H](O)[C@@H]2O)[C@H](O)[C@@H](O)[C@H]1Cl
ZINC000004654801,C[C@@H]1O[C@@H](O[C@H]2[C@H](c3c(O)cc(O)c4c(=O)cc(-c5ccc(O)cc5)oc34)O[C@H](CO)[C@@H](O)[C@@H]2O)[C@H](O)[C@H](O)[C@H]1O
ZINC000004654810,O=c1c(O[C@@H]2O[C@H](CO)[C@@H](O)[C@H](O)[C@H]2O[C@@H]2O[C@H](CO)[C@@H](O)[C@H](O)[C@H]2O)c(-c2ccc(O)cc2)oc2cc(O)cc(O)c12
ZINC000004654817,O=c1c(O[C@@H]2O[C@H](CO)[C@@H](O)[C@H](O)[C@H]2O[C@@H]2O[C@H](CO)[C@@H](O)[C@H](O)[C@H]2O)c(-c2ccc(O)c(O)c2)oc2cc(O)cc(O)c12
ZINC000004655035,CC(C)=CCC/C(C)=C/CC/C(C)=C/CC[C@]1(C)CCc2c(C)c(O)cc(C)c2O1
ZINC000004658552,NCC(=O)O
ZINC000004658553,C[C@H](N)C(=O)O
ZINC000004658554,O=CC(=O)O
ZINC000004658555,NCCC(=O)O
ZINC000004658556,C[C@@H](N)C(=O)O
ZINC000004658560,C[C@H](O)C(=O)O
ZINC000004658576,CNC(=N)N
ZINC000004683019,COc1cc([C@@H]2c3cc4c(cc3[C@@H](OC(C)=O)[C@H]3COC(=O)[C@H]23)OCO4)cc(OC)c1OC
ZINC000004716487,COc1cc(O)cc(O)c1C(=O)/C=C/c1ccccc1
ZINC000004716567,COc1ccc2c(c1OC)CN(C)c1c-2ccc2cc3c(cc12)OCO3
ZINC000004731318,C[C@@]12CC[C@@H]3[C@]4(C)CCC[C@@](C)(C(=O)O)[C@H]4CC[C@]3(CC1=O)C2
ZINC000004777896,COc1cc([C@H]2OC[C@@H]3[C@H]2CO[C@H]3c2ccc(O)c(OC)c2)ccc1O
ZINC000004783164,Cc1ccc2c(c1O)C(=O)c1ccccc1C2=O
ZINC000004802492,C=C[C@@](C)(O)CC[C@H]1C(=C)CC[C@H]2C(C)(C)CCC[C@]12C
ZINC000004887682,COc1cc2oc3ccccc3c(=O)c2cc1OC
ZINC000004919236,CN[C@@H](C)[C@H]1[C@H](O)C[C@@]2(C)[C@@H]3CC[C@H]4C(C)(C)[C@@H](NC)CC[C@@]45C[C@@]35CC[C@]12C
ZINC000004962909,CC(=O)OC(C)(C)/C=C/C(=O)[C@](C)(O)[C@H]1[C@H](O)C[C@@]2(C)[C@@H]3CC=C4[C@@H](CC(=O)[C@@H](O)C4(C)C)[C@]3(C)C(=O)C[C@]12C
ZINC000004978673,CCCCCCCCCCCCCCCCCC(=O)O
ZINC000004983279,C=C1C(=O)O[C@@H]2C[C@@H](C)C([C@@H](CC(C)=O)OC(C)=O)=CC[C@@H]12
ZINC000004995167,COC(=O)C1=CO[C@@H](C)[C@@H]2CN3CC[C@@]4(C(=O)Nc5ccccc54)[C@@H]3C[C@H]12
ZINC000004995168,COC(=O)C1=CO[C@H](C)[C@H]2CN3CC[C@@]4(C(=O)Nc5ccccc54)[C@@H]3C[C@H]12
ZINC000004995171,COC(=O)C1=CO[C@@H](C)[C@H]2CN3CC[C@@]4(C(=O)Nc5ccccc54)[C@@H]3C[C@H]12
ZINC000005015081,CC(C)c1oc(=O)cc2c1[C@@H](O)[C@H]1OC(=O)[C@@]3(C)[C@@H](O)[C@H]4O[C@H]4[C@@]2(C)[C@@H]13
ZINC000005029557,CC(=O)O[C@]1(C(C)=O)CC[C@H]2[C@@H]3C[C@H](C)C4=CC(=O)CC[C@]4(C)[C@H]3CC[C@@]21C
ZINC000005037439,O[C@]12CO[C@H](c3ccc4c(c3)OCO4)[C@H]1CO[C@@H]2c1ccc2c(c1)OCO2
ZINC000005037520,COc1cc([C@H]2OC[C@@H]3[C@H](c4ccc(OC)c(OC)c4)OC[C@H]23)ccc1O
ZINC000005037532,CC(C)(O)[C@H]1CC[C@]2(C)CCC[C@](C)(O)[C@H]2C1
ZINC000005115722,COc1cc(/C=C/C(=O)CC(=O)/C=C/c2ccc(O)cc2)ccc1O
ZINC000005117196,Nc1ccc(N(CCO)CCO)cc1
ZINC000005132927,C/C=C/c1cc(OC)c2c(c1)[C@@H](C)[C@H](c1ccc(OC)c(OC)c1)O2
ZINC000005133329,Oc1ccccc1
ZINC000005133378,Oc1ccc(O)cc1
ZINC000005133441,O=C1CCC(O)(CCO)CC1
ZINC000005133859,C1=C2CCCN[C@H]2[C@@H]2C[C@H]1[C@H]1CCCCN1C2
ZINC000005134316,O=C1C=C[C@]2(O)CCO[C@@H]2C1
ZINC000005134835,N#C/C=C1/C=C[C@@H](O)C[C@H]1O[C@@H]1O[C@H](CO)[C@@H](O)[C@H](O)[C@H]1O
ZINC000005137921,C=C[C@H]1CN2CC[C@H]1C[C@H]2[C@@]12Nc3ccccc3[C@]1(O)CCO2
ZINC000005140293,CCc1c2c(nc3ccccc13)-c1cc3c(c(=O)n1C2)COC(=O)[C@]3(O)CC
ZINC000005141386,C=Cc1ncc(OC)c2c1[nH]c1ccccc12
ZINC000005157983,C=C[C@H]1[C@H](O[C@@H]2O[C@H](CO)[C@@H](O)[C@H](O)[C@H]2O)OC=C2C(=O)OCC[C@H]21
ZINC000005158046,C=Cc1ccc(O[C@@H]2O[C@H](CO)[C@@H](O)[C@H](O)[C@H]2O)cc1
ZINC000005158136,COc1ccc2ccc(=O)oc2c1C(C=O)=C(C)C
ZINC000005158326,C=C(C)[C@H](O)[C@H](Cl)c1c(OC)ccc2ccc(=O)oc12
ZINC000005158328,C=C(C)[C@H](O)[C@@H](Cl)c1c(OC)ccc2ccc(=O)oc12
ZINC000005158349,C=C(C)[C@@H]1CC[C@]2(C=O)CC[C@]3(C)[C@H](CC[C@@H]4[C@@]5(C)CC[C@H](O)C(C)(C)[C@@H]5CC[C@]43C)[C@@H]12
ZINC000005158373,C=C(C)[C@H]1O[C@@H]1c1c(OC)ccc2ccc(=O)oc12
ZINC000005158381,C=C(C)[C@@H](O)COc1c2occc2cc2ccc(=O)oc12
ZINC000005158385,C=C(C)[C@@H](O)[C@H](Cl)c1c(OC)ccc2ccc(=O)oc12
ZINC000005158387,C=C(C)[C@@H](O)[C@@H](Cl)c1c(OC)ccc2ccc(=O)oc12
ZINC000005158403,C=C(C)[C@H]1CC[C@](C)(O)[C@H](O)C1
ZINC000005158589,COc1cc(/C=C/CO)cc(OC)c1OC/C=C(\C)CCC=C(C)C
ZINC000005158595,COc1cc(/C=C/CO)ccc1OC/C=C(\C)CCC=C(C)C
ZINC000005158610,CC(C)=CCC/C(C)=C/Cc1cc([C@@H]2CC(=O)c3c(O)cc(O)cc3O2)c(O)cc1O
ZINC000005158854,CC(C)=CC[C@@H]1C[C@H](O)c2ccccc2C1=O
ZINC000005158937,COc1cc(O)c(CC=C(C)C)c(O)c1C(=O)/C=C/c1ccc(O)cc1
ZINC000005158947,COc1cc(OC)c2ccc(=O)oc2c1CC=C(C)C
ZINC000005158948,CC(C)=CCc1c(O)cc(-c2cc3ccc(O)cc3o2)cc1O
ZINC000005158963,CC(C)=CCc1c(O)ccc(-c2coc3cc(O)cc(O)c3c2=O)c1O
ZINC000005159232,COC(=O)CC(C)=O
ZINC000005159418,CC(=O)C1=CC[C@H]2[C@@H]3CCC4=CC(=O)CC[C@]4(C)[C@H]3C[C@@H](O)[C@]12C
ZINC000005159675,CC(=O)CCc1ccc(O)c(O[C@@H]2O[C@H](CO)[C@@H](O)[C@H](O)[C@H]2O)c1
ZINC000005166315,CC(=O)O[C@@H]([C@H]1CC=CC(=O)O1)[C@H](O)c1ccccc1
ZINC000005166389,C=C1C(=O)[C@]23C[C@H]1C[C@@H](OC(C)=O)[C@H]2[C@]12CCCC(C)(C)[C@H]1[C@H](O)[C@@]3(O)OC2
ZINC000005166457,CC(=O)O[C@H]1C(=O)c2c(O)cc(O)cc2O[C@@H]1c1ccccc1
ZINC000005166472,CC(=O)OC(C)(C)[C@@H]1Cc2c(ccc3ccc(=O)oc23)O1
ZINC000005167512,CC(=O)c1c(O)cc(O)cc1O[C@@H]1O[C@H](CO)[C@@H](O)[C@H](O)[C@H]1O
ZINC000005167561,COc1cc2cc(C(C)=O)oc2cc1OC
ZINC000005167562,CC(=O)c1cc2cc(C(C)=O)c(O)cc2o1
ZINC000005167579,COc1cc(C(C)=O)ccc1O[C@@H]1O[C@H](CO)[C@@H](O)[C@H](O)[C@H]1O
ZINC000005167610,CC(=O)c1ccc2c(c1)C=CC(C)(C)O2
ZINC000005179146,C/C=C(/C)C(=O)OC(C)(C)[C@@H]1Cc2c(ccc3ccc(=O)oc23)O1
ZINC000005195091,C=C(C)[C@@H]1Cc2c(cc(O)c3c(=O)c4ccccc4n(C)c23)O1
ZINC000005195179,C=C(C)[C@H]1Cc2c(cc(O)c3c(=O)c4ccccc4n(C)c23)O1
ZINC000005195795,CC(C)=CCc1c(O)cc2occ(-c3ccc(O)cc3)c(=O)c2c1O
ZINC000005195808,CC(C)=CCc1c(-c2ccc(O)cc2O)oc2c3c(cc(O)c2c1=O)OC(C)(C)C=C3
ZINC000005195818,CC(C)=CCc1c(O)cc2oc3cc(O)c(O)c(CC=C(C)C)c3c(=O)c2c1O
ZINC000005202250,C=C1C(=O)O[C@H]2[C@H]1CCC(C)=C1C(=O)C=C(C)[C@@H]12
ZINC000005202283,Cc1c(O)cc2c(c1O)C(=O)C[C@@H](c1ccc(O)cc1)O2
ZINC000005223934,O=c1cc(-c2ccccc2)oc2cc(O[C@@H]3O[C@H](CO)[C@@H](O)[C@H](O)[C@H]3O)c(O)c(O)c12
ZINC000005226611,C=C[C@@H]1CNC(=S)O1
ZINC000005226613,C=C[C@H]1CNC(=S)O1
ZINC000005273813,CC[C@@H](/C=C/[C@H](C)[C@@H]1CC[C@@H]2[C@H]3CCC4=CC(=O)CC[C@@]4(C)[C@@H]3CC[C@@]12C)C(C)C
ZINC000005273861,CC(C)=CCC/C(C)=C/CC/C(C)=C/CC/C(C)=C/CC/C(C)=C/CC/C(C)=C/CC/C(C)=C/CC/C(C)=C/CC/C(C)=C/CO
ZINC000005275899,C[C@@]12C[C@@H](c3ccoc3)OC(=O)[C@@H]1CC[C@]1(C)[C@@H]2[C@H]2C=C[C@]1(O)C(=O)O2
ZINC000005294955,CC(C)c1ccc2c(c1)CC[C@@H]1[C@]2(C)CCC[C@@]1(C)O
ZINC000005317082,CC[C@H]1CN2CC[C@H]1C[C@H]2[C@@H](O)c1ccnc2ccc(OC)cc12
ZINC000005356910,CC(C)(CO)[C@@H](O)C(=O)NCCC(=O)O
ZINC000005357388,COc1cc2oc(=O)ccc2c(OC)c1C[C@@H](O)C(C)(C)O
ZINC000005369099,C=C(CC[C@@H](C(=O)O)[C@H]1[C@H](O)C[C@@]2(C)C3=C(CC[C@]12C)[C@@]1(C)CC[C@H](OC(C)=O)C(C)(C)[C@@H]1CC3)C(C)C
ZINC000005373275,C=C1CCC[C@]2(C)C[C@]3(O)OC(=O)C(C)=C3C[C@@H]12
ZINC000005377168,CC1=CC(=O)C2=C(C)C[C@H](O)[C@@H]3[C@H](C)C(=O)O[C@@H]3[C@@H]12
ZINC000005410063,CCCCCC(=O)Cc1cc(OC)cc(O)c1C(=O)Oc1cc(CCCCC)c(C(=O)O)c(OC)c1
ZINC000005424862,CC1(C)CC[C@]2(CO)CC=C3[C@@](C)(CC[C@H]4[C@@]3(C)CC[C@H]3C(C)(C)[C@@H](O)CC[C@@]34C)[C@@H]2C1
ZINC000005430812,COc1c(O)cc2oc3cc(O)c(CC=C(C)C)c(O)c3c(=O)c2c1CC=C(C)C
ZINC000005430816,CC(C)=CCc1c(O)ccc2c1O[C@H](c1ccc(O)cc1)CC2=O
ZINC000005434436,CC(=O)[C@@]1(O)CC[C@H]2[C@@H]3CCC4=CC(=O)CC[C@]4(C)[C@H]3CC[C@@]21C
ZINC000005447652,CC/C=C/C[C@H]1C(=O)CC[C@H]1CC(=O)OC
ZINC000005447659,CC/C=C/C[C@@H]1C(=O)CC[C@H]1CC(=O)OC
ZINC000005493040,COc1ccc([C@@H]2OC[C@@H]3[C@H]2CO[C@H]3c2ccc(OC)c(OC)c2)cc1OC
ZINC000005493456,O=C1C[C@@H](c2ccc(O)c(-c3c(O)cc(O)c4c3O[C@H](c3ccc(O)cc3)CC4=O)c2)Oc2cc(O)cc(O)c21
ZINC000005497028,CC1(C)[C@@H](O)CC[C@@]2(C)[C@H]1CC[C@]1(C)[C@@H]2C=CC2=C(O)C(=O)C(=O)[C@]21C
ZINC000005523704,CCCCC/C=C/C=C/C(=O)CCCCCCCC(=O)O
ZINC000005528095,C[C@@H]1CC[C@@H]2[C@@H]1[C@H]1[C@@H](CC[C@@]2(C)O)C1(C)C
ZINC000005528101,C[C@@H]1CC[C@@H]2[C@H]1[C@H]1[C@@H](CC[C@@]2(C)O)C1(C)C
ZINC000005534507,CC1=CC(=O)C2=C(C)CC[C@H]3[C@H](C)C(=O)O[C@@H]3[C@@H]12
ZINC000005542285,C=C1C(=O)O[C@@H]2C[C@H]3[C@]4(C)CC[C@H]([C@H](C)CC/C=C(\C)C=O)[C@@]4(C)CC[C@]34C[C@]4(CCC(=O)OC)[C@H]12
ZINC000005554724,C=CC[C@@]12C=C(OC)C(=O)C=C1O[C@H](c1ccc3c(c1)OCO3)[C@H]2C
ZINC000005567799,CCC[C@@H](CC(=O)O)c1c2c(c(O)c3c1O[C@@H](C)[C@H](C)C3=O)C=CC(C)(C)O2
ZINC000005599818,CS[C@]1(CO)C(=O)N2[C@H]3C(=CC=C[C@@H]3O)C[C@@]2(SC)C(=O)N1C
ZINC000005601526,CC(C)=CCc1c2c(c(O)c3c(=O)c(-c4ccc(O)c(O)c4)coc13)C=CC(C)(C)O2
ZINC000005618663,C=C1C(=O)O[C@@H]2C[C@]3(C)O[C@@H]3CC[C@]3(C)O[C@H]3C[C@@H]12
ZINC000005639632,COc1cc([C@@H](O)[C@H](CO)Oc2ccc(/C=C/CO)cc2OC)ccc1O
ZINC000005640267,COc1ccc(-c2oc3cc(O)cc(O)c3c(=O)c2OC)cc1O
ZINC000005649505,CCCc1cc(O)c2c(c1)OC(C)(C)[C@@H]1CCC(C)=C[C@@H]21
ZINC000005662895,CC(=O)[C@]1(O)CC[C@@]2(O)[C@]1(C)[C@H](OC(=O)c1ccc(O)cc1)C[C@H]1[C@@]3(C)CC[C@H](O)CC3=CC[C@@]12O
ZINC000005663096,COc1cc([C@H]2OC[C@@H]3[C@H](c4cc(OC)c5c(c4)OCO5)OC[C@H]23)cc(OC)c1OC
ZINC000005664046,COc1ccc([C@@]23Oc4cc(OC)cc(OC)c4[C@]2(O)[C@H](O)[C@H](C(=O)N(C)C)[C@H]3c2ccccc2)cc1
ZINC000005665084,COc1cc([C@H]2OC[C@@H]3[C@@H](c4cc(OC)c(O)c(OC)c4)OC[C@H]23)ccc1O
ZINC000005665087,COc1cc([C@H]2OC[C@@H]3[C@H](c4cc(OC)c(O)c(OC)c4)OC[C@H]23)cc(OC)c1O
ZINC000005665354,C=C(C)[C@@H]1CC[C@@H]2C(=CC[C@]3(C)[C@H]([C@H](C)CC/C=C(/C)C(=O)O)CC[C@@]23C)[C@@]1(C)CCC(=O)O
ZINC000005665355,C=C(C)[C@@H]1CC[C@@H]2C(=CC[C@]3(C)[C@@H]([C@H](C)CC/C=C(/C)C(=O)O)CC[C@@]23C)[C@@]1(C)CCC(=O)O
ZINC000005666182,COc1cc(/C=C/C(=O)OCc2ccccc2)ccc1O
ZINC000005670074,COc1cc([C@@H]2c3cc4c(cc3[C@@H](O)[C@H]3COC(=O)[C@H]23)OCO4)cc(OC)c1O
ZINC000005670218,COc1cc2c(cc1OC)[C@@]13CCN4CC5=CCO[C@H]6CC(=O)N2[C@H]1[C@@H]6[C@H]5C[C@H]43
ZINC000005699918,COc1cc2c(cc1O)C(=O)N(C)CC2
ZINC000005722319,C=C1C(=O)O[C@H]2C[C@@H](C)[C@H]3[C@@H](OC(C)=O)C[C@H](O)[C@@]3(C)[C@@H](OC(C)=O)[C@H]12
ZINC000005722322,C=C1C(=O)O[C@H]2C[C@@H](C)[C@@H]3[C@@H](OC(C)=O)C[C@H](O)[C@@]3(C)[C@@H](OC(C)=O)[C@H]12
ZINC000005732241,COc1c(O)cc2oc(-c3ccc(O)cc3)cc(=O)c2c1O
ZINC000005732268,COc1c(-c2ccc(O)cc2)oc2cc(O)cc(O)c2c1=O
ZINC000005732362,COc1cc(O)c2c(=O)c(OC)c(-c3ccc(O)c(O)c3)oc2c1
ZINC000005732364,COc1cc(O)c2c(=O)c(OC)c(-c3ccc(O)cc3)oc2c1
ZINC000005732370,COc1cc(O)c2c(=O)c3c(O)ccc(O)c3oc2c1
ZINC000005732373,COc1cc(O)c2c(=O)cc(-c3ccc(O)c(OC)c3)oc2c1
ZINC000005732375,COc1cc(O)c2c(=O)cc(-c3ccc(O)cc3)oc2c1
ZINC000005732527,COc1cc(-c2coc3cc(O)c(OC)c(O)c3c2=O)cc(O)c1OC
ZINC000005732688,COc1cc(-c2cc(=O)c3c(O)cc(O)cc3o2)cc(OC)c1OC
ZINC000005732760,COc1cc(-c2oc3cc(O)c(OC)c(O)c3c(=O)c2OC)ccc1O
ZINC000005732865,COc1cc2c(c3oc4cccc(O)c4c(=O)c13)[C@@H]1C=CO[C@@H]1O2
ZINC000005732866,COc1cc2c(c3oc4cccc(O)c4c(=O)c13)[C@@H]1C=CO[C@H]1O2
ZINC000005732867,COc1cc2c(c3oc4cccc(O)c4c(=O)c13)[C@H]1C=CO[C@@H]1O2
ZINC000005732869,COc1cc2c(c3oc4cccc(O)c4c(=O)c13)[C@H]1C=CO[C@H]1O2
ZINC000005733531,COc1ccc(-c2oc3cc(OC)cc(O)c3c(=O)c2O)cc1
ZINC000005733532,COc1ccc(-c2oc3cc(OC)cc(O)c3c(=O)c2OC)cc1
ZINC000005733537,COc1ccc(-c2oc3cc(O)cc(O)c3c(=O)c2OC)cc1
ZINC000005733551,COc1ccc(-c2cc(=O)c3c(O)cc(OC)cc3o2)cc1
ZINC000005733553,COc1ccc(-c2cc(=O)c3c(O)c(OC)c(O)cc3o2)cc1
ZINC000005733641,COc1ccc(/C=C/C(=O)c2ccc(O)cc2O)cc1O
ZINC000005733652,COc1ccc(-c2cc(=O)c3c(O)cc(O)cc3o2)cc1O
ZINC000005733763,COc1ccc(-c2oc3cc(OC)c(OC)c(O)c3c(=O)c2OC)cc1OC
ZINC000005733766,COc1cc(O)c2c(=O)c(OC)c(-c3ccc(OC)c(OC)c3)oc2c1
ZINC000005735752,CC(C)=C1CC[C@@H](C)CC1=O
ZINC000005735995,COc1cc2c(c(OC)c1OC)-c1c(cc3c(c1OC)OCO3)C[C@@H](C)[C@](C)(O)C2
ZINC000005736909,OC[C@H]1O[C@@H](OCc2ccccc2)[C@H](O)[C@@H](O)[C@@H]1O
ZINC000005751264,C[C@H](CCCC(C)(C)O)[C@H]1CC[C@H]2[C@@H]3CC=C4C[C@@H](O)CC[C@]4(C)[C@H]3CC[C@@]21C
ZINC000005752357,COC(=O)C1=CO[C@@H](C)[C@H]2Cn3ccc4c5ccccc5nc-4c3C[C@H]12
ZINC000005759722,C[C@H](O)[C@H](C)[C@H](N)C(=O)O
ZINC000005761092,CC(C)[C@@H](C)/C=C/[C@@H](C)[C@H]1CC[C@H]2C3=CC[C@H]4CC(=O)CC[C@]4(C)[C@H]3CC[C@@]21C
ZINC000005761093,CC(C)[C@@H](C)/C=C/[C@@H](C)[C@H]1CC[C@H]2C3=CC[C@H]4C[C@@H](O)CC[C@]4(C)[C@H]3CC[C@@]21C
ZINC000005761646,CC(C)c1ccc2c(c1)CC[C@@H]1[C@]2(C)CCC[C@@]1(C)CO
ZINC000005761751,C=C1[C@H](OC(=O)/C=C(\C)CC)C[C@@H](C(C)C)[C@H]2[C@H]1CC(=O)[C@H]2[C@@H](C)OC(C)=O
ZINC000005762059,CC1(C)C=Cc2c(cc3oc4c(O)cccc4c(=O)c3c2O)O1
ZINC000005762063,CC1(C)C=Cc2c(ccc(-c3coc4cc(O)cc(O)c4c3=O)c2O)O1
ZINC000005762328,CC1(C)C=C2[C@H]3CC[C@@H]4[C@@]5(C)CC[C@H](O)C(C)(C)[C@@H]5CC[C@@]4(C)[C@]3(C)CC[C@@]2(C)CC1
ZINC000005765088,COc1cc(O)c2c(=O)oc3cc(O)cc(C)c3c2c1
ZINC000005765089,Cc1cc(O)cc2oc3cc(O)cc(O)c3c(=O)c12
ZINC000005765136,Cc1cc(=O)c2c(O)cc(O)cc2o1
ZINC000005765391,CC1(C)O[C@@]2(C)CC[C@@H]1C[C@@H]2O
ZINC000005765855,C=C1CC[C@@H]2[C@H]([C@H]3[C@H]1CC[C@]3(C)O)C2(C)C
ZINC000005766691,CC1=C2C(=C[C@@H]3[C@]4(CC[C@@H]5C(C)(C)CCC[C@@]35C)O[C@H]24)OC1=O
ZINC000005767598,CC(=O)O[C@]12CCC(C)=CC[C@]13CC[C@H]2[C@@](C)(/C=C/C=C(\C)C(=O)O)OC3=O
ZINC000005767600,COC(=O)C1=CC[C@]23CC[C@H]([C@@]2(OC(C)=O)CC1)[C@@](C)(/C=C/C=C(\C)C(=O)O)OC3=O
ZINC000005783606,COc1cc2c(c(O)c1OC)c(=O)c1ccccc1n2C
ZINC000005783661,O=C(O)[C@@H](O)[C@@H](O)[C@H](O)[C@@H](O)C(=O)O
ZINC000005812872,O=C1c2cc(O)cc(O)c2C(=O)c2c(O)cc(CO)cc21
ZINC000005821904,CCCC[C@H]1OC(=O)C2=C1CCC=C2
ZINC000005822220,CCCC[C@@H]1OC(=O)C2=C1CCC=C2
ZINC000005822376,C[C@H](CCC(=O)NCCS(=O)(=O)O)[C@H]1CC[C@H]2[C@H]3[C@H](CC[C@@]21C)[C@@]1(C)CC[C@@H](O)C[C@H]1C[C@H]3O
ZINC000005828633,NCCCCN
ZINC000005828682,NCCCN
ZINC000005830072,O=S(=O)(O)N[C@H]1[C@@H](O)O[C@H](CO)[C@@H](O)[C@@H]1O
ZINC000005836717,CC1=C(CCc2ccoc2)[C@@]2(C)CCCC(C)(C)[C@@H]2C(=O)[C@@H]1O[C@H]1C(=O)[C@@H]2C(C)(C)CCC[C@]2(C)[C@](O)(CCc2ccoc2)[C@H]1C
ZINC000005838160,O=C1c2c(O)cc(O)cc2O[C@H](c2ccc(O)cc2)[C@@H]1[C@H]1C(=O)c2c(O)cc(O)cc2O[C@H]1c1ccc(O)cc1
ZINC000005838202,O=C1C[C@@H](c2ccc(O)c(O)c2)c2c(cc(O)c3c2O[C@H](c2ccc(O)c(O)c2)[C@H](O)C3)O1
ZINC000005842416,O=c1cc(-c2ccc(O)cc2)oc2cc(O)c(O)c(O)c12
ZINC000005842977,O=c1ccc2c(O)c3ccoc3cc2o1
ZINC000005844406,C=C(C)[C@H]1CCC(C)=C[C@H]1c1c(O)cc(CCC)cc1O
ZINC000005844413,C=C(C)[C@@H]1CCC(C)=C[C@H]1c1c(O)cc(CCC)cc1O
ZINC000005844415,C=C(C)[C@H]1CCC(C)=C[C@@H]1c1c(O)cc(CCC)cc1O
ZINC000005844421,C=C(C)[C@@H]1CCC(C)=C[C@@H]1c1c(O)cc(CCC)cc1O
ZINC000005849312,CC(C)=CCc1c(O)c(CC=C(C)C)c2oc3c(O)cccc3c(=O)c2c1O
ZINC000005850273,C1CNCCNCCNCCN1
ZINC000005853927,C=C1C(=O)[C@]23C[C@H]1C[C@H](OC(C)=O)[C@H]2[C@]1(C)[C@@H](OC(C)=O)C[C@H](O)C(C)(C)[C@H]1C(=O)[C@@H]3OC(C)=O
ZINC000005854353,CC(C)=CCc1c(O)cc2occ(-c3ccc(O)cc3O)c(=O)c2c1O
ZINC000005854389,CC(C)=CCc1c(O)c(CC=C(C)C)c2occ(-c3ccc(O)cc3)c(=O)c2c1O
ZINC000005854394,CC(C)=CCc1c(O)c(CC=C(C)C)c2occ(-c3ccc(O)cc3O)c(=O)c2c1O
ZINC000005854400,CC(C)=CCc1c(O)c(CC=C(C)C)c2oc3c(O)ccc(O)c3c(=O)c2c1O
ZINC000005854490,CC(C)=CCc1c([C@@H]2CCc3ccc(O)cc3O2)cc2c(c1O)OC(C)(C)C=C2
ZINC000005854502,COc1cc2occ(-c3ccc(O)cc3)c(=O)c2c(O)c1CC=C(C)C
ZINC000005854524,COc1cc2c(c(OC)c1CC=C(C)C)C[C@H](c1ccc(O)cc1O)CO2
ZINC000005854529,COc1cc2oc(=O)c(-c3ccc(O)cc3O)cc2c(OC)c1CC=C(C)C
ZINC000005854532,COc1cc2oc(-c3ccc(O)cc3O)cc2c(OC)c1CC=C(C)C
ZINC000005854565,COc1c(CC=C(C)C)c(O)cc2c1C[C@H](c1ccc(O)c(CC=C(C)C)c1O)CO2
ZINC000005854607,COc1cc(O)cc2c1[C@@H]1Oc3c(ccc(O)c3CC=C(C)C)[C@@H]1CO2
ZINC000005854773,COc1ccc2c3c([nH]c2c1)[C@H](C=C(C)C)N1C(=O)[C@@H]2CCCN2C(=O)[C@@H]1C3
ZINC000005856007,CCOC(=O)Cc1ccc(O)cc1O
ZINC000005857043,C=C[C@H](O)C#CC#C[C@@H](O)/C=C/CCCCCCCCOC(C)=O
ZINC000005858402,CC(=O)Oc1cc(OC(C)=O)c2c(=O)cc(-c3ccccc3)oc2c1
ZINC000005859351,CCOCc1ccc(O)cc1
ZINC000005861418,CCO[C@@H]1O[C@H](CO)[C@@H](O)[C@H](O)[C@H]1O
ZINC000005892775,O=C1C=C[C@H]2O[C@H](c3ccccc3)[C@@H](O)[C@H]2O1
ZINC000005912705,C[C@H](CCC(=O)O)[C@@H]1CC[C@H]2[C@@H]3C(=O)C[C@@H]4CC(=O)CC[C@]4(C)[C@H]3CC(=O)[C@]12C
ZINC000005922055,CC[C@@H](C)C(=O)Oc1cc(C)ccc1C(C)C
ZINC000005923638,CC[C@](C)(O)C(=O)N[C@H]1CCCN1C(=O)/C=C/c1ccccc1
ZINC000005924540,CC[C@H](C)C(=O)Oc1cc(C)ccc1C(C)C
ZINC000005925644,CC[C@H](CC[C@@H](C)[C@H]1CC[C@H]2[C@@H]3C(=O)C=C4C[C@@H](O)CC[C@]4(C)[C@H]3CC[C@@]21C)C(C)C
ZINC000005925649,CC[C@H](CC[C@@H](C)[C@H]1CC[C@H]2[C@@H]3[C@H](O)C=C4C[C@@H](O)CC[C@]4(C)[C@H]3CC[C@@]21C)C(C)C
ZINC000005934751,O=C1CCc2ccccc2O1
ZINC000005940182,COc1cc2c(=O)c3ccccc3oc2c(O)c1OC
ZINC000005955099,CC[C@@]12CCCN3C(=O)C=C(c4ccccc4NC(=O)CC1)[C@]32O
ZINC000005962466,COc1ccc2ccc(=O)oc2c1CC(=O)C(C)C
ZINC000005963549,CC1(C)C=Cc2c(O)ccc(C3=Cc4ccc(O)cc4OC3)c2O1
ZINC000005963645,CC1(C)CCc2c(ccc(C(=O)/C=C/c3ccc(O)cc3)c2O)O1
ZINC000005963890,C=C(CO)[C@@H]1CC[C@]2(C)CC[C@]3(C)[C@H](CC[C@@H]4[C@@]5(C)CC[C@H](O)C(C)(C)[C@@H]5CC[C@]43C)[C@@H]12
ZINC000005964314,CC1=C2C(=O)O[C@@H](c3ccoc3)[C@]2(C)CC[C@@H]1O
ZINC000005966911,COc1ccc2c(cc3c4c(cc5c(c42)OCO5)CCN3C)c1OC
ZINC000005975487,OCCNCCO
ZINC000005997214,COC(=O)[C@H](O)Cc1ccc(O)cc1
ZINC000005997758,COC1=C[C@]23CCCN2CCc2cc4c(cc2[C@]3(O)[C@@H]1O)OCO4
ZINC000005998163,CO[C@@H]1CCC(=O)N1
ZINC000005998287,CO[C@H]1CCC(=O)N1
ZINC000005998359,CO[C@]1(CO)O[C@H](CO)[C@@H](O)[C@@H]1O
ZINC000005998557,COc1c(O)cc2oc(-c3ccc(O)c(O)c3)cc(=O)c2c1O
ZINC000005998558,COc1c(O)cc2oc(-c3ccccc3)cc(=O)c2c1O
ZINC000005998596,COc1c(-c2ccc(O)c(O)c2)oc2cc(O)cc(O)c2c1=O
ZINC000005998671,COc1c(O)ccc2c1cnc1c3cc4c(cc3ccc21)OCO4
ZINC000005998679,COc1c2cc(c(O)c1OC)CCCCC(=O)CCc1ccc(O)c-2c1
ZINC000005998680,COc1c2cc(c(O)c1OC)CCCC[C@@H](O)CCc1ccc(O)c-2c1
ZINC000005998716,COc1c(OC)c(OC)c2oc(=O)ccc2c1OC
ZINC000005998737,COc1c2ccoc2nc2c(OC)c(O)ccc12
ZINC000005998752,COc1cc(O)c2c(=O)c(OC)c(-c3ccc(O)c(OC)c3)oc2c1
ZINC000005998754,COc1cc(O)c2c(=O)c(O)c(-c3ccc(O)cc3)oc2c1
ZINC000005998802,COc1cc(OC)c(CCC(=O)c2ccc(O)cc2)c(OC)c1
ZINC000005998918,COc1cc(O)c2c(=O)cc(-c3ccccc3)oc2c1OC
ZINC000005998943,COc1cc(O)cc(O)c1C(=O)/C=C/c1ccc(O)cc1
ZINC000005998954,COc1cc(C(=O)OCCCCNC(=N)N)cc(OC)c1O
ZINC000005998959,COc1cc([C@H]2OC[C@@H]3[C@H]2CO[C@H]3c2cc(OC)c(O)c(OC)c2)cc(OC)c1O
ZINC000005998961,COc1cc(-c2cc(=O)c3c(O)cc(O)cc3o2)cc(OC)c1O
ZINC000005999015,COc1cc(-c2coc3cc4c(c(OC)c3c2=O)OCO4)cc(OC)c1OC
ZINC000005999025,COc1cc(O)cc2c1C(=O)C[C@@H](c1ccc(O)cc1)O2
ZINC000005999026,COc1cc(O)cc2c1C(=O)[C@H](O)[C@@H](c1ccccc1)O2
ZINC000005999029,COc1cc(O)cc2c1C(=O)c1c(O)cc(CO)cc1C2=O
ZINC000005999049,COc1cc(O)ccc1C(=O)/C=C/c1ccc(O)c(O)c1
ZINC000005999086,COc1cc(/C=C/C(=O)NCCc2ccc(O)c(OC)c2)ccc1O
ZINC000005999108,COc1cc(C[C@H]2COC[C@@H]2Cc2ccc(O)c(OC)c2)ccc1O
ZINC000005999135,COc1cc([C@@H]2Oc3c(OC)cc(/C=C/CO)cc3[C@H]2CO)ccc1O
ZINC000005999141,COc1cc(-c2oc3cc(OC)c(OC)c(O)c3c(=O)c2OC)ccc1O
ZINC000005999148,COc1cc(-c2oc3cc(O)cc(O)c3c(=O)c2OC)ccc1O
ZINC000005999157,COc1cc(-c2coc3cc(O)ccc3c2=O)ccc1O
ZINC000005999205,COc1cc2c(=O)c(-c3ccc(O)cc3)coc2cc1O
ZINC000006017650,COc1cc2oc(-c3ccc(O)c(O)c3)c(OC)c(=O)c2c(O)c1OC
ZINC000006017660,COc1cc(O)c2c(c1)CCC21CCC(=O)CC1
ZINC000006017662,COc1cc(O)c2c(c1)CC[C@@]21C=CC(=O)CC1
ZINC000006017816,COc1cc2c(cc1OC)-c1cc3ccc4c(c3c[n+]1CC2)OCO4
ZINC000006017925,COc1cc2c3c(cc4ccccc4c3c1OC)NC2=O
ZINC000006017936,COc1cc2c(cc1O)-c1cc3cc(OC)c(OC)cc3c[n+]1CC2
ZINC000006017976,COc1ccc(C[C@@H]2c3cc(Oc4cc(C[C@@H]5c6cc(OC)c(OC)cc6CCN5C)ccc4O)c(OC)cc3CCN2C)cc1
ZINC000006017986,COc1ccc(O)c2c(=O)c3cc(O)ccc3oc12
ZINC000006018515,COC(=O)/C=C/c1ccc(OC)c(O)c1
ZINC000006018556,COc1ccc(-c2oc3cc(OC)c(OC)c(O)c3c(=O)c2OC)cc1O
ZINC000006018559,COc1cc(O)c2c(=O)cc(-c3ccc(OC)c(O)c3)oc2c1
ZINC000006018563,COc1ccc(-c2coc3cc(O)ccc3c2=O)cc1O
ZINC000006018565,COc1ccc(/C=C2/C(=O)OC[C@@H]2Cc2ccc3c(c2)OCO3)cc1OC
ZINC000006018567,COc1ccc(/C=C/CCO)cc1OC
ZINC000006018635,COc1ccc(C[C@H]2CO[C@H](c3ccc(OC)c(OC)c3)[C@H]2CO)cc1OC
ZINC000006018655,COc1ccc([C@H]2OC[C@@H]3[C@H]2CO[C@H]3c2ccc3c(c2)OCO3)cc1OC
ZINC000006018659,COc1ccc([C@H]2OC[C@@H]3[C@@H](c4cc(OC)c(OC)c(OC)c4)OC[C@H]23)cc1OC
ZINC000006018661,COc1ccc([C@H]2OC[C@@H]3[C@@H](c4ccc5c(c4)OCO5)OC[C@H]23)cc1OC
ZINC000006018691,COc1ccc(-c2cc(=O)c3c(O)c(OC)c(O)cc3o2)cc1OC
ZINC000006018743,COc1ccc2c(c1)OC[C@@]1(O)c3cc4c(cc3O[C@@H]21)OCO4
ZINC000006019135,CC1(C)CC[C@]2(C(=O)O)CC[C@]3(C)[C@H](C(=O)C=C4[C@@]3(C)CC[C@H]3C(C)(C)C(=O)C(C#N)=C[C@]43C)[C@@H]2C1
ZINC000006019396,COn1cc(C(=O)O)c2ccccc21
ZINC000006030285,C[C@H](O)[C@@]1(O)CC[C@H]2[C@@H]3CC=C4C[C@@H](O)CC[C@]4(C)[C@H]3CC[C@@]21C
ZINC000006030349,C[C@H](O)c1ccc2c(c1)C=CC(C)(C)O2
ZINC000006030836,C[C@@H]1CCCC2=CC(=O)[C@@H]3[C@@H](C3(C)C)[C@]21C
ZINC000006031158,C[C@@H]1CC[C@]2(O)C(C=O)=CO[C@@H](O[C@@H]3O[C@H](CO)[C@@H](O)[C@H](O)[C@H]3O)[C@H]12
ZINC000006031974,COc1ccc2ccc(=O)oc2c1/C=C/[C@](C)(O)CO
ZINC000006032117,COC(=O)C1=CO[C@@H](O[C@@H]2O[C@H](CO)[C@@H](O)[C@H](O)[C@H]2O)[C@H]2[C@@H]1CC[C@]2(C)O
ZINC000006032270,C=C1C[C@@]23CC[C@@H]4[C@](C)(C(=O)O)CCC[C@@]4(C)C2=CC[C@@H]1C3
ZINC000006032343,C[C@@]12C[C@H](c3ccoc3)O[C@@]13C[C@H](OC3=O)[C@@H]1[C@H]3C[C@@H](C[C@H]12)OC3=O
ZINC000006036208,C[C@H](CCC(=O)O)[C@@H]1CC[C@H]2[C@@H]3CC[C@@H]4C[C@H](O)CC[C@]4(C)[C@H]3C[C@H](O)[C@]12C
ZINC000006037122,C[C@@H](O)c1ccc2c(c1)C=CC(C)(C)O2
ZINC000006037228,CC(C)=CCC[C@]1(C)CC[C@]2(C)[C@H]3CC[C@@]4(C)[C@@H](CCC(=O)[C@@H]4C)[C@]3(C)CC[C@@]2(C)C1
ZINC000006041766,COc1ccc(C[C@@H]2COc3cc(O)cc(O)c3C2=O)cc1O
ZINC000006050663,CCC(=O)O
ZINC000006066842,C[C@H]1[C@H](O)CC[C@H]2[C@]3(C)CC[C@@]4(C)[C@@H]5CC(C)(C)CC[C@]5(C)CC[C@]4(C)[C@H]3CC[C@@]21C
ZINC000006066923,C[C@@H]1O[C@@H](Oc2ccc(CC#N)cc2)[C@H](O)[C@H](O)[C@H]1O
ZINC000006066927,C[C@@H]1O[C@@H](Oc2ccc(CN=C=S)cc2)[C@H](O)[C@H](O)[C@H]1O
ZINC000006067010,C[C@H]1[C@@H](O)CC[C@H]2[C@]3(C)CC[C@@]4(C)[C@@H]5CC(C)(C)CC[C@]5(C)CC[C@]4(C)[C@H]3CC[C@@]21C
ZINC000006067191,COc1ccc2ccc(=O)oc2c1/C=C/[C@@](C)(O)CO
ZINC000006067611,C=C1CC[C@H]2[C@@](C)(C(=O)OC)CCC[C@]2(C)[C@H]1CCC1=CCOC1=O
ZINC000006068020,COc1cc(O)c2c(c1)C1=C[C@@H](O)[C@H](O)C[C@]1(C)OC2=O
ZINC000006068297,COc1ccc2c(c1O)[C@H](Cc1ccc(O)cc1)[N+](C)(C)CC2
ZINC000006069011,COc1c(C)c(OCC=C(C)C)cc2c1COC2=O
ZINC000006069162,Cc1nccc2c1[nH]c1ccccc12
ZINC000006069197,Cc1c2c(cc3c1[C@H](c1ccoc1)OC3=O)C1=C(CC=C2)C(=O)OC1
ZINC000006069214,Cc1c(S(=O)(=O)O)oc2c1C(=O)C(=O)c1c-2ccc2c1CCCC2(C)C
ZINC000006069566,Cc1cc(=O)c2c(O)c(C)c(O)c(C)c2o1
ZINC000006070296,Cc1cc2c(c(C)c1CCO[C@@H]1O[C@H](CO)[C@@H](O)[C@H](O)[C@H]1O)C(=O)C(C)(C)[C@H]2O
ZINC000006070307,COc1c(O)cc2c(c1O)C(=O)c1c(cc(C)c(O)c1OC)C2=O
ZINC000006071066,CC(C)=CC(=O)C[C@H](C)c1ccc(C)cc1
ZINC000006072466,CCCCCCCCCCCCCCCC(=O)O
ZINC000006090922,O=c1c2cc(O)c(O)cc2oc2cc(O)cc(O)c12
ZINC000006091645,O=C(OCc1ccoc1)c1ccc[nH]1
ZINC000006091723,O=C1C[C@@H](c2c(O)cccc2O)Oc2cc(O)cc(O)c21
ZINC000006092199,O=c1cc(-c2ccc(O)c(O)c2)oc2cc(O)ccc12
ZINC000006092209,O=c1c(-c2ccc(O)c(O)c2)coc2cc(O)cc(O)c12
ZINC000006092566,Oc1cc(O)cc(-c2cc3ccc(O)cc3o2)c1
ZINC000006092613,OC[C@H]1O[C@@H](Oc2c(O)cc(O)cc2/C=C/c2ccc(O)cc2)[C@H](O)[C@@H](O)[C@@H]1O
ZINC000006092708,O=C(NCCO)c1ccc(O)cc1
ZINC000006092732,O=C(O[C@@H]1C[C@@]2(O)CO[C@H]3O[C@H](O)C[C@@H]1[C@H]32)c1ccc(O)cc1
ZINC000006092746,O=C(c1ccc(O)cc1)c1c(O)cc(O)c([C@@H]2O[C@H](CO)[C@@H](O)[C@H](O)[C@H]2O)c1O
ZINC000006092865,OC[C@H]1O[C@@H](OCCc2ccc(O)cc2)[C@H](O)[C@@H](O)[C@@H]1O
ZINC000006093689,O=C1COc2cc(O)ccc2-c2cc(O)c(O)cc2C1
ZINC000006093735,O=c1c2cc(O)ccc2oc2c(O)cccc12
ZINC000006093879,O=C1OCC=C1[C@H]1CCc2ccc3c(c2C1)[C@H](c1ccoc1)OC3=O
ZINC000006096244,NCc1ccccc1
ZINC000006096537,O=C(N[C@@H](Cc1ccccc1)C(=O)N[C@H](CO)Cc1ccccc1)c1ccccc1
ZINC000006116424,O=C1C=CC[C@H]([C@H](O)[C@H](O)c2ccccc2)O1
ZINC000006117542,O=C1C[C@@H]2OCC=C3CN4CC[C@]56c7ccccc7N1[C@H]5[C@@H]2[C@H]3C[C@H]46
ZINC000006119185,O=c1ccoc2cc(O)cc(O)c12
ZINC000006344064,O=C(O)CNC(=O)c1ccccc1
ZINC000006381038,CCC[C@@H]1CC(=O)Oc2c(C(=O)[C@@H](C)[C@@H](C)O)c(O)c3c(c21)OC(C)(C)C=C3
ZINC000006381041,CCC[C@@H]1CC(=O)Oc2c(C(=O)[C@H](C)[C@@H](C)O)c(O)c3c(c21)OC(C)(C)C=C3
ZINC000006403375,COc1cc(O)c2c(=O)c(O)c(-c3ccc(O)c(OC)c3)oc2c1
ZINC000006411540,COc1ccc(-c2oc3cc(O)cc(O)c3c(=O)c2O)cc1
ZINC000006437922,C[C@@H]1CNC(=O)NC1=O
ZINC000006442880,C[C@H](CCC(=O)O)[C@@H]1CC[C@H]2[C@@H]3[C@@H](O)C[C@@H]4C[C@H](O)CC[C@]4(C)[C@H]3CC[C@]12C
ZINC000006481415,C[C@H]1CNC(=O)NC1=O
ZINC000006482465,COC(=O)[C@]1(O)C[C@@H](O)[C@@H](O)[C@H](OC(=O)/C=C/c2ccc(O)c(O)c2)C1
ZINC000006483405,COc1c(O)cc2oc(-c3ccc(O)c(O)c3)c(OC)c(=O)c2c1O
ZINC000006483423,COc1c(O)cc(C[C@@]2(O)Oc3cc(O)cc(O)c3C2=O)cc1O
ZINC000006483425,COc1c(O)cc(C[C@]2(O)Oc3cc(O)cc(O)c3C2=O)cc1O
ZINC000006483435,COc1c(/C=C/C(=O)c2ccc(O)cc2)ccc(O)c1O
ZINC000006483511,COc1cc(O)c2c(=O)c3cccc(O)c3oc2c1
ZINC000006483512,COc1cc(O)c2c(c1)oc(=O)c1c3cc(O)c(O)cc3oc21
ZINC000006483517,COc1cc(O)cc2oc(-c3ccc(O)cc3)cc(=O)c12
ZINC000006483567,COc1cc(O)cc(/C=C/c2ccc(O)cc2)c1
ZINC000006484601,COc1ccc([C@@H]2Oc3cc(O)cc(O)c3C(=O)[C@H]2O)cc1O
ZINC000006484603,COc1cc(O)c2c(=O)c(OC)c(-c3ccc(OC)c(O)c3)oc2c1
ZINC000006484605,COc1ccc(-c2cc(=O)c3c(O)c(OC)c(O)cc3o2)cc1O
ZINC000006484761,COc1ccc2cc3n(cc-2c1=O)CCc1cc2c(cc1-3)OCO2
ZINC000006485079,COc1cccc2oc3c(O)cccc3c(=O)c12
ZINC000006491272,C=C1C[C@@]23CC[C@H]4[C@@](C)(CCC[C@@]4(C)C(=O)O)[C@@H]2CC[C@]1(O)C3
ZINC000006491310,C=C1C(=O)O[C@H]2[C@H]1CC[C@]1(C)[C@@H]2C(=C)CC[C@H]1O
ZINC000006491329,C=C1CC[C@H]2[C@@](C)(CC[C@@H](O)[C@@]2(C)CO)[C@@H]1C/C=C1\C=COC1=O
ZINC000006507065,C[N+](C)(C)CCO[P@@](=O)(O)O[P@@](=O)(O)OC[C@H]1O[C@@H](n2ccc(N)nc2=O)[C@H](O)[C@@H]1O
ZINC000006520504,COc1cc2oc3c(c(=O)c2c(O)c1C)-c1cccc(O)c1O[C@H]3O
ZINC000006520505,COc1cc2oc3c(c(=O)c2c(O)c1C)-c1cccc(O)c1O[C@@H]3O
ZINC000006523722,Cn1c2ccccc2c(=O)c2c(O)cccc21
ZINC000006524404,O=C1c2c(O)cc(O)cc2O[C@]1(O)Cc1cc(O)c(O)c(O)c1
ZINC000006524405,O=C1c2c(O)cc(O)cc2O[C@@]1(O)Cc1cc(O)c(O)c(O)c1
ZINC000006524447,OC[C@H]1O[C@@H](Oc2cc(O)cc(O)c2)[C@H](O)[C@@H](O)[C@@H]1O
ZINC000006524916,O=c1c2cc(O)ccc2oc2cccc(O)c12
ZINC000006525249,O=c1c(-c2ccc(O)cc2O)coc2cc(O)cc(O)c12
ZINC000006525252,O=c1c(-c2ccc(O)cc2O)coc2cc(O)ccc12
ZINC000006525318,O=c1c2ccc(O)c(O)c2oc2cccc(O)c12
ZINC000006567211,OCc1ccc(-c2ccc(-c3cccs3)s2)s1
ZINC000006569127,O=c1c(O[C@@H]2OC[C@H](O)[C@H](O)[C@H]2O)c(-c2ccc(O)c(O)c2)oc2cc(O)cc(O)c12
ZINC000006579654,NCCc1ccccc1
ZINC000006603401,COc1cc(/C=C\C(=O)N2CCCC2)cc(OC)c1OC
ZINC000006623664,C[C@]12C[C@H](O)[C@@H]3[C@@H](CCC4=CC(=O)CC[C@@]43C)[C@@H]1CC[C@]2(O)C(=O)CO
ZINC000006634471,C=C1C(=O)O[C@H]2[C@H]1CC[C@]1(C)O[C@@]13CC=C(C)[C@@H]23
ZINC000006827693,O=C(O)O
ZINC000006845076,CC1=C(/C=C/C(C)=C/C=C/C(C)=C/C=C/C=C(C)/C=C/C=C(C)/C=C/C2=C(C)CCCC2(C)C)C(C)(C)CCC1
ZINC000006845860,CCCCCCCC/C=C\CCCCCCCC(=O)O
ZINC000006845904,CC(C)=CCC/C(C)=C/CC/C(C)=C/CC/C=C(\C)CC/C=C(\C)CCC=C(C)C
ZINC000006857614,C[C@H]1[C@H]2[C@H](C[C@H]3[C@@H]4CC=C5C[C@@H](O)CC[C@]5(C)[C@H]4CC[C@@]32C)O[C@]12CC[C@@H](C)CO2
ZINC000006858022,C[C@H](CCC(=O)O)[C@H]1CC[C@H]2[C@H]3[C@H](C[C@H](O)[C@@]21C)[C@@]1(C)CC[C@@H](O)C[C@H]1C[C@H]3O
ZINC000006920376,CCCCCCCCCCCCCCCCCCCC(=O)O
ZINC000006920378,CCCCCCCCCCCCCCCCCCCCCC(=O)O
ZINC000006920379,CCCCCCCCCCCCCCCCCCCCCCC(=O)O
ZINC000006920384,CCCCCCCCCCCCCCCCCCCCCCO
ZINC000006920386,CCCCCCCCCCCCCCCCCCCCCCCCCCCCCCO
ZINC000006920397,CCCCCCCCCCCCCCCCCCOC[C@H](O)CO
ZINC000006920403,OC[C@H]1O[C@H](O[C@H]2[C@H](O)[C@@H](CO)O[C@@]2(CO)O[C@H]2O[C@H](CO)[C@@H](O)[C@H](O)[C@H]2O)[C@H](O)[C@@H](O)[C@@H]1O
ZINC000006920405,OC[C@H]1O[C@@](CO)(O[C@H]2O[C@H](CO[C@H]3O[C@H](CO)[C@H](O)[C@H](O)[C@H]3O)[C@@H](O)[C@H](O)[C@H]2O)[C@@H](O)[C@@H]1O
ZINC000006920421,CCCCCCCCCCCCCCCCCCCCCCCCCCCCC
ZINC000006920440,CCCCCCCC/C=C\CCCCCCCCCCCCCC(=O)O
ZINC000008034121,NCCS
ZINC000008034818,CC(N)=O
ZINC000008035017,CCCCCCCCCCCCCCCC(=O)NCCO
ZINC000008143541,CN[C@H](C)[C@@H]1CC[C@@H](N)[C@@H](O[C@@H]2[C@@H](N)C[C@@H](N)[C@H](O[C@H]3OC[C@](C)(O)[C@H](NC)[C@H]3O)[C@H]2O)O1
ZINC000008143568,COc1ccc([C@@H]2CC(=O)c3c(O)cc(O[C@@H]4O[C@H](CO[C@@H]5O[C@@H](C)[C@H](O)[C@@H](O)[C@H]5O)[C@@H](O)[C@H](O)[C@H]4O)cc3O2)cc1O
ZINC000008143604,C[C@@H]1O[C@@H](O[C@H]2[C@H](Oc3cc(O)c4c(c3)O[C@H](c3ccc(O)cc3)CC4=O)O[C@H](CO)[C@@H](O)[C@@H]2O)[C@H](O)[C@H](O)[C@H]1O
ZINC000008143614,C[C@@H]1O[C@@H](O[C@H]2C[C@@H](O)[C@]3(CO)[C@H]4[C@H](O)C[C@]5(C)[C@@H](C6=CC(=O)OC6)CC[C@]5(O)[C@@H]4CC[C@]3(O)C2)[C@H](O)[C@H](O)[C@H]1O
ZINC000008143640,C[C@H]1CC[C@]2(NC1)O[C@H]1C[C@H]3[C@@H]4CC[C@H]5C[C@@H](O)CC[C@]5(C)[C@H]4CC[C@]3(C)[C@H]1[C@@H]2C
ZINC000008143774,C[C@H](CCC(=O)NCC(=O)O)[C@H]1CC[C@H]2[C@H]3[C@H](C[C@H](O)[C@@]21C)[C@@]1(C)CC[C@@H](O)C[C@H]1C[C@H]3O
ZINC000008143788,C[C@@H]1CC[C@H]2[C@@H](C)C(=O)O[C@@H]3O[C@@]4(C)CC[C@@H]1[C@]32OO4
ZINC000008143796,CC(=O)O[C@H]1C[C@@]2(C)[C@@H](C[C@@H](O)[C@H]3[C@@]4(C)CC[C@@H](O)[C@@H](C)[C@@H]4CC[C@@]32C)/C1=C(\CCC=C(C)C)C(=O)O
ZINC000008214360,CCO[C@H]1O[C@@H]2O[C@@]3(C)CC[C@H]4[C@H](C)CC[C@@H]([C@H]1C)[C@]42OO3
ZINC000008214370,CC(=O)O[C@@H]1C[C@H](O)[C@@]23CO[C@@H](O)[C@]1(C)[C@@H]2C[C@@H](O)[C@]1(C)[C@@H]3C(=O)[C@H](OC(C)=O)[C@@]2(C)[C@H](c3ccoc3)C[C@H]3O[C@@]312
ZINC000008214375,C[C@@H]1C(=O)O[C@H](C)[C@H]1C[C@@H](O)[C@](C)(O)[C@H]1CC[C@@]2(O)C3=CC(=O)[C@@H]4C[C@@H](O)[C@@H](O)C[C@]4(C)[C@H]3CC[C@]12C
ZINC000008214398,C[C@]1(OC(=O)/C=C/c2ccccc2)C[C@@H](O)[C@]2(O)C=CO[C@@H](O[C@@H]3O[C@H](CO)[C@@H](O)[C@H](O)[C@H]3O)[C@H]12
ZINC000008214406,C[C@H]1CC[C@@H]2N(C1)C[C@H]1[C@@H]3C[C@H]4[C@@H](CC(=O)[C@H]5C[C@@H](O)CC[C@@]54C)[C@@H]3CC[C@H]1[C@]2(C)O
ZINC000008214484,N#C[C@H](O[C@@H]1O[C@H](CO[C@@H]2O[C@H](CO)[C@@H](O)[C@H](O)[C@H]2O)[C@@H](O)[C@H](O)[C@H]1O)c1ccccc1
ZINC000008214486,CN[C@@H]1[C@@H](O[C@H]2O[C@H](CO)[C@@H](N)[C@H](O)[C@H]2O)O[C@H]2C[C@@H](N)[C@@H](O[C@@H]3[C@@H](N)C[C@@H](N)[C@H](O)[C@H]3O)O[C@@H]2[C@@H]1O
ZINC000008214514,NC(N)=O
ZINC000008214547,C[C@H]1[C@H]2[C@H](C[C@H]3[C@@H]4CC=C5C[C@@H](O[C@@H]6O[C@H](CO)[C@@H](O)[C@H](O)[C@H]6O)CC[C@]5(C)[C@H]4CC[C@@]32C)O[C@]12CC[C@@H](C)CO2
ZINC000008214590,NC[C@H]1O[C@H](O[C@@H]2[C@@H](N)C[C@@H](N)[C@H](O[C@H]3O[C@H](CO)[C@@H](O)[C@H](N)[C@H]3O)[C@H]2O)[C@H](O)[C@@H](O)[C@@H]1O
ZINC000008214596,CCCCCCCCCCCCN1CCCCCC1=O
ZINC000008214617,NCCO
ZINC000008214621,CO[C@H]1C[C@H](O[C@H]2CC[C@]3(C)[C@H]4CC[C@]5(C)[C@@H](C6=CC(=O)OC6)[C@@H](OC(C)=O)C[C@]5(O)[C@@H]4CC[C@@H]3C2)O[C@@H](C)[C@@H]1O
ZINC000008214681,CN[C@@H]1[C@H](O[C@H]2[C@H](O[C@@H]3[C@@H](NC(=N)N)[C@H](O)[C@@H](NC(=N)N)[C@H](O)[C@H]3O)O[C@@H](C)[C@]2(O)C=O)O[C@@H](CO)[C@H](O)[C@H]1O
ZINC000008214684,C[C@H](CCC(=O)NCCS(=O)(=O)O)[C@H]1CC[C@H]2[C@H]3[C@H](C[C@H](O)[C@@]21C)[C@@]1(C)CC[C@@H](O)C[C@H]1C[C@H]3O
ZINC000008214692,NC[C@H]1O[C@H](O[C@@H]2[C@@H](N)C[C@@H](N)[C@H](O[C@H]3O[C@H](CO)[C@@H](O)[C@H](N)[C@H]3O)[C@H]2O)[C@H](N)C[C@@H]1O
ZINC000008214693,CC1=C(C)C(=O)C(CC[C@](C)(O)CCC[C@H](C)CCC[C@H](C)CCCC(C)C)=C(C)C1=O
ZINC000008214701,CCCCCCCCCCCCCCCC(=O)OCC(COC(=O)CCCCCCCCCCCCCCC)OC(=O)CCCCCCCCCCCCCCC
ZINC000008214721,C[C@H]1[C@@H]2[C@H](C[C@H]3[C@@H]4CC=C5C[C@@H](O)CC[C@]5(C)[C@H]4CC[C@@]32C)O[C@]12CC[C@@H](C)CN2
ZINC000008214722,C[C@H]1[C@H]2[C@H](C[C@H]3[C@@H]4CC=C5C[C@@H](O)CC[C@]5(C)[C@H]4CC[C@@]32C)O[C@]12CC[C@@H](C)CN2
ZINC000008214757,C[C@@H]1O[C@@H](O[C@H]2C[C@@H](O)[C@]3(CO)[C@@H]4[C@H](O)C[C@]5(C)[C@@H](C6=CC(=O)OC6)CC[C@]5(O)[C@@H]4CC[C@]3(O)C2)[C@H](O)[C@H](O)[C@H]1O
ZINC000008214766,NC(=O)c1ccc[n+]([C@@H]2O[C@H](CO[P@](=O)(O)O[P@](=O)(O)OC[C@H]3O[C@@H](n4cnc5c(N)ncnc54)[C@H](O)[C@@H]3O)[C@@H](O)[C@H]2O)c1
ZINC000008214947,C[C@H](CCC(=O)O)[C@H]1CC[C@H]2[C@@H]3[C@H](C[C@H](O)[C@@]21C)[C@@]1(C)CC[C@@H](O)C[C@H]1C[C@H]3O
ZINC000008214952,COC(=O)CC[C@@H](C)[C@H]1CC[C@H]2[C@@H]3[C@H](C[C@H](O)[C@@]21C)[C@@]1(C)CC[C@@H](O)C[C@H]1C[C@H]3O
ZINC000008214965,CCCCCCCCCCCCCCCCCCOC[C@@H](O)CO
ZINC000008215517,Cc1ncc(C[n+]2csc(CCO[P@@](=O)(O)OP(=O)(O)O)c2C)c(N)n1
ZINC000008216125,CN(C)C
ZINC000008216241,N=c1ccn([C@H]2C[C@H](O)[C@@H](CO[P@@](=O)(O)OP(=O)(O)O)O2)c(O)n1
ZINC000008217338,CCCCCCCC/C=C/CCCCCCCC(=O)O
ZINC000008218968,C[C@H]1CC[C@@]2(OC1)O[C@H]1C[C@H]3[C@@H]4CC[C@@H]5C[C@@H](O)CC[C@]5(C)[C@H]4CC[C@]3(C)[C@H]1[C@@H]2C
ZINC000008219863,OC[C@H]1O[C@H](OC[C@H]2O[C@H](OC[C@H]3O[C@@H](O)[C@H](O)[C@@H](O)[C@@H]3O)[C@H](O)[C@@H](O)[C@H]2O)[C@H](O)[C@@H](O)[C@H]1O
ZINC000008219864,OC[C@H]1O[C@H](OC[C@H]2O[C@H](OC[C@H]3O[C@H](O)[C@H](O)[C@@H](O)[C@@H]3O)[C@H](O)[C@@H](O)[C@H]2O)[C@H](O)[C@@H](O)[C@H]1O
ZINC000008220548,CC[C@H]1[C@@H]2C[C@H]3[C@@H]4N(C)c5ccccc5[C@]45C[C@@H]([C@@H]2[C@H]5O)N3[C@@H]1O
ZINC000008220981,CCCCCCCC/C=C\CCCCCCCCCCCC(=O)O
ZINC000008221009,CCCCCC/C=C\CCCCCCCC(=O)O
ZINC000008221028,CCCCCCCCCCC/C=C\CCCCC(=O)O
ZINC000008221066,CCCCCCCCCCCCCCCC(=O)CCCCCCCCCCCCCCC
ZINC000008221075,CCCCCCCCCCCCCCCCCCCCCCCCCCCCO
ZINC000008221080,CCCCCCCCCCCCCCCC(=O)CC(=O)CCCCCCCCCCCCCCC
ZINC000008221271,C[C@@H]1[C@H]2C3=CC[C@@H]4[C@@]5(C)C[C@@H](O)[C@H](O)[C@@](C)(CO)[C@@H]5CC[C@@]4(C)[C@]3(C)CC[C@@]2(C(=O)O)CC[C@H]1C
ZINC000008221384,CC(C)[C@H](C)[C@@H](O)[C@H](O)[C@@H](C)[C@H]1CC[C@H]2[C@@H]3COC(=O)[C@H]4C[C@H](O)[C@H](O)C[C@]4(C)[C@H]3CC[C@@]21C
ZINC000008234192,CO[C@@H]1C[C@H](O[C@H]2CC[C@@]3(C)[C@H](CC[C@@]45O[C@@]46CC[C@H](C4=CC(=O)OC4)[C@@]6(C)CC[C@H]35)C2)O[C@H](C)[C@@H]1O
ZINC000008234225,C[C@H]1[C@H]2[C@H](C[C@H]3[C@@H]4CC=C5C[C@@H](O)C[C@@H](O)[C@]5(C)[C@H]4CC[C@@]32C)O[C@]12CC[C@@H](C)CO2
ZINC000008234226,C[C@H]1[C@H]2[C@H](C[C@H]3[C@@H]4CC[C@@H]5C[C@@H](O)CC[C@]5(C)[C@H]4CC[C@@]32C)O[C@]12CC[C@@H](C)CO2
ZINC000008234227,C[C@H]1[C@H]2[C@H](C[C@H]3[C@@H]4CC[C@H]5C[C@@H](O)CC[C@]5(C)[C@H]4CC[C@@]32C)O[C@]12CC[C@@H](C)CO2
ZINC000008234236,CC1(C)CC[C@]2(C(=O)O)CC[C@]3(C)C(=CC[C@@H]4[C@@]5(C)CC[C@H](O[C@@H]6OC[C@H](O)[C@H](O)[C@H]6O)[C@@](C)(CO)[C@@H]5CC[C@]43C)[C@@H]2C1
ZINC000008234239,COC(=O)[C@@]1(C)CC[C@]2(C(=O)O)CC[C@]3(C)C(=CC[C@@H]4[C@@]5(C)C[C@H](O)[C@H](O[C@@H]6OC[C@@H](O)[C@H](O)[C@H]6O)[C@@](C)(CO)[C@@H]5CC[C@]43C)[C@@H]2C1
ZINC000008234271,CC(C)[C@]12O[C@H]1[C@@H]1O[C@@]13[C@@]1(C)CCC4=C(COC4=O)[C@@H]1C[C@@H]1O[C@@]13[C@@H]2O
ZINC000008234294,C[C@@H]1O[C@@H](OC[C@H]2O[C@@H](Oc3cc(O)c4c(c3)O[C@H](c3ccc(O)c(O)c3)CC4=O)[C@H](O)[C@@H](O)[C@@H]2O)[C@H](O)[C@H](O)[C@H]1O
ZINC000008234298,OC[C@H]1O[C@@H](O[C@@H]2OC=C[C@H]3[C@H](O)[C@@H]4O[C@]4(CO)[C@@H]23)[C@H](O)[C@@H](O)[C@@H]1O
ZINC000008234299,O=C(O[C@@H]1[C@@H]2O[C@]2(CO)[C@H]2[C@H](O[C@@H]3O[C@H](CO)[C@@H](O)[C@H](O)[C@H]3O)OC=C[C@@H]12)c1ccc(O)cc1
ZINC000008234300,C[C@@H]1O[C@@H](OC[C@H]2O[C@@H](Oc3cc(O)c4c(c3)O[C@H](c3ccc(O)cc3)CC4=O)[C@H](O)[C@@H](O)[C@@H]2O)[C@H](O)[C@H](O)[C@H]1O
ZINC000008234302,COc1ccc([C@@H]2CC(=O)c3c(O)cc(O[C@@H]4O[C@H](CO)[C@@H](O)[C@H](O)[C@H]4O[C@@H]4O[C@@H](C)[C@H](O)[C@@H](O)[C@H]4O)cc3O2)cc1O
ZINC000008234328,C[C@@]12C[C@@]3(O)O[C@@H](O1)[C@]1(COC(=O)c4ccccc4)[C@H]3C[C@]21O[C@@H]1O[C@H](CO)[C@@H](O)[C@H](O)[C@H]1O
ZINC000008234345,C[C@@H]1O[C@@H](OC[C@H]2O[C@@H](OCCc3ccc(O)c(O)c3)[C@H](O)[C@@H](O)[C@@H]2OC(=O)/C=C/c2ccc(O)c(O)c2)[C@H](O)[C@H](O)[C@H]1O
ZINC000008234348,O=C(/C=C/c1ccc(O)c(O)c1)O[C@@H]1[C@@H](CO)O[C@@H](OCCc2ccc(O)c(O)c2)[C@H](O)[C@H]1O[C@@H]1O[C@H](CO)[C@@H](O)[C@H](O)[C@H]1O
ZINC000008234351,C[C@@H]1O[C@@H](O[C@@H]2[C@@H](O)[C@H](OCCc3ccc(O)c(O)c3)O[C@H](CO)[C@H]2OC(=O)/C=C/c2ccc(O)c(O)c2)[C@H](O)[C@H](O)[C@H]1O
ZINC000008234355,CCCCCCCCCCCCCCCc1cccc(O)c1C(=O)O
ZINC000008234358,CCCCCC/C=C\CCCCCCCc1cccc(O)c1C(=O)O
ZINC000008234364,C[C@H]1CC[C@@H]2N(C1)C[C@@H]1[C@H](CC[C@H]3[C@@H]4C[C@H](O)[C@H]5C[C@@H](O)CC[C@]5(C)[C@H]4C[C@H]31)[C@]2(C)O
ZINC000008234393,CCCCCCCCCCCCCCCC(=O)O[C@H]1CC[C@@]2(C)C(=CC[C@@H]3[C@@H]2CC[C@@]2(C)[C@H]3CC[C@@H]2[C@H](C)CCCC(C)C)C1
ZINC000008382348,COc1cc(C(=O)O[C@@H]2[C@@H]3O[C@]3(CO)[C@H]3[C@H](O[C@@H]4O[C@H](CO)[C@@H](O)[C@H](O)[C@H]4O)OC=C[C@@H]23)ccc1O
ZINC000008382508,COC(=O)C[C@H]1[C@]2(C)C3=C(C)[C@H](c4ccoc4)C[C@H]3O[C@@H]2[C@H](OC(C)=O)[C@H]2[C@](C)(C(=O)OC)C=CC(=O)[C@]12C
ZINC000008382509,COC(=O)C[C@H]1[C@]2(C)C3=C(C)[C@H](c4ccoc4)C[C@H]3O[C@@H]2[C@H](O)[C@H]2[C@](C)(C(=O)OC)C=CC(=O)[C@]12C
ZINC000008383206,O=C(O)CCc1ccc(O)cc1
ZINC000008437745,NC(N)=S
ZINC000008552017,C[C@@H]1C(=O)O[C@H]2[C@H](O)[C@@]34[C@H]5C[C@@H](C(C)(C)C)[C@]36[C@@H](OC(=O)[C@@H]6O)O[C@@]4(C(=O)O5)[C@@]12O
ZINC000008576188,O=C(O)c1ccc(O)nc1
ZINC000008679998,CC(C)(C)[C@]1(O)C[C@@H]2OC(=O)C[C@@]23C(=O)O[C@@H]2OC(=O)[C@H](O)[C@@]231
ZINC000008681704,CN(C)[C@@H]1C(O)=C(C(N)=O)C(=O)[C@@]2(O)C(O)=C3C(=O)c4c(O)cccc4[C@@](C)(O)[C@H]3[C@H](O)[C@H]12
ZINC000008740122,CC(C)=CCC[C@](C)(O)[C@H]1CC[C@]2(C)[C@@H]1[C@H](O)C[C@@H]1[C@@]3(C)CC[C@H](O)C(C)(C)[C@@H]3CC[C@]12C
ZINC000008762246,C=C(C)[C@@H]1CC[C@]2(C(=O)O)CC[C@]3(C)[C@H](CC[C@@H]4[C@@]5(C)CCC(=O)C(C)(C)[C@@H]5CC[C@]43C)[C@@H]12
ZINC000008829452,CC1(C)C=C2[C@H]3CC[C@@H]4[C@@]5(C)CCC(=O)C(C)(C)[C@@H]5CC[C@@]4(C)[C@]3(C)CC[C@@]2(C(=O)O)CC1
ZINC000008829472,CC(C)c1oc(=O)cc2c1[C@@H](O)[C@H]1OC(=O)[C@@]3(C)C[C@@H](O)[C@@H](O)[C@@]2(C)[C@@H]13
ZINC000008829474,C=C1C(=O)[C@@]23[C@@H](CC[C@@H]1[C@H]2O)[C@]1(C)[C@@H](O)CCC(C)(C)[C@H]1C[C@H]3O
ZINC000008829476,C/C=C(/C)C(=O)O[C@@H]1[C@H](OC(C)=O)c2c(ccc3ccc(=O)oc23)OC1(C)C
ZINC000008829484,C[C@@H]1[C@H]2C3=CC[C@@H]4[C@@]5(C)C[C@@H](O)[C@H](O)C(C)(C)[C@@H]5CC[C@@]4(C)[C@]3(C)CC[C@@]2(C(=O)O)CC[C@H]1C
ZINC000008829493,C[C@@H](C[C@@H](O)[C@H](O)C(C)(C)O)[C@@H]1CC[C@]2(C)C3=CC[C@H]4C(C)(C)C(=O)CC[C@]4(C)[C@H]3CC[C@@]12C
ZINC000008829761,C/C=C(/C)C(=O)O[C@@H]1c2c(ccc3ccc(=O)oc23)OC(C)(C)[C@@H]1OC(=O)/C(C)=C\C
ZINC000008829769,COc1ccc(C(=O)OCCc2ccc(O)cc2)cc1
ZINC000008829785,O=C1C[C@@H](c2ccc(O[C@@H]3O[C@H](CO)[C@@H](O)[C@H](O)[C@H]3O)cc2)Oc2cc(O)ccc21
ZINC000008830584,COC(=O)[C@@H]1[C@@H](O)CC[C@@H]2CN3CCc4c([nH]c5ccccc45)[C@H]3C[C@H]21
ZINC000008837267,C[C@H](CCC(=O)NCC(=O)O)[C@H]1CC[C@H]2[C@@H]3CC[C@@H]4C[C@H](O)CC[C@]4(C)[C@H]3C[C@H](O)[C@@]21C
ZINC000008855117,O=c1[nH]cnc2c1ncn2[C@@H]1O[C@H](CO)[C@@H](O)[C@H]1O
ZINC000008952338,CC(=O)O[C@@]1(C)C[C@H](O)[C@]2(O)C=CO[C@@H](O[C@@H]3O[C@H](CO)[C@@H](O)[C@H](O)[C@H]3O)[C@H]12
ZINC000008952339,CC(=O)O[C@@]1(C)C[C@@H](O)[C@]2(O)C=CO[C@@H](O[C@@H]3O[C@H](CO)[C@@H](O)[C@H](O)[C@H]3O)[C@H]12
ZINC000009132771,CC1=CCC[C@@H]2[C@@](C)(CCC3=CC(=O)O[C@@H]3O)[C@H](C)CC[C@@]12C
ZINC000009213625,Cc1c(C)c2c(c(C)c1O)CC[C@](C)(CCC[C@@H](C)CCC[C@H](C)CCCC(C)C)O2
ZINC000009411213,C/C=C1\[C@H]2C=C(C)C[C@]1(N)c1ccc(=O)[nH]c1C2
ZINC000012153064,C=C(CCC[C@H](C)CCC[C@H](C)CCCC(C)C)[C@@H](O)CO
ZINC000012153065,C=C(CCC[C@H](C)CCC[C@@H](C)CCCC(C)C)[C@@H](O)CO
ZINC000012153161,COc1cc2ccc(=O)oc2cc1OC(C)=O
ZINC000012153354,CC(C)[C@H]1CCC(C=O)=C[C@@H]1O
ZINC000012153411,O=C1CC[C@@]2(O)CCO[C@H]2C1
ZINC000012153445,C[C@H]1c2cnccc2C[C@H]1O
ZINC000012153561,CC(C)=CCc1cc2ccc(=O)oc2cc1O
ZINC000012153616,CC(=O)[C@@H]1c2cc(O)cc(O)c2C(=O)C[C@@]1(C)O
ZINC000012153618,CC(=O)[C@@H]1c2cc(O)cc(O)c2C(=O)C[C@]1(C)O
ZINC000012153646,COc1cc2oc(=O)ccc2c(O)c1OC
ZINC000012153650,CC(=O)Cc1cc(O)cc2oc(C)cc(=O)c12
ZINC000012153654,COc1cc(C[C@]2(O)CO[C@@H](c3ccc(O)c(OC)c3)[C@@H]2CO)ccc1O
ZINC000012153719,COc1ccc([C@@H]2OC[C@@H]3[C@@H](c4ccc5c(c4)OCO5)OC[C@H]23)cc1OC
ZINC000012153774,COc1cc(O)cc(/C=C/c2ccccc2)c1CC=C(C)C
ZINC000012153800,CCCCO[C@]1(CO)OC[C@@H](O)[C@@H](O)[C@@H]1O
ZINC000012153889,CCCCO[C@]1(CO)O[C@H](CO)[C@@H](O)[C@@H]1O
ZINC000012154001,COc1c(O)ccc(O)c1-c1cc(=O)c2c(O)cc(O)c(OC)c2o1
ZINC000012358720,CCOC(=O)/C=C/c1ccccc1
ZINC000012359024,O=C(O)[C@@H](O)[C@H](O)[C@H](O)[C@@H](O)C(=O)O
ZINC000012359045,COc1cc(/C=C/CO)ccc1O
ZINC000012360703,Nc1ncnc2c1ncn2[C@@H]1O[C@H](CO[P@@](=O)(O)OP(=O)(O)O)[C@@H](O)[C@H]1O
ZINC000012362725,C=C1C(=O)O[C@H]2[C@H]1CCC(C)=CCC[C@@]1(C)O[C@@H]21
ZINC000012375085,c1cc2c(cc1[C@H]1OC[C@@H]3[C@H]1CO[C@H]3c1ccc3c(c1)OCO3)OCO2
ZINC000012412601,CC[C@H]1CN2CC[C@@]3(C(=O)Nc4ccccc43)[C@@H]2C[C@@H]1/C(=C\OC)C(=O)OC
ZINC000012417104,C=C(C)[C@H]1CC=C(/C=N/O)CC1
ZINC000012428433,O=C(/C=C/c1ccc(O)c(O)c1)c1ccc(O)cc1O
ZINC000012494320,OC[C@H]1O[C@@](O)(CO)[C@@H](O)[C@@H]1O[C@@H]1O[C@H](CO)[C@H](O)[C@H](O)[C@H]1O
ZINC000012494671,C=C(C)[C@@H]1CC=C(/C=N/O)CC1
ZINC000012496764,CC1=C(/C=C/C(C)=C/C=C\C(C)=C\CO)C(C)(C)CCC1
ZINC000012661785,C=C1C(=O)[C@@]23[C@@H](CC[C@@H]1[C@H]2O)[C@@]12CO[C@]3(O)[C@@H](O)[C@@H]1C(C)(C)CC[C@@H]2O
ZINC000013108863,COc1cc(C[C@H](C)[C@H](C)Cc2ccc3c(c2)OCO3)ccc1O
ZINC000013108875,C=CC[C@]12C=C(OC)C(=O)C=C1O[C@@H](c1ccc3c(c1)OCO3)[C@H]2C
ZINC000013109239,CC(C)(O)c1ccc2c(c1)CC[C@@H]1[C@]2(C)CCC[C@@]1(C)C(=O)O
ZINC000013111092,C=C[C@@]1(C)CC(=O)[C@@]2(O)[C@](C)(O1)[C@@H](O)[C@@H](OC(C)=O)[C@H]1C(C)(C)CC[C@H](O)[C@@]12C
ZINC000013118172,O=C(CCO)c1ccc(O)cc1
ZINC000013124366,COc1cc(O)cc2occ(-c3ccc(O)cc3)c(=O)c12
ZINC000013125764,CC(C)(O)CCc1c(-c2ccc(O)cc2O)oc2c3c(cc(O)c2c1=O)OC(C)(C)C=C3
ZINC000013130109,O=c1cc(O)c2ccc(O)cc2o1
ZINC000013130921,COc1c(CC=C(C)C)c(O)cc2oc(=O)c3c4ccc(O)cc4oc3c12
ZINC000013130924,CC(C)=CCc1cc(-c2oc3cc(O)cc(O)c3c(=O)c2O)ccc1O
ZINC000013130933,CC(C)=CCc1c2c(c(O)c3c(=O)c4c(oc13)-c1cc(O)c(O)cc1O[C@@H]4C=C(C)C)C=CC(C)(C)O2
ZINC000013130935,CC(C)=CCc1c2c(c(O)c3c(=O)c4c(oc13)-c1cc(O)c(O)cc1O[C@H]4C=C(C)C)C=CC(C)(C)O2
ZINC000013132552,COc1cc(/C=C/CO)ccc1O[C@@H]1O[C@H](CO)[C@@H](O)[C@H](O)[C@H]1O
ZINC000013282986,COc1cc2nccc3c4ccccc4n(c1=O)c23
ZINC000013298760,CC(=O)O[C@@H]1CC(=O)OC(C)(C)[C@@H]2CC(=O)[C@]3(C)[C@H](CC[C@@]4(C)[C@H](c5ccoc5)OC(=O)[C@H]5O[C@]543)[C@@]12C
ZINC000013300358,C=C(C)c1cc(O)c2c(c1C)[C@@H](C)CCC2
ZINC000013300838,CC1=C(C=O)C[C@@H]2[C@@](C)(CCC3=CC(=O)O[C@@H]3O)[C@H](C)CC[C@@]12C
ZINC000013301701,C/C=C(\C)C(=O)O[C@H]1c2c(ccc3ccc(=O)oc23)OC(C)(C)[C@@H]1OC(=O)/C(C)=C/C
ZINC000013301703,C/C=C(\C)C(=O)O[C@@H]1c2c(ccc3ccc(=O)oc23)OC(C)(C)[C@@H]1OC(=O)/C(C)=C/C
ZINC000013301711,C/C=C(\C)C(=O)O[C@H]1[C@H](OC(=O)/C(C)=C/C)c2c(ccc3ccc(=O)oc23)OC1(C)C
ZINC000013302718,CC(C)(O)c1ccc2c(c1)C(=O)C[C@@H]1[C@]2(C)CCC[C@@]1(C)C(=O)O
ZINC000013305362,C=C(C)[C@H]1Oc2cc(O)c(C(C)=O)cc2[C@@H]1O
ZINC000013305612,CC(=O)c1ccc2c(c1)C(=O)CC(C)(C)O2
ZINC000013306403,CC(=O)c1cc(O)c2c(c1)C=CC(C)(C)O2
ZINC000013306525,CC(=O)c1ccc2oc(C(C)(C)O)cc2c1
ZINC000013306639,COc1ccc(C(C)=O)cc1C(=O)C=C(C)C
ZINC000013307092,CC#Cc1ccc(-c2ccc([C@H](O)CO)s2)s1
ZINC000013307094,CC#Cc1ccc(-c2ccc([C@@H](O)CO)s2)s1
ZINC000013307187,COc1cc(O)c2c(O)c(C(C)=O)c(C)cc2c1
ZINC000013308702,COc1cc(CO)c2c(OC)c(-c3c(OC)cc(C)c4c(OC)cc(=O)oc34)c(=O)oc2c1
ZINC000013309247,COc1ccc(CC[C@@H]2Cc3cc(O)cc(O)c3C(=O)O2)cc1
ZINC000013309359,COc1cc(-c2cc3cc(/C=C/CO)cc(OC)c3o2)ccc1O
ZINC000013309989,Oc1cc(O)cc([C@H]2[C@@H](c3ccc(O)cc3O)c3c(O)cc(O)cc3C[C@H]2c2ccc(O)cc2O)c1
ZINC000013311568,Oc1ccc2cc1-c1cc(ccc1O)CC[C@@H](O)C[C@H](O)CC2
ZINC000013311570,Oc1ccc2cc1-c1cc(ccc1O)CC[C@H](O)C[C@@H](O)CC2
ZINC000013311574,O=C1CCc2ccc(O)c(c2)-c2cc(ccc2O)CC[C@H](O)C1
ZINC000013311576,O=C1CCc2ccc(O)c(c2)-c2cc(ccc2O)CC[C@@H](O)C1
ZINC000013311795,Cc1cc(O)cc2oc(C[C@@H](C)O)cc(=O)c12
ZINC000013311797,Cc1cc(O)cc2oc(C[C@H](C)O)cc(=O)c12
ZINC000013311953,CC1(C)CCc2c(cc3occ(-c4ccc(O)cc4)c(=O)c3c2O)O1
ZINC000013311968,C[C@]1(CO)C=Cc2c(cc3occ(-c4ccc(O)cc4)c(=O)c3c2O)O1
ZINC000013311970,C[C@@]1(CO)C=Cc2c(cc3occ(-c4ccc(O)cc4)c(=O)c3c2O)O1
ZINC000013320822,CC1=C2C[C@](O)(C(C)(C)O)CC[C@@]2(C)C=CC1=O
ZINC000013327491,O=C1c2c(O)cc(O)cc2OC[C@H]1Cc1ccc(O)cc1
ZINC000013327493,O=C1c2c(O)cc(O)cc2OC[C@@H]1Cc1ccc(O)cc1
ZINC000013327495,COc1ccc(C[C@@H]2COc3cc(O)cc(O)c3C2=O)cc1
ZINC000013327529,COc1ccc(C[C@@H]2COc3c(C)c(O)c(C)c(O)c3C2=O)cc1
ZINC000013328559,O=C1OCc2cc(O)cc(O)c21
ZINC000013331154,CC1=CC(=O)CC(C)(C)[C@]1(O)CC[C@@H](C)O
ZINC000013331156,CC1=CC(=O)CC(C)(C)[C@@]1(O)CC[C@@H](C)O
ZINC000013331158,CC1=CC(=O)CC(C)(C)[C@]1(O)CC[C@H](C)O
ZINC000013331160,CC1=CC(=O)CC(C)(C)[C@@]1(O)CC[C@H](C)O
ZINC000013333838,C[C@@H](O)/C=C/[C@H]1C(CO)=CC(=O)CC1(C)C
ZINC000013333972,C[C@@H](O)/C=C/[C@@]1(O)[C@H](C)CC(=O)CC1(C)C
ZINC000013334615,COc1cc2cc(CC=C(C)C)c(=O)oc2cc1O
ZINC000013334707,CCOC(C)(C)[C@H](O)Cc1c(OC)ccc2ccc(=O)oc12
ZINC000013334708,CCOC(C)(C)[C@@H](O)Cc1c(OC)ccc2ccc(=O)oc12
ZINC000013335261,Cc1c(O)cc(CCc2ccccc2)cc1O
ZINC000013335396,COC(=O)c1cc(O)cc2oc3cc(C)cc(O)c3c(=O)c12
ZINC000013335526,C[C@@H]1CCC=C2C(=O)C[C@@H](O)[C@@H](C(C)(C)O)[C@]21C
ZINC000013335591,CC(C)c1cc2c(c(O)c1O)C1=C(CC2)C(C)(C)CCC1=O
ZINC000013335593,CC(C)(O)c1ccc2c(c1)C(=O)C[C@@H]1[C@]2(C)CCC[C@@]1(C)O
ZINC000013339680,N#CCc1ccc(O)cc1O
ZINC000013339773,CC(=O)CCc1ccc(O)c(O)c1
ZINC000013339945,COc1cc([C@@H]2Oc3cc(CCCO)ccc3O[C@H]2CO)ccc1O
ZINC000013340018,C/C=C/c1ccc2c(c1)O[C@@H](c1ccc(O)cc1O)[C@H](C)O2
ZINC000013340099,COc1cc(O)cc(-c2cc3c(OC)c(O)ccc3o2)c1
ZINC000013340225,COc1cc(CCc2cc(O)cc(O)c2)ccc1O
ZINC000013340245,COc1cc(O)cc(CCc2ccc(OC)c(O)c2)c1
ZINC000013340267,Oc1cc(O)cc(/C=C/c2c(O)cccc2O)c1
ZINC000013340319,COc1ccc(CCCc2ccc(OC)c(O)c2)c(O)c1
ZINC000013340359,COc1cc(C(=O)[C@H](O)CO)ccc1O
ZINC000013340360,COc1cc(C(=O)[C@@H](O)CO)ccc1O
ZINC000013340657,Oc1ccc(-c2cc3ccc(O)cc3o2)c(O)c1
ZINC000013340724,COc1cc(O)ccc1[C@H](O)C(=O)Cc1ccc(O)cc1
ZINC000013340726,COc1cc(O)ccc1[C@@H](O)C(=O)Cc1ccc(O)cc1
ZINC000013340868,Oc1cccc(CCc2cc(O)cc(O)c2)c1
ZINC000013340870,COc1cc(O)cc(CCc2cccc(O)c2)c1
ZINC000013340921,Oc1cccc(/C=C/c2cc(O)cc(O)c2)c1
ZINC000013340923,COc1cc(O)cc(/C=C/c2cccc(O)c2)c1
ZINC000013341036,Oc1ccc(CC[C@@H](O)C[C@H](O)CCc2ccc(O)c(O)c2)cc1
ZINC000013341105,Oc1ccc(CCCc2ccc(O)cc2O)cc1
ZINC000013341107,COc1cc(O)ccc1CCCc1ccc(O)cc1
ZINC000013341109,COc1ccc(CCCc2ccc(O)cc2)c(O)c1
ZINC000013341180,O=C(CCc1ccc(O)cc1O)c1ccc(O)cc1
ZINC000013341184,COc1ccc(CCC(=O)c2ccc(O)cc2)c(OC)c1
ZINC000013341367,CO[C@H]1c2ccc(O)cc2OC[C@]1(O)Cc1ccc(O)c(O)c1
ZINC000013360786,CC1(C)C=Cc2cc3c4c(oc3cc2O1)-c1ccc(O)cc1OC4
ZINC000013367837,C[C@@H]1CC[C@@H]2C(C)(C)[C@H](O)CC[C@]2(C)[C@@]12Cc1c(O)cc3c(c1O2)CNC3=O
ZINC000013367866,C[C@@H]1CC[C@H]2C(C)(C)[C@H](O)CC[C@]2(C)[C@@]12Cc1c(O)cc3c(c1O2)CN(CCO)C3=O
ZINC000013367978,CCc1ccc(C2=C(C)C(=O)[C@]3(O2)C(=O)N[C@@](OC)(C(=O)c2ccccc2)[C@@H]3O)o1
ZINC000013370395,CCCCCc1cc(OC)cc(O)c1C(=O)Oc1cc(CCCCC)c(C(=O)O)c(OC)c1
ZINC000013370397,C/C(=C\CO)CC[C@@H]1[C@@]2(C)CCCC(C)(C)[C@@H]2CC[C@@]1(C)O
ZINC000013373993,CC1(C)C=Cc2c(cc(O)c3c(=O)cc(-c4ccc(O)cc4)oc23)O1
ZINC000013374323,CC(=O)OC[C@H](Cc1ccccc1)NC(=O)[C@@H](Cc1ccccc1)NC(=O)c1ccccc1
ZINC000013374325,CC(=O)OC[C@H](Cc1ccccc1)NC(=O)[C@H](Cc1ccccc1)NC(=O)c1ccccc1
ZINC000013374378,C=C(C)[C@@H](O)Cc1c(OC)ccc2ccc(=O)oc12
ZINC000013374706,CC(C)=CCC[C@]1(C)C=Cc2c(cc3c(c2O)C(=O)C[C@@H](c2ccc(O)cc2O)O3)O1
ZINC000013374707,CC(C)=CCC[C@@]1(C)C=Cc2c(cc3c(c2O)C(=O)C[C@@H](c2ccc(O)cc2O)O3)O1
ZINC000013377210,CC(C)=CCC[C@H](C)[C@@H]1C=C[C@](C)(O)[C@@H](O)C1
ZINC000013377403,CC(C)=CCC[C@H](C)[C@@H]1CCC(C)=CC1=O
ZINC000013377404,CC(C)=CCC[C@H](C)[C@H]1CCC(C)=CC1=O
ZINC000013377879,Oc1ccc(CC[C@@H](O)C[C@H](O)CCc2ccc(O)c(O)c2)cc1O
ZINC000013377888,COc1cc(CCC(=O)C[C@@H](O)CCc2ccc(O)c(OC)c2)ccc1O
ZINC000013377889,COc1cc(CCC(=O)C[C@H](O)CCc2ccc(O)c(OC)c2)ccc1O
ZINC000013377898,O=C(CCc1ccc(O)c(O)c1)C[C@@H](O)CCc1ccc(O)c(O)c1
ZINC000013377924,COc1cc(CCC(=O)C[C@H](O)CCc2cc(OC)c(O)c(OC)c2)ccc1O
ZINC000013377925,COc1cc(CCC(=O)C[C@@H](O)CCc2cc(OC)c(O)c(OC)c2)ccc1O
ZINC000013377934,O=C(/C=C/CCc1ccc(O)c(O)c1)CCc1ccc(O)c(O)c1
ZINC000013377936,O=C(CCCCc1ccc(O)c(O)c1)CCc1ccc(O)c(O)c1
ZINC000013378188,Oc1ccc(CC[C@@H](O)C[C@H](O)CCc2ccc(O)cc2)cc1
ZINC000013378196,O=C(CCc1ccc(O)cc1)C[C@@H](O)CCc1ccc(O)cc1
ZINC000013378210,O=C(/C=C/CCc1ccc(O)cc1)CCc1ccc(O)cc1
ZINC000013378214,O=C(CCCCc1ccc(O)cc1)CCc1ccc(O)cc1
ZINC000013378428,C=C(C(=O)OC)[C@H]1Cc2cc(C(C)=O)ccc2O1
ZINC000013378429,C=C(C(=O)OC)[C@@H]1Cc2cc(C(C)=O)ccc2O1
ZINC000013378573,Cc1c(O)cc2oc3c(c(=O)c2c1O)-c1ccccc1O[C@H]3O
ZINC000013378574,Cc1c(O)cc2oc3c(c(=O)c2c1O)-c1ccccc1O[C@@H]3O
ZINC000013378577,Cc1c(O)cc2oc3c(c(=O)c2c1O)-c1ccc(O)cc1O[C@H]3O
ZINC000013378578,Cc1c(O)cc2oc3c(c(=O)c2c1O)-c1ccc(O)cc1O[C@@H]3O
ZINC000013378581,COc1cc2oc3c(c(=O)c2c(O)c1C)-c1ccc(O)cc1O[C@H]3O
ZINC000013378582,COc1cc2oc3c(c(=O)c2c(O)c1C)-c1ccc(O)cc1O[C@@H]3O
ZINC000013378711,CC1(C)[C@H]2CC[C@]1(C)[C@H](OC(=O)/C=C/c1ccc(O)cc1)C2
ZINC000013379109,CC1(C)C=Cc2c(c(O)cc3ccc(=O)oc23)O1
ZINC000013380009,COc1cc(O)ccc1CCCc1ccc(O)c(CC=C(C)C)c1
ZINC000013380091,C[C@]12C[C@H]3OC(=O)C[C@@]3(CCO1)O2
ZINC000013380496,CCCC[C@@]1(O)OC(=O)C2=C1CCC=C2
ZINC000013380497,CCCC[C@]1(O)OC(=O)C2=C1CCC=C2
ZINC000013380865,COC(=O)C1=CO[C@@H](C)[C@@H]2CN3CC[C@@]4(C(=O)Nc5cc(OC)ccc54)[C@@H]3C[C@H]12
ZINC000013381016,COc1cc([C@H]2Oc3c(OC)cc4c(=O)c5ccccc5oc4c3O[C@@H]2CO)cc(OC)c1O
ZINC000013381371,Cc1cc2c(C(C)C)ccc(C)c2cc1O
ZINC000013381583,CC1=C[C@@H]2[C@H](C(C)C)C(=O)C[C@@H](C)[C@@H]2CC1=O
ZINC000013381693,C=C1CC[C@@H](C(C)(C)O)[C@@H]2C[C@](C)(O)CC[C@@H]12
ZINC000013382495,COc1c(O)cc2oc3cc4c(c(O)c3c(=O)c2c1CC=C(C)C)C=CC(C)(C)O4
ZINC000013382497,COc1c(O)cc2oc3cc4c(c(O)c3c(=O)c2c1CC=C(C)C)C[C@H](O)C(C)(C)O4
ZINC000013382498,COc1c(O)cc2oc3cc4c(c(O)c3c(=O)c2c1CC=C(C)C)C[C@@H](O)C(C)(C)O4
ZINC000013382499,COc1c(O)cc2oc3cc4c(c(O)c3c(=O)c2c1CCC(C)(C)O)CCC(C)(C)O4
ZINC000013382795,CC(=O)C=C1CC(C)(C)NC(C)(C)C1
ZINC000013383067,CCCc1cc(O)c2c(c1)OC(C)(C)c1ccc(C)cc1-2
ZINC000013383072,COc1cc(O)cc(CCc2ccc(OC)c(O)c2CC=C(C)C)c1
ZINC000013383244,COC(=O)C1=CO[C@@H](C)[C@@H]2CN3CC[C@@]4(C(=O)Nc5cc(OC)c(OC)cc54)[C@@H]3C[C@H]12
ZINC000013383325,O=C(O)CCc1nccc2c1[nH]c1ccccc12
ZINC000013383630,CC(C)c1cc2c(c(O)c1O)[C@@]13CCCC(C)(C)[C@@H]1C[C@@H]2OC3
ZINC000013383711,O=C1CCc2ccc(O)c(c2)-c2cc(ccc2O)C[C@@H](O)[C@H](O)[C@H]1O
ZINC000013384002,COc1c2c(c3c4c(nccc14)C(=O)c1cc4c(cc1-3)OCO4)OCO2
ZINC000013384147,CC1(C)CC=C([C@H]2OC(=O)c3ccccc32)C(=O)O1
ZINC000013384148,CC1(C)CC=C([C@@H]2OC(=O)c3ccccc32)C(=O)O1
ZINC000013384328,COc1cc2ccc(=O)oc2c(CC=C(C)C)c1O
ZINC000013384934,Oc1ccc(CC[C@H]2CC=C[C@@H](c3ccc(O)cc3)O2)cc1
ZINC000013384944,Oc1ccc(CCCC[C@@H](O)CCc2ccc(O)cc2)cc1
ZINC000013385014,COC1=C[C@]23CCCN2CCc2cc4c(cc2[C@@H]3C1=O)OCO4
ZINC000013385051,OCCC1=C(CO)[C@@H](CO)CC1
ZINC000013385061,COC(=O)c1cocc2c(C=O)ccc1-2
ZINC000013385617,COc1ccc2c(c1OC)C(=O)N1CCc3cc4c(cc3C(=O)[C@]21O)OCO4
ZINC000013385618,COc1ccc2c(c1OC)C(=O)N1CCc3cc4c(cc3C(=O)[C@@]21O)OCO4
ZINC000013386279,O=C1NCC[C@@H](O)[C@H]1Cl
ZINC000013386280,O=C1NCC[C@@H](O)[C@@H]1Cl
ZINC000013386281,O=C1NCC[C@H](O)[C@H]1Cl
ZINC000013386282,O=C1NCC[C@H](O)[C@@H]1Cl
ZINC000013386439,CC#CC#Cc1ccc(C#C[C@H](O)CCl)s1
ZINC000013386440,CC#CC#Cc1ccc(C#C[C@@H](O)CCl)s1
ZINC000013386495,CC#Cc1ccc(C#CC#C[C@H](O)CCl)s1
ZINC000013386496,CC#Cc1ccc(C#CC#C[C@@H](O)CCl)s1
ZINC000013397390,O=C(/C=C/c1ccccc1)n1cccc1
ZINC000013398212,Cc1cc(=O)c2c(o1)-c1cc(O)c(O)cc1OC2
ZINC000013400255,COc1cc([C@H]2Oc3c(OC)cc4ccc(=O)oc4c3O[C@@H]2CO)cc(O)c1O
ZINC000013400293,COc1cc([C@@H]2Oc3c(OC)cc4ccc(=O)oc4c3O[C@H]2CO)cc(OC)c1O
ZINC000013400361,COc1cc([C@H]2Oc3ccc4ccc(=O)oc4c3O[C@@H]2CO)ccc1O
ZINC000013401019,COC(=O)/C=C(\C)CC[C@@]1(C)[C@H](C)CC[C@@]2(C)C(C(=O)O)=CCC[C@H]12
ZINC000013404427,O=c1c2c(oc3cc(O)cc(O)c13)[C@H](O)Oc1ccccc1-2
ZINC000013404431,O=c1c2c(oc3cc(O)cc(O)c13)[C@@H](O)Oc1ccccc1-2
ZINC000013407130,C/C=C/c1ccc2c(c1)[C@H](C)[C@@H](c1ccc(O)cc1)O2
ZINC000013407266,COC(=O)C1=CO[C@@H](O[C@@H]2O[C@H](CO)[C@@H](O)[C@H](O)[C@H]2O)[C@@H]2[C@@H]1C[C@H](O)[C@@H]2C
ZINC000013408607,COc1cc2c(cc1OC)[C@H]1Cc3ccc(O)c(OC)c3CN1CC2
ZINC000013408703,CC1(C)C=Cc2cc(-c3coc4cc(O)ccc4c3=O)ccc2O1
ZINC000013409475,O=C(/C=C/c1ccc(O)cc1)OC[C@H](O)CO
ZINC000013409479,O=C(/C=C/c1ccc(O)cc1)OC[C@@H](O)CO
ZINC000013411975,C=CC(C)(C)c1c(O)cc(O)c2c(=O)c3c(CC=C(C)C)c(O)c(O)cc3oc12
ZINC000013411981,C=CC(C)(C)c1c(OC)cc(O)c2c(=O)c3c(CC=C(C)C)c(O)c(O)cc3oc12
ZINC000013412042,C=CC(C)(C)c1c(O)cc2oc3c(CC=C(C)C)c(O)c(O)cc3c(=O)c2c1O
ZINC000013412598,COC(=O)c1cc(OC)c2c(c1)[C@H](CO)[C@@H](c1ccc(O)c(OC)c1)O2
ZINC000013412797,C=C[C@@]1(C)Cc2occ(C)c2C(=O)[C@@H]1C(=C)C
ZINC000013414861,OCC[C@@]12CC[C@@H](CO1)[C@@]2(O)CO
ZINC000013414864,OCC[C@@]12CC[C@@H](CO1)[C@]2(O)CO
ZINC000013423811,C=C(C)[C@@H]1CC[C@]2(C)CC[C@]3(C)[C@H](CC[C@@H]4[C@@]5(C)C=CC(=O)C(C)(C)[C@@H]5CC[C@]43C)[C@@H]12
ZINC000013424754,C/C=C\c1cc(OC)c(OC)cc1OC
ZINC000013431255,C=C[C@@H](c1ccccc1)c1cc(O)c(OC)cc1OC
ZINC000013431256,C=C[C@H](c1ccccc1)c1cc(O)c(OC)cc1OC
ZINC000013431259,C=C[C@H](c1ccccc1)c1cc(OC)c(OC)cc1OC
ZINC000013431681,CC(=O)C[C@]1(O)C(=O)C2=C(OC[C@@H]2C)c2ccc3c(C)cccc3c21
ZINC000013431836,COC(=O)C1=C2CCOC3=C2[C@]2(C1)C(=O)[C@H]1C[C@@H]4N(C[C@@H]1C)C[C@H](CC3)[C@@]42C
ZINC000013433354,C=C[C@H](O)C#CC#C/C=C/CO
ZINC000013433869,CC[C@@H](O)C#CC#C/C=C/CO
ZINC000013434200,COc1cc2c(cc1OC)-c1c(oc3c4c(ccc3c1=O)OC(C)(C)C=C4)CO2
ZINC000013434334,COc1cc2oc(=O)ccc2cc1C(=O)C=C(C)C
ZINC000013434336,COc1cc2oc(=O)ccc2cc1C(=O)[C@@H]1OC1(C)C
ZINC000013434338,COc1cc2oc(=O)ccc2cc1C(=O)[C@H]1OC1(C)C
ZINC000013434355,COC(=O)/C(=C/c1ccc2c(c1)OCO2)[C@H](Cc1ccc2c(c1)OCO2)C(=O)OC
ZINC000013434357,COC(=O)/C(=C/c1ccc2c(c1)OCO2)[C@@H](Cc1ccc2c(c1)OCO2)C(=O)OC
ZINC000013436618,COc1cc2c(c(OC)c1OC)-c1c(cc(O)c(OC)c1OC)C[C@H](C)[C@H](C)C2
ZINC000013436958,CC1(C)C=Cc2c(cc(O)c3c(=O)c(-c4ccc(O)cc4)coc23)O1
ZINC000013437345,Cc1cc(O)c(C(=O)CCC(C)C)c(=O)o1
ZINC000013438217,COC(=O)Nc1cccc(NC(=O)OC)c1C
ZINC000013439524,CC[C@H]1c2c(OC)cc(OC)c(OC)c2[C@@H](c2cc(OC)c(OC)cc2OC)[C@@H]1C
ZINC000013449602,COc1cc2c(oc3cccc(O)c32)c(OC)c1O
ZINC000013449664,COc1nc(Cc2ccccc2)c(=O)[nH]c1Cc1ccccc1
ZINC000013449668,COc1c(Cc2ccccc2)[nH]c(=O)c(Cc2ccccc2)[n+]1[O-]
ZINC000013452167,COc1ccc(/C=C\c2cc(OC)c(OC)c(OC)c2)cc1O
ZINC000013456672,CC(C)=C1C[C@@H]2O[C@]2(C)CC[C@H]2O[C@@]2(C)CC1=O
ZINC000013456778,COc1ccc(/C=C/c2cc(OC)cc(OC)c2)cc1
ZINC000013459534,C=Cc1cc(O)c(C)c2c1-c1ccc(O)c(C)c1CC2
ZINC000013459848,CC(C)=CC[C@H]1C(=O)c2ccccc2[C@@H](O)[C@@H]1O
ZINC000013459854,C[C@]1(O)C(=O)OC[C@H]1O
ZINC000013460029,O=C1CC[C@@H](O)c2cccc(O)c21
ZINC000013460418,CC1(C)CCc2ccc3ccccc3c2O1
ZINC000013460498,C=CC[C@]1(OC)C=C2C(=CC1=O)O[C@H](c1ccc3c(c1)OCO3)[C@H]2C
ZINC000013480054,COc1cc2oc(=O)ccc2cc1[C@@H]1O[C@@H](OC(C)=O)[C@@]2(C)O[C@@H]12
ZINC000013480102,C/C=C(\C)C(=O)OC(C)(C)[C@@H]1Cc2c(ccc3ccc(=O)oc23)O1
ZINC000013480169,C=CCC1=C[C@@](OC)([C@@H](C)Cc2ccc3c(c2)OCO3)C(OC)=CC1=O
ZINC000013480170,C=CCC1=C[C@@](OC)([C@H](C)Cc2ccc3c(c2)OCO3)C(OC)=CC1=O
ZINC000013480171,C=CCC1=C[C@](OC)([C@@H](C)Cc2ccc3c(c2)OCO3)C(OC)=CC1=O
ZINC000013480172,C=CCC1=C[C@](OC)([C@H](C)Cc2ccc3c(c2)OCO3)C(OC)=CC1=O
ZINC000013480189,O[C@H]1c2c(-c3ccccc3)ccc3cccc(c23)[C@H]1O
ZINC000013480243,O=C1C=CCCN1
ZINC000013480264,CO[C@H]1c2c(ccc3c2OCO3)-c2ccc3cc4c(cc3c2N1C)OCO4
ZINC000013480265,CCO[C@@H]1c2c(ccc3c2OCO3)-c2ccc3cc4c(cc3c2N1C)OCO4
ZINC000013480266,CCO[C@H]1c2c(ccc3c2OCO3)-c2ccc3cc4c(cc3c2N1C)OCO4
ZINC000013480308,O=C1OCC(Cc2ccc3c(c2)OCO3)=C1Cc1ccc2c(c1)OCO2
ZINC000013480423,COc1cc2c(cc1OC)OC(C)(C)C([C@H]1CC(C)(C)Oc3cc(OC)c(OC)cc31)=C2
ZINC000013480424,COc1cc2c(cc1OC)OC(C)(C)C([C@@H]1CC(C)(C)Oc3cc(OC)c(OC)cc31)=C2
ZINC000013481036,O=c1c2cc(O)ccc2[nH]c2cccc(O)c12
ZINC000013481200,O=C1c2ccccc2C(=O)c2c(O)cc(O)cc21
ZINC000013481260,COc1cc2c3c(c1OC)-c1ccccc1C[C@H]3[N+](C)(C)CC2
ZINC000013481600,COc1c(O)ccc2ccc(=O)oc12
ZINC000013481667,O=C1Nc2ccc(O)cc2O[C@@H]1O
ZINC000013481668,O=C1Nc2ccc(O)cc2O[C@H]1O
ZINC000013481899,Cc1c(O)c(C)c2c(c1O)C(=O)[C@H](Cc1ccc3c(c1)OCO3)CO2
ZINC000013481926,O=C1c2ccc(O)cc2OC[C@H]1Cc1ccc(O)c(O)c1
ZINC000013482058,COc1cc2oc(=O)ccc2cc1-c1c(OC)ccc2ccc(=O)oc12
ZINC000013482181,CC(C)=CC(=O)C[C@H](C)[C@@H]1C=C[C@](C)(O)[C@@H](O)C1
ZINC000013482685,O=c1cc(-c2ccc(O)c(O)c2)oc2c([C@H]3O[C@H](CO)[C@@H](O)[C@H](O)[C@H]3O)c(O)cc(O)c12
ZINC000013482860,COc1c(OC)c2nccc3c4ccccc4n(c1=O)c23
ZINC000013482891,O=Cc1cc(O)c2[nH]c3ccc(O)cc3c2c1
ZINC000013482924,O=Cc1cc2c(cc1O)[nH]c1c(O)cccc12
ZINC000013484131,CO[C@H]1C=C(CC[C@@]2(C)[C@H](C)CC[C@@]3(C)C(C(=O)O)=CCC[C@H]23)C(=O)O1
ZINC000013484719,COc1cc2c3c(cc4ccccc4c3c1O)NC2=O
ZINC000013484812,COc1ccc(-c2cc(=O)c3c(O)c(O)c(OC)cc3o2)cc1
ZINC000013485105,CC1(C)C=Cc2c(cc(O)c3c(=O)c4cccc(O)c4oc23)O1
ZINC000013485667,CC1(C)CCC[C@]2(C)C3=C(C(=O)O[C@H]3O)[C@@H](O)C[C@@H]12
ZINC000013507869,O=C(O[C@@H]1O[C@H](CO)[C@@H](O)[C@H](O)[C@H]1O)c1ccc(O)cc1
ZINC000013509134,Oc1ccc2c(c1)OC[C@]1(O)c3cc4c(cc3O[C@H]21)OCO4
ZINC000013509425,C[C@]12CC[C@@H]3c4ccc(O)cc4CC[C@H]3[C@@H]1CCC2=O
ZINC000013509501,COc1cc(O)ccc1O[C@@H]1O[C@H](CO)[C@@H](O)[C@H](O)[C@H]1O
ZINC000013512210,Cc1ccc(O)c(O)c1
ZINC000013512214,Oc1ccccc1O
ZINC000013512224,COc1ccccc1O
ZINC000013513592,C[C@]12C[C@H](O)[C@H]3[C@@H](CCC4=CC(=O)CC[C@@]43C)[C@@H]1CC[C@@H]2C(=O)CO
ZINC000013514518,OC[C@H]1O[C@@H](Oc2ccccc2O)[C@H](O)[C@@H](O)[C@@H]1O
ZINC000013514661,COC(=O)c1ccc(O[C@@H]2O[C@H](CO)[C@@H](O)[C@H](O)[C@H]2O)c(OC)c1
ZINC000013514686,OC[C@H]1O[C@@H](OC/C=C/c2ccc(O)cc2)[C@H](O)[C@@H](O)[C@@H]1O
ZINC000013515285,O=C1c2c(O)cc(O)cc2O[C@@H](c2ccc(O)c(O)c2)[C@@H]1O[C@@H]1O[C@H](CO)[C@@H](O)[C@H](O)[C@H]1O
ZINC000013515708,COc1cc(/C=C/C=O)cc(OC)c1O[C@@H]1O[C@H](CO)[C@@H](O)[C@H](O)[C@H]1O
ZINC000013517387,O=C1c2c(O)cc(O)cc2O[C@H](c2ccc(O)cc2)[C@H]1O
ZINC000013520815,C[C@]12CC[C@@H]3c4ccc(O)cc4CC[C@H]3[C@@H]1CC[C@@H]2O
ZINC000013521034,CC(=O)O[C@@]12[C@H](O)[C@@H](C)[C@@]3(O)[C@@H](C=C(CO)C[C@]4(O)C(=O)C(C)=C[C@@H]34)[C@@H]1C2(C)C
ZINC000013527691,C=CC/C(=N\OS(=O)(=O)O)S[C@@H]1O[C@H](CO)[C@@H](O)[C@H](O)[C@H]1O
ZINC000013529638,C[C@@H]([C@H]1CC[C@H]2[C@@H]3CC[C@H]4C(=O)C(NC(=O)c5ccccc5)=CC[C@]4(C)[C@H]3CC[C@@]21C)N(C)C
ZINC000013533398,COc1ccc(-c2cc(=O)c3c(O)cc(O[C@@H]4O[C@H](CO)[C@@H](O)[C@H](O)[C@H]4O)cc3o2)cc1O
ZINC000013533701,CCO[C@H]1O[C@H](CO)[C@H](O)[C@H](O)[C@H]1O
ZINC000013533861,COc1cc(/C=C\C(=O)NCCc2ccc(O)cc2)ccc1O
ZINC000013533964,NC(=O)/C=C\c1ccccc1
ZINC000013534655,C=C1C[C@]23C[C@H]1CC[C@H]2[C@@]12C=C[C@H](O)[C@@](C)(C(=O)O1)[C@@H]2[C@@H]3C(=O)O
ZINC000013540519,C[C@]12C[C@H](O)[C@H]3[C@@H](CCC4=CC(=O)CC[C@@]43C)[C@@H]1CC[C@]2(O)C(=O)CO
ZINC000013541228,COc1cc(/C=C/c2cc(O)cc(O)c2)ccc1O
ZINC000013542524,C[C@H](CCC(=O)NCC(=O)O)[C@H]1CC[C@H]2[C@@H]3[C@@H](O)C[C@@H]4C[C@H](O)CC[C@]4(C)[C@H]3CC[C@@]21C
ZINC000013546016,C[C@H](O)CC(=O)O[C@@H](C)CC(=O)O[C@@H](C)CC(=O)O
ZINC000013546018,C[C@H](O)CC(=O)O[C@H](C)CC(=O)O[C@@H](C)CC(=O)O
ZINC000013550868,C/C(O)=N\c1ccc(O)cc1
ZINC000013556374,O=C(/C=C/c1ccc(O)c(O)c1)O[C@H]1[C@H](O)C[C@](O)(C(=O)O)C[C@H]1OC(=O)/C=C/c1ccc(O)c(O)c1
ZINC000013558220,CC1(C)CC[C@]2(C(=O)O)CC[C@]3(C)C(=CC[C@@H]4[C@@]5(C)CCC(=O)C(C)(C)[C@@H]5CC[C@]43C)[C@@H]2C1
ZINC000013558221,C[C@@H]1[C@H]2C3=CC[C@@H]4[C@@]5(C)CCC(=O)C(C)(C)[C@@H]5CC[C@@]4(C)[C@]3(C)CC[C@@]2(C(=O)O)CC[C@H]1C
ZINC000013572655,COc1cc2c(c(OC)c1OC)-c1c(cc3c(c1O)OCO3)C[C@@H](C)[C@@H](C)C2
ZINC000013587852,CO[C@H]1CC[C@@]2(C)C(=CC[C@H]3[C@@H]4CC[C@H]([C@H](C)N(C)C)[C@@]4(C)CC[C@@H]32)C1
ZINC000013597821,O=C1C(c2c(O)[nH]c3ccccc23)=Nc2ccccc21
ZINC000013660048,COc1cc(-c2cc(=O)c3c(O)c(OC)c(OC)cc3o2)cc(OC)c1O
ZINC000013660064,C[N+](C)(C)[C@@H](Cc1ccccc1)C(=O)O
ZINC000013660151,CC1=CC(=O)[C@H]2C(C)(C)CCC[C@]2(C)[C@@]1(O)CO
ZINC000013660217,CC/C=C\[C@H](O)[C@H](O)C1=C(C)C(=O)[C@]2(O1)C(=O)N[C@@](OC)(C(=O)c1ccccc1)[C@@H]2O
ZINC000013660234,Cc1ccc(C(O)(COC(=O)C(C)C)COC(=O)C(C)C)c(O)c1
ZINC000013660263,COc1cc([C@H]2OC[C@@H]3[C@H](c4cc(OC)c(OC)c(OC)c4)OC[C@H]23)cc(OC)c1OC
ZINC000013660272,C=C/C(C)=C/C[C@@H]1C(=C)CC[C@H]2[C@@]1(C)CCC[C@@]2(C)C(=O)O
ZINC000013719178,C[C@]12C[C@H](O)[C@@H]3[C@@H](CCC4=CC(=O)CC[C@@]43C)[C@@H]1CC[C@@H]2C(=O)CO
ZINC000013783853,COc1ccc(/C=C/c2cc(O)cc(O[C@H]3O[C@@H](CO)[C@H](O)[C@@H](O)[C@@H]3O)c2)cc1
ZINC000013815747,CC(C)(C)[C@]1(O)C[C@@H]2OC(=O)C[C@@]23C(=O)O[C@@H]2OC(=O)[C@H](O)[C@]231
ZINC000013829481,C/C(=C\COc1c2ccoc2cc2oc(=O)ccc12)CC[C@@H](O)C(C)(C)O
ZINC000013831818,O=c1cc(CO)occ1O
ZINC000013838505,CCCCC/C=C/C=C/C(=O)NCC(C)C
ZINC000013838615,COc1cc(O)c2c(=O)cc(-c3ccc(OC)c(OC)c3)oc2c1
ZINC000013838618,COc1c(O)cc(-c2oc3cc(O)cc(O)c3c(=O)c2O)cc1O
ZINC000013864652,COc1cc2c(cc1OC)-c1c(oc3c4c(cc(O)c3c1=O)OC(C)(C)C=C4)CO2
ZINC000013913671,C[C@@H]1CC[C@]2(C(=O)O)CC[C@]3(C)C(=CC[C@@H]4[C@@]5(C)C[C@@H](O)C(=O)C(C)(C)[C@@H]5CC[C@]43C)[C@@H]2[C@]1(C)O
ZINC000014089767,CC(=O)O[C@@H]1CC[C@@]2(C)[C@@H](CC[C@]3(C)[C@@H]2C(=O)C=C2[C@@H]4[C@@H](C)[C@H](C)CC[C@]4(C)CC[C@]23C)[C@@]1(C)C(=O)O
ZINC000014096305,C[C@@H]1CC[C@H]2[C@@H](C)[C@H](OC(=O)CCC(=O)O)O[C@@H]3O[C@@]4(C)CC[C@@H]1[C@@]23OO4
ZINC000014163993,CCC[C@@H](CCCCCCCc1cc(O)cc(O)c1C(=O)O[C@@H](CCC)CCCCCCCc1cc(O)cc(O)c1)OC(C)=O
ZINC000014163996,CCC[C@@H](CCCCCCCc1cc(O)cc(O)c1)OC(=O)c1c(O)cc(O)cc1CCCCCCC[C@@H](CCC)OC(C)=O
ZINC000014164002,CCC[C@H](CCCCCCCc1cc(O)cc(O)c1C(=O)O[C@H](CCC)CCCCCCCc1cc(O)cc(O)c1)OC(C)=O
ZINC000014164006,CCC[C@@H](CCCCCCCc1cc(O)cc(O)c1)OC(=O)c1c(O)cc(O)cc1CCCCCCC[C@H](O)CCC
ZINC000014164010,CCC[C@H](O)CCCCCCCc1cc(O)cc(O)c1C(=O)O[C@@H](CCC)CCCCCCCc1cc(O)cc(O)c1
ZINC000014164017,CCC[C@H](O)CCCCCCCc1cc(O)cc(O)c1C(=O)O[C@H](CCC)CCCCCCCc1cc(O)cc(O)c1
ZINC000014243546,C[C@@H]1[C@H]2C3=CC[C@@H]4[C@@]5(C)C[C@@H](O)[C@H](O)[C@@](C)(CO)[C@@H]5[C@H](O)C[C@@]4(C)[C@]3(C)CC[C@@]2(C(=O)O)CC[C@H]1C
ZINC000014243548,C[C@@H]1[C@H]2C3=CC[C@@H]4[C@@]5(C)C[C@@H](O)[C@H](O)[C@@](C)(CO)[C@H]5[C@H](O)C[C@@]4(C)[C@]3(C)CC[C@@]2(C(=O)O)CC[C@H]1C
ZINC000014263142,CO[C@H]1O[C@@H]2O[C@@]3(C)CC[C@H]4[C@H](C)CC[C@@H]([C@H]1C)[C@]42OO3
ZINC000014410699,CC(C)(O)c1ccc2c(c1)CC[C@@H]1[C@]2(C)CCC[C@@]1(C)CO
ZINC000014417338,CC1(C)C=Cc2c(cc3occ(-c4ccc(O)cc4)c(=O)c3c2O)O1
ZINC000014435203,COc1cc2c(cc1O)[C@H](c1ccc(O)c(O)c1)[C@@H](CO)[C@H](CO)C2
ZINC000014435292,COc1cc([C@H]2c3cc(O)c(OC)cc3C=C(C=O)[C@@H]2CO)ccc1O
ZINC000014435294,COc1cc([C@@H]2c3cc(O)c(OC)cc3C=C(C=O)[C@@H]2CO)ccc1O
ZINC000014435296,COc1cc([C@H]2c3cc(O)c(OC)cc3C=C(C=O)[C@H]2CO)ccc1O
ZINC000014435298,COc1cc([C@@H]2c3cc(O)c(OC)cc3C=C(C=O)[C@H]2CO)ccc1O
ZINC000014435707,COc1cc(C[C@@H]2CO[C@@H](c3cc(OC)c(O)c(OC)c3)[C@@H]2CO)ccc1O
ZINC000014437110,COc1c(O)cc(-c2cc(=O)c3c(O)c(OC)c(O)cc3o2)cc1O
ZINC000014437147,COc1cc(-c2cc(=O)c3c(O)c(OC)c(O)cc3o2)cc(OC)c1OC
ZINC000014437227,COc1ccc(-c2oc3c(OC)c(O)c(OC)c(O)c3c(=O)c2OC)cc1
ZINC000014437599,COc1cc(C[C@H](C)[C@H](C)Cc2cc(O)c(OC)c(OC)c2)cc(O)c1OC
ZINC000014437964,Cc1c(O)cc2c(c1O)C(=O)[C@H](O)[C@@H](c1cc(O)c(O)c(O)c1)O2
ZINC000014438167,COc1cc([C@H](O)[C@H](CO)Oc2ccc(/C=C/CO)cc2OC)ccc1O
ZINC000014439508,C=C[C@H](/C=C\c1ccc(O)cc1)c1ccc(O)cc1
ZINC000014439526,C=C[C@H](/C=C\c1ccc(OC)cc1)c1ccc(O)cc1
ZINC000014441561,C/C=C1\CN[C@H]2C[C@@]3(C(=O)N(OC)c4cc(O)ccc43)[C@@H]3C[C@@H]1[C@H]2CO3
ZINC000014442078,COc1cc2oc(=O)ccc2cc1[C@H]1OC(=O)[C@@](C)(O)[C@@H]1O
ZINC000014442539,O=c1c2ccccc2[nH]c2cccc(O)c12
ZINC000014443028,C[C@@H]1CC[C@@H](O)C2=CC(=O)[C@@H]3[C@@H](C3(C)C)[C@]21C
ZINC000014443032,C[C@@H]1CC[C@H](O)C2=CC(=O)[C@@H]3[C@@H](C3(C)C)[C@]21C
ZINC000014444280,CC(C)=CC(=O)C[C@H](C)[C@@H]1C=C[C@](C)(O)CC1
ZINC000014444365,CC(C)=CC(=O)C[C@H](C)c1ccc(C)c(O)c1
ZINC000014444484,CC(C)=CCc1cc(C(=O)O)cc(CC=C(C)C)c1O
ZINC000014444505,CC(C)=CCc1cc(C=O)cc(CC=C(C)C)c1O
ZINC000014444507,CC(C)=CCc1cc(C(=O)O)cc(C(=O)C=C(C)C)c1O
ZINC000014444991,CC(=O)O[C@H]1C[C@H]2[C@H](C)CC(=O)C(=C(C)C)[C@H]2C=C1C
ZINC000014445172,O=c1ccc2ncc(O)c3c4ccccc4n1c23
ZINC000014445203,COc1ccc2c3ccnc4ccc(=O)n(c2c1)c43
ZINC000014445228,O=Cc1cc(O)c2[nH]c3ccccc3c2c1
ZINC000014447798,COc1cc2c(cc1C(=O)O)C=CC(C)(C)O2
ZINC000014447816,Cc1cc(=O)c2c(C)cc(O)cc2o1
ZINC000014448958,C=C1C(=O)[C@]23C[C@H]1C[C@@H](O)[C@H]2[C@@]1(CCCC(C)(C)[C@H]1C=O)COC3=O
ZINC000014449555,CC1(C)CCC[C@]2(C)C3=C(CC[C@@H]12)[C@@H](O)OC3=O
ZINC000014451646,C=C(C(=O)O)[C@H]1CC[C@]2(C)CCCC(=C)[C@@]2(O)C1
ZINC000014451650,C=C(C(=O)O)[C@H]1CC[C@]2(C)CCCC(=C)[C@]2(O)C1
ZINC000014452123,C=C1C[C@@H](O)C[C@@]2(C)C[C@@H]3OC(=O)[C@H](C)[C@@H]3C[C@H]12
ZINC000014452264,C=C1CCC[C@]2(C)C[C@]3(OC)OC(=O)C(C)=C3C[C@@H]12
ZINC000014452355,C=C(C)[C@@H]1CC[C@@]2(C)CC(=O)C=C(C)[C@@]2(O)C1
ZINC000014454948,O=C1/C(=C/c2ccc(O)cc2)COc2cc(O)ccc21
ZINC000014454949,COc1ccc(/C=C2\COc3cc(O)ccc3C2=O)cc1
ZINC000014455009,O=C1C=CC(O)(CCO[C@@H]2O[C@H](COC(=O)Cc3ccc(O)cc3)[C@@H](O)[C@H](O)[C@H]2O)C=C1
ZINC000014455484,COc1ccc(-c2ccc3cccc4c3c2C=C(O)C4=O)cc1
ZINC000014455505,CCOC(=O)[C@@H](O)Cc1ccc(O)cc1
ZINC000014455506,CCOC(=O)[C@H](O)Cc1ccc(O)cc1
ZINC000014455659,C=C(C)[C@@H]1CC[C@]23[C@H](O)CC[C@H](C)[C@]2(C)[C@H](O)C[C@H](C)[C@@H]3[C@@H]1c1c[nH]c2ccccc12
ZINC000014485815,C=C1C[C@@]23CC[C@@H]4[C@](C)(C(=O)O)CCC[C@@]4(C)C2=C[C@H](O)[C@@H]1C3
ZINC000014486013,C=C1C[C@@]23CC[C@@H]4[C@](C)(C(=O)O)CCC[C@@]4(C)[C@]2(O)CC[C@@H]1C3
ZINC000014486841,C=C1CC[C@H]2C(C)(C)CCC[C@]2(C)[C@H]1/C=C/C1=CC(=O)O[C@@H]1O
ZINC000014488007,CC1=C[C@H](O)[C@H](C(C)C)CC1=O
ZINC000014488330,COc1cc2oc(-c3ccccc3)c(C)c2cc1O
ZINC000014489236,CC(C)=CCc1cc2ccc(O)cc2oc1=O
ZINC000014489321,Cc1ccc2[nH]c3ccc(O)cc3c2c1
ZINC000014490169,COc1c2cc(C(C)(C)O)oc2cc2oc(=O)ccc12
ZINC000014492390,COC(=O)c1c(O)c2ccccc2c2occc12
ZINC000014492457,C[C@@H]1CCC=C2C(=O)C=C[C@@H](C(C)(C)O)[C@]21C
ZINC000014497243,COC(=O)CC1(O)CCC(=O)CC1
ZINC000014500124,COc1ccc2ccc(=O)oc2c1[C@@H](OC(C)=O)C(=O)C(C)C
ZINC000014500127,COc1ccc2ccc(=O)oc2c1[C@H](OC(C)=O)C(=O)C(C)C
ZINC000014502431,COc1ccc(-c2oc3cc(OC)c(OC)c(OC(C)=O)c3c(=O)c2OC)cc1OC
ZINC000014503461,COc1cc(/C=C/C(=O)OC[C@@H](O)c2ccc(O)cc2)ccc1O
ZINC000014503833,COc1cc(/C=C/C(=O)OCCc2ccc(O)cc2)ccc1O
ZINC000014504307,O=C1C(O)=Cc2cccc3ccc(-c4ccccc4)c1c23
ZINC000014504310,COC1=Cc2cccc3ccc(-c4ccccc4)c(c23)C1=O
ZINC000014504316,O=C1C(O)=Cc2cccc3ccc(-c4ccc(O)cc4)c1c23
ZINC000014504319,COC1=Cc2cccc3ccc(-c4ccc(O)cc4)c(c23)C1=O
ZINC000014504838,C/C(=C\COc1ccc(CCCO)cc1)CO
ZINC000014504998,O=C(/C=C/c1ccc(O)cc1)OCc1ccccc1
ZINC000014505032,COC(=O)/C=C/c1ccc(OCC=C(C)C)cc1
ZINC000014505065,O=C(/C=C/c1ccc(O)cc1)NC[C@H](O)c1ccc(O)cc1
ZINC000014505068,O=C(/C=C/c1ccc(O)cc1)NC[C@@H](O)c1ccc(O)cc1
ZINC000014505171,CC(C)=CCOc1ccc(/C=C/CO)cc1
ZINC000014505784,C=C[C@](C)(O)CC/C=C(\C)CC(=O)C=C(C)C
ZINC000014505997,COc1cc([C@H]2OC[C@]3(O)[C@@H](c4ccc(O)c(OC)c4)OC[C@H]23)ccc1O
ZINC000014508555,CC(=O)CC[C@H](C1=C[C@@](C)(O)CCC1=O)C(C)C
ZINC000014508560,CC(=O)CC[C@H](C1=C[C@](C)(O)CCC1=O)C(C)C
ZINC000014509649,C/C(=C\C=C\[C@@]1(C)OC(=O)[C@]23CC=C(C(=O)O)CC[C@]2(O)[C@H]1CC3)C(=O)O
ZINC000014509655,COC(=O)C1=CC[C@]23CC[C@H]([C@@]2(O)CC1)[C@@](C)(/C=C/C=C(\C)C(=O)O)OC3=O
ZINC000014511035,C=C(CO)[C@@H]1Cc2cc(C(C)=O)c(O)cc2O1
ZINC000014511220,COc1cc(C(=O)CCO)cc(OC)c1O
ZINC000014511254,COc1ccc(-c2oc3cc(OC)cc(OC)c3c(=O)c2O)cc1
ZINC000014511391,CC1=C(C(=O)O)C(C)(C)C[C@H](O)C1
ZINC000014511894,C[C@@]12CCC[C@@](C)(O)C1=CC(=O)CC2
ZINC000014512025,C[C@@H]1CCC=C2C(=O)C=C[C@@H](O)[C@]21C
ZINC000014512219,O=C(/C=C/c1ccc(O)c(O)c1)OC[C@H]1O[C@@H](OCCc2ccc(O)c(O)c2)[C@H](O)[C@@H](O)[C@@H]1O
ZINC000014513397,C=C(C(=O)O)[C@H]1CC=C(CCC(C)=O)[C@@H](C)CC1
ZINC000014515586,C[C@@H]1Oc2c(c(=O)c3ccccc3n2C)C1(C)C
ZINC000014515589,C[C@H]1Oc2c(c(=O)c3ccccc3n2C)C1(C)C
ZINC000014517001,COn1cc(CC#N)c2ccccc21
ZINC000014517478,C[C@@H](CO)CCc1c[nH]c2ccccc12
ZINC000014517484,COn1cc(CC[C@@H](C)CO)c2ccccc21
ZINC000014517491,COC(=O)[C@H](C)CCc1c[nH]c2ccccc12
ZINC000014557836,CC1(C)C=Cc2c(ccc(C(=O)/C=C/c3ccc(O)cc3)c2O)O1
ZINC000014557980,COc1cc2c(cc1O)C[C@@H]1NCCc3cc(OC)c(O)c-2c31
ZINC000014558326,CC(C)=CCc1c(O)cc2occ(-c3ccc4c(c3)C=CC(C)(C)O4)c(=O)c2c1O
ZINC000014559467,CC1(C)C=Cc2cc(-c3coc4cc(O)cc(O)c4c3=O)ccc2O1
ZINC000014559568,C=CCc1ccc(Oc2cc(CC=C)cc(-c3cc(CC=C)ccc3O)c2O)cc1
ZINC000014560090,CC1(C)C=Cc2c(cc(O)c3c(=O)c4ccc(O)c(O)c4oc23)O1
ZINC000014585161,C=CCc1ccc(O)c(-c2cc(C=O)ccc2O)c1
ZINC000014585198,C=CCc1ccc(O)c(-c2cc(C[C@H](O)CO)ccc2O)c1
ZINC000014585200,C=CCc1ccc(O)c(-c2cc(C[C@@H](O)CO)ccc2O)c1
ZINC000014585208,C=CCc1cc(-c2cc(C[C@H](O)CO)ccc2O)ccc1O
ZINC000014585210,C=CCc1cc(-c2cc(C[C@@H](O)CO)ccc2O)ccc1O
ZINC000014585706,COC(=O)C[C@H](O)C(=O)O
ZINC000014587259,C/C(=C\COc1ccc2ccc(=O)oc2c1)CC[C@@H](O)C(C)(C)O
ZINC000014588600,Cc1ccc([C@@H](C)CO)c(O)c1
ZINC000014588601,Cc1ccc([C@H](C)CO)c(O)c1
ZINC000014588748,CC1=C[C@H](O)[C@H](C(C)C)C[C@H]1O
ZINC000014588749,CC1=C[C@H](O)[C@@H](C(C)C)C[C@H]1O
ZINC000014588750,CC1=C[C@H](O)[C@H](C(C)C)C[C@@H]1O
ZINC000014588751,CC1=C[C@H](O)[C@@H](C(C)C)C[C@@H]1O
ZINC000014590537,C[C@](O)(CO)[C@H](O)CO
ZINC000014593822,CC[C@@H](C)C(=O)c1c(O)cc(O)c(C)c1O
ZINC000014593823,CC[C@H](C)C(=O)c1c(O)cc(O)c(C)c1O
ZINC000014593831,Cc1c(O)cc(O)c(C(=O)C(C)C)c1O
ZINC000014594408,C=CCC1=C[C@]2(OC)C(=CC1=O)O[C@H](c1cc(OC)c(OC)c(OC)c1)[C@H]2C
ZINC000014594670,COC(=O)c1c2c(c3ccccc3c1O)OC(C)(C)C(OC)=C2
ZINC000014594698,COc1cc([C@@H]2Oc3cc4oc(=O)ccc4cc3O[C@H]2CO)cc(OC)c1O
ZINC000014610079,CC(C)(O)[C@H]1Cc2cc3cc(-c4cc(O)cc(O)c4)oc3cc2O1
ZINC000014610081,CC1(C)Oc2cc3oc(-c4cc(O)cc(O)c4)cc3cc2C[C@@H]1O
ZINC000014610496,C[C@]12C=C(c3c(O)cc(-c4cc5ccc(O)cc5o4)cc3O)C[C@H](C1)c1ccc(O)cc1O2
ZINC000014611131,COc1ccc2ccc(=O)oc2c1/C=C/C(C)(C)O
ZINC000014611387,COc1cc2c(cc1O)C1=CC(=O)O[C@H]1CC2
ZINC000014611388,COc1cc2c(cc1O)C1=CC(=O)O[C@@H]1CC2
ZINC000014612174,COc1cc2cc[n+](C)c3c2c(c1O)-c1cc2c(cc1C3=O)OCO2
ZINC000014612871,C=CC(C)(C)c1[nH]c2ccccc2c1/C=C1\NC(=O)[C@H](C)NC1=O
ZINC000014612909,CC(C)=CCC/C(C)=C/CC/C(C)=C/Cc1c(C)cc(O)cc1O
ZINC000014613037,CN1CCc2cc3c(c4c2[C@@H]1Cc1cc2c(cc1-4)OCO2)OCO3
ZINC000014613160,COc1c2c(cc3c1C[C@@H](c1ccc(O)cc1O)CO3)OC(C)(C)C=C2
ZINC000014613164,COc1c2c(cc3c1C=CC(C)(C)O3)OCC(c1ccc(O)cc1O)=C2
ZINC000014613496,C[C@H]1CC(=O)C2=C(O1)c1cc(O)c(O)cc1OC2
ZINC000014613745,COc1cc(O)c2c(=O)c3cc4c(c(O)c3oc2c1CC=C(C)C)OC(C)(C)C=C4
ZINC000014615097,O=c1cc(CO)oc2cc3occc3c(O)c12
ZINC000014615437,Cc1cc2c(c(C)c1CO)C(=O)[C@@H](C)[C@@H]2O
ZINC000014615954,O=C1C=C(/C=C/c2ccccc2)O[C@H](C[C@H]2CC=CC(=O)O2)C1
ZINC000014616226,C=C[C@H](O)C#CC#C[C@H](O)/C=C/CCCCCCCCO
ZINC000014616227,C=C[C@H](O)C#CC#C[C@@H](O)/C=C/CCCCCCCCO
ZINC000014616228,C=C[C@@H](O)C#CC#C[C@H](O)/C=C/CCCCCCCCO
ZINC000014616229,C=C[C@@H](O)C#CC#C[C@@H](O)/C=C/CCCCCCCCO
ZINC000014616230,C=C[C@H](O)C#CC#C[C@H](O)/C=C/CCCCCCCCOC(C)=O
ZINC000014616231,C=C[C@@H](O)C#CC#C[C@H](O)/C=C/CCCCCCCCOC(C)=O
ZINC000014616232,C=C[C@@H](O)C#CC#C[C@@H](O)/C=C/CCCCCCCCOC(C)=O
ZINC000014616257,OCCCCCCCCCCCCCCCCCCO
ZINC000014617008,CC[C@H](C)C(=O)N[C@@H]1CCCN1C(=O)/C=C/c1ccccc1
ZINC000014617009,CC[C@H](C)C(=O)N[C@H]1CCCN1C(=O)/C=C/c1ccccc1
ZINC000014618143,Cc1c(O)c2c(c(C)c1CCO)C(=O)C(C)(C)C2
ZINC000014618153,Cc1c(O)c2c(c(C)c1CCO)C(=O)[C@](C)(CO)C2
ZINC000014618411,C=C(C)C[C@@H]1CC[C@]2(C)[C@@H](O)CCC(=C)[C@@H]12
ZINC000014618423,CC(C)=C[C@@H]1CC[C@]2(C)[C@@H](O)CC[C@@](C)(O)[C@@H]12
ZINC000014618682,COc1ccc2ccc(=O)oc2c1CCC(C)(C)O
ZINC000014620030,C[C@@]1(C(=O)O)CCC[C@]2(C)[C@H]3CCC(=O)C=C3CC[C@@H]12
ZINC000014636766,CC1=C/C(=C/CCCN2CCC[C@@H]2[C@@H]2C=C(C)C(=O)O2)OC1=O
ZINC000014638889,C=C[C@H](O)C#CC#C[C@H](O)/C=C\CCCCC
ZINC000014639665,COc1cc(O)c(C(=O)c2cccc(O)c2O)c(OC)c1
ZINC000014640373,O=C(/C=C/c1cc(O)c(O)c(O)c1)c1ccc(O)cc1O
ZINC000014640460,COc1c(O)c(OC)c(C(=O)/C=C/c2ccccc2)c(O)c1OC
ZINC000014642046,OC[C@@H]1[C@@H](c2ccc3c(c2)OCO3)OC[C@@H]1Cc1ccc2c(c1)OCO2
ZINC000014642224,COc1cc([C@@H]2OC[C@@H](Cc3ccc4c(c3)OCO4)[C@@H]2CO)ccc1O
ZINC000014642230,COc1cc([C@@H]2OC[C@H](Cc3ccc4c(c3)OCO4)[C@@H]2CO)ccc1O
ZINC000014642275,COc1cc(C[C@@H]2CO[C@H](OC)[C@H]2Cc2ccc(O)c(OC)c2)ccc1O
ZINC000014642730,COc1cc(OC)c2c(c1)O[C@H](c1ccc(O)c(OC)c1)[C@H](O)C2
ZINC000014642733,COc1cc(OC)c2c(c1)O[C@H](c1ccc(O)c(OC)c1)[C@@H](O)C2
ZINC000014642736,COc1cc(OC)c2c(c1)O[C@@H](c1ccc(O)c(OC)c1)[C@H](O)C2
ZINC000014642739,COc1cc(OC)c2c(c1)O[C@@H](c1ccc(O)c(OC)c1)[C@@H](O)C2
ZINC000014642741,COc1cc(OC)c2c(c1)O[C@H](c1ccc3c(c1)OCO3)[C@H](O)C2
ZINC000014642795,OC[C@@H]1O[C@H](Oc2cc(O)c3c(c2)O[C@H](c2ccc(O)c(O)c2)[C@H](O)C3)[C@@H](O)[C@@H]1O
ZINC000014642997,COc1cc(OC)c2c(c1)O[C@@H](c1ccc(OC)c(O)c1)[C@H](O)C2
ZINC000014643339,O=C1c2c(O)cc(O)cc2O[C@H](c2c(O)cccc2O)[C@H]1O
ZINC000014643615,COc1cc(O)c2c(c1)O[C@H](c1ccc(O)c(O)c1)[C@@H](O)C2=O
ZINC000014643684,COc1cc(O)c2c(c1)O[C@H](c1ccc(OC)c(O)c1)[C@@H](O)C2=O
ZINC000014644743,COc1cc(O)c2c(=O)cc(-c3cc(OC)c(OC)c(OC)c3)oc2c1
ZINC000014644952,COc1cc2oc(-c3ccc(O)cc3)c(OC)c(=O)c2c(O)c1OC
ZINC000014645298,COc1ccc(-c2cc(=O)c3c(OC)cc(OC)c(OC)c3o2)cc1OC
ZINC000014645348,COc1c(OC)c(O)c2c(=O)cc(-c3ccc(O)cc3)oc2c1O
ZINC000014645688,CC(=O)Oc1c(-c2ccc(O)cc2)c(O)c2oc3cc(O)c(O)cc3c2c1OC(C)=O
ZINC000014646858,COc1cc(C[C@H]2COC(=O)[C@@H]2[C@@H](OC)c2ccc(O)c(OC)c2)ccc1O
ZINC000014646862,COc1cc(C[C@H]2COC(=O)[C@H]2[C@@H](OC)c2ccc(O)c(OC)c2)ccc1O
ZINC000014646864,O=C1OC[C@@H](Cc2ccc3c(c2)OCO3)[C@@H]1C(=O)c1ccc2c(c1)OCO2
ZINC000014646945,O=C1OC[C@H](Cc2ccc3c(c2)OCO3)[C@@]1(O)Cc1ccc2c(c1)OCO2
ZINC000014647563,Cc1c(O)cc2c(c1O)C(=O)[C@@H](O)[C@H](c1ccc(O)c(O)c1)O2
ZINC000014648320,COc1c(-c2ccc(O)c(O)c2)oc2cc(O)c(CC=C(C)C)c(O)c2c1=O
ZINC000014648347,COc1c(O)cc2oc(-c3ccc(O)c(CC[C@@H](C)CO)c3)c(OC)c(=O)c2c1O
ZINC000014648349,COc1c(O)cc2oc(-c3ccc(O)c(CC[C@H](C)CO)c3)c(OC)c(=O)c2c1O
ZINC000014648847,COc1ccc2oc3c(OC)c(OC)c(OC)c(O)c3c(=O)c2c1
ZINC000014648883,COc1cc2c(=O)c3c(OC)c(OC)c(OC)cc3oc2cc1O
ZINC000014648893,COc1cc2oc3cc(OC)c(OC)c(OC)c3c(=O)c2cc1OC
ZINC000014649779,COc1cc2c(c3c1C=COC=C3)O[C@@H](C(C)(C)O)C2
ZINC000014649781,COc1cc2cc(C(C)(C)O)oc2c2c1C=COC=C2
ZINC000014650280,CC(C)(O)[C@H](O)Cc1cc2ccc(=O)oc2cc1O
ZINC000014650350,C/C(=C/Cc1c(O)cc2oc(C)cc(=O)c2c1O)CO
ZINC000014650631,C=C(C)[C@@H](O)COc1c2occc2c(OC)c2ccc(=O)oc12
ZINC000014651078,COc1cc(O)cc2c1-c1ccc(O)cc1CC2
ZINC000014651869,C[C@@H](O)CC#CC#Cc1ccccc1
ZINC000014652193,O=C(CCc1ccccc1)n1cccc1
ZINC000014653121,CC[C@H](C)C(=O)O[C@]1(C)C(=O)C=C(OC)[C@@](C)(O)C1=O
ZINC000014655552,COc1cccc2c1[nH]c1c([C@@H]3CCCc4c5[nH]c6c(OC)cccc6c5c(OC)c[n+]43)ncc(OC)c12
ZINC000014655555,COc1cccc2c1[nH]c1c([C@H]3CCCc4c5[nH]c6c(OC)cccc6c5c(OC)c[n+]43)ncc(OC)c12
ZINC000014658163,COc1cc([C@H]2OC[C@@H]3[C@@H](c4ccc5c(c4)OCO5)OC[C@H]23)ccc1OCC=C(C)C
ZINC000014658194,C=CCC1=C[C@@](OC)(/C(C)=C/c2cc(OC)c(OC)c(OC)c2)C(OC)=CC1=O
ZINC000014658197,C=CCC1=C[C@](OC)(/C(C)=C/c2cc(OC)c(OC)c(OC)c2)C(OC)=CC1=O
ZINC000014658200,C=CCC1=C[C@@](OC)(/C(C)=C/c2ccc(OC)c(OC)c2)C(OC)=CC1=O
ZINC000014658203,C=CCC1=C[C@](OC)(/C(C)=C/c2ccc(OC)c(OC)c2)C(OC)=CC1=O
ZINC000014679153,CC(C)=CCc1cc2c(=O)c3c(O)c4c(cc3oc2c(O)c1O)OC(C)(C)C=C4
ZINC000014679257,COc1ccc2c(OC)c(CC=C(C)C)c(=O)[nH]c2c1OC
ZINC000014679547,COc1c(C(C)C)c2c3c4c(c(C)ccc14)CC[C@H]3C(C)(C)O2
ZINC000014680002,C/C=C\c1ccc(OC)c(OC)c1
ZINC000014680206,C=CCc1ccc(O)c(-c2cc(O)ccc2O)c1
ZINC000014680544,CC#Cc1ccc(C#CC#C[C@@H](O)CO)s1
ZINC000014680546,CC#Cc1ccc(C#CC#C[C@H](O)CO)s1
ZINC000014680698,COC1=CC[C@@]23CCN(C)[C@@]2(C[C@@H](O)c2cc4c(cc23)OCO4)C1=O
ZINC000014681317,OC[C@]1(O)COc2cc(O)ccc2-c2cc(O)c(O)cc2C1
ZINC000014681321,COc1cc2c(cc1O)-c1ccc(O)cc1OC[C@@](O)(CO)C2
ZINC000014681569,CC1(C)CCCc2c1ccc1c2C(=O)C(=O)c2c(CO)coc2-1
ZINC000014682001,COc1cc2c(cc1OC)-c1cc3cc(OC)c(OC)cc3c[n+]1CC2
ZINC000014682854,Cc1cc2c(c(C)c1CCO)C(=O)[C@@](C)(CO)[C@@H]2O
ZINC000014684034,CC1(C)C=Cc2c(cc3oc4c(O)c5c(cc4c(=O)c3c2O)C=CC(C)(C)O5)O1
ZINC000014684757,C=C[C@H]1CN2CC[C@H]1C[C@H]2[C@]12Nc3ccccc3[C@]1(O)CCO2
ZINC000014684758,C=C[C@H]1CN2CC[C@H]1C[C@H]2[C@]12Nc3ccccc3[C@@]1(O)CCO2
ZINC000014684759,C=C[C@H]1CN2CC[C@H]1C[C@H]2[C@@]12Nc3ccccc3[C@@]1(O)CCO2
ZINC000014686472,COc1cc([C@H]2Oc3cc(O)c4c(=O)c(O)c(-c5ccc(O)cc5)oc4c3O[C@@H]2CO)ccc1O
ZINC000014686808,CC(C)=CCC/C(C)=C/CC/C(C)=C/CC/C(C)=C/Cc1cc(O)cc2c1OC(=O)C2=C(C)C
ZINC000014687544,CNC(=O)[C@@H]1[C@@H](c2ccccc2)[C@]2(c3ccc(OC)cc3)Oc3cc(OC)cc(OC)c3[C@]2(O)[C@@H]1O
ZINC000014687620,COc1cc(OC)c2c(c1)O[C@@]1(c3ccc(OC)c(O)c3)[C@H](c3ccccc3)[C@@H](C(=O)N(C)C)[C@@H](O)[C@@]21O
ZINC000014688687,COC(=O)c1c(CC=C(C)C)c(OC2=CC(=O)c3ccccc3C2=O)c2ccccc2c1O
ZINC000014688817,COc1cc2c(c(O)c1OC)-c1c(cc3c(c1OC)OCO3)C[C@@H](C)[C@@H](C)C2
ZINC000014688825,COc1c(O)cc2c(c1OC)-c1c(cc3c(c1OC)OCO3)C[C@@H](C)[C@@H](C)C2
ZINC000014689108,O=c1c2cccc(O)c2nc2n1CCc1c-2[nH]c2ccccc12
ZINC000014689114,O=c1c2ccccc2nc2n1[C@H](O)Cc1c-2[nH]c2ccccc12
ZINC000014689152,CC(C)(O)[C@@H]1Cc2cc3ccc(=O)oc3c(O)c2O1
ZINC000014690026,O=C(/C=C/c1ccc(O)c2oc(-c3ccc(O)c(O)c3)cc12)O[C@H](Cc1ccc(O)c(O)c1)C(=O)O
ZINC000014690290,Cc1ccc2c(c1CCC(=O)C(C)C)C(=O)C(=O)C(C(C)C)=C2
ZINC000014690609,CC(C)=CCC[C@]1(C)C=Cc2c(ccc([C@@H]3CC(=O)c4c(O)cc(O)cc4O3)c2O)O1
ZINC000014690611,CC(C)=CCC[C@@]1(C)C=Cc2c(ccc([C@@H]3CC(=O)c4c(O)cc(O)cc4O3)c2O)O1
ZINC000014690613,CC(C)=CCC[C@]1(C)C=Cc2c(ccc([C@H]3CC(=O)c4c(O)cc(O)cc4O3)c2O)O1
ZINC000014690615,CC(C)=CCC[C@@]1(C)C=Cc2c(ccc([C@H]3CC(=O)c4c(O)cc(O)cc4O3)c2O)O1
ZINC000014690933,C=C(C)[C@@H]1CCc2c(C)ccc3c2[C@@]1(O)C(=O)C(C(C)C)=C3
ZINC000014691668,C[C@@H]1Oc2cc(-c3ccc(O)c(O)c3)oc(=O)c2C1(C)C
ZINC000014691670,C[C@H]1Oc2cc(-c3ccc(O)c(O)c3)oc(=O)c2C1(C)C
ZINC000014691674,C/C=C1/CN2[C@H]3C[C@@H]1[C@H](CO)[C@@H]2Cc1c3[nH]c2ccc(O)cc12
ZINC000014692080,CC(C)=CCc1c2c(c(O)c3c(=O)c(-c4ccc(O)cc4)coc13)C=CC(C)(C)O2
ZINC000014692414,C/C=C(/C)C(=O)Oc1c(OC)c(OC)cc2c1-c1c(cc(OC)c(OC)c1OC)C[C@](C)(O)[C@@H](C)C2
ZINC000014692424,C/C=C(\C)C(=O)Oc1c(OC)c(OC)cc2c1-c1c(cc(OC)c(OC)c1OC)C[C@@](C)(O)[C@H](C)C2
ZINC000014692432,COc1cc2c(c(OC)c1OC)-c1c(cc(OC)c(OC)c1OC(=O)c1ccccc1)C[C@@H](C)[C@](C)(O)C2
ZINC000014692496,COc1c2c(cc3c1-c1c(cc4c(c1OC)OCO4)[C@H](OC(=O)c1ccccc1)[C@@](C)(O)[C@@H](C)C3)OCO2
ZINC000014692679,O=C1c2c(O)cc(O)cc2OC[C@]12Cc1cc3c(cc12)OCO3
ZINC000014692687,COc1cc(O)c2c(c1)O[C@H](O)[C@]1(Cc3cc4c(cc31)OCO4)C2=O
ZINC000014692691,COc1cc(O)c2c(c1)O[C@@H](O)[C@]1(Cc3cc4c(cc31)OCO4)C2=O
ZINC000014695361,O=C1C=C2C[C@H]3[C@H](O)C[C@]2(O1)[C@H]1CCCCN31
ZINC000014695442,C[C@@H](O)C[C@@H]1CCCCN1C
ZINC000014695445,C[C@@H](O)C[C@H]1CCCCN1C
ZINC000014696115,OC[C@H](O)[C@H](/C=C/c1ccc(O)cc1)c1ccc(O)c(O)c1
ZINC000014696123,COc1cc([C@H](/C=C/c2ccc(O)cc2)[C@H](O)CO)ccc1O
ZINC000014696125,COc1cc([C@@H](/C=C/c2ccc(O)cc2)[C@@H]2COC(C)(C)O2)ccc1O
ZINC000014710225,COc1cc([C@H]2Oc3c(OC)cc([C@H](O)[C@@H](O)CO)cc3[C@@H]2CO)ccc1O
ZINC000014710237,C=C[C@H]1CN2CCc3c([nH]c4ccccc34)[C@@H]2C[C@@H]1[C@H](CO)C(=O)OC
ZINC000014711612,C=C(C)[C@H](CC=C(C)C)Cc1c(O)cc(O)c2c1O[C@H](c1ccc(O)cc1OC)CC2=O
ZINC000014711638,C=C(C)[C@H](CC=C(C)C)Cc1c(O)cc(OC)c2c1O[C@@H](c1ccc(O)cc1OC)CC2=O
ZINC000014711695,CC1(C)C=Cc2c(O)ccc(-c3coc4cc(O)cc(O)c4c3=O)c2O1
ZINC000014712101,CC1(C)OC[C@]2(OC[C@@H](O)[C@@H](O)[C@@H]2O)O1
ZINC000014716273,CC[C@@H](/C=C/[C@H](C)[C@@H]1CC[C@@H]2C3=CC[C@@H]4CC(=O)CC[C@@]4(C)[C@@H]3CC[C@]21C)C(C)C
ZINC000014719304,COc1cc([C@@H](O)[C@H](O)CO)cc(OC)c1O
ZINC000014721540,COc1cc2c(cc1OC)[C@]1(O)C(=O)c3c(O)cc4c(c3O[C@@H]1CO2)C=CC(C)(C)O4
ZINC000014722465,C#CC#CC[C@H](O)[C@@H](O)CCCCCC=C
ZINC000014722467,C#CC#CC[C@H](O)[C@H](O)CCCCCC=C
ZINC000014722469,C#CC#CC[C@@H](O)[C@@H](O)CCCCCC=C
ZINC000014722471,C#CC#CC[C@@H](O)[C@H](O)CCCCCC=C
ZINC000014723545,O=C1C=C[C@]2(O)CC(=O)O[C@@H]2C1
ZINC000014723547,O=C1C=C[C@@]2(O)CC(=O)O[C@@H]2C1
ZINC000014723549,O=C1C=C[C@]2(O)CC(=O)O[C@H]2C1
ZINC000014723550,O=C1C=C[C@@]2(O)CC(=O)O[C@H]2C1
ZINC000014725351,COc1ccc2c(c1OC)-c1c(OC)c(O)cc3c1[C@@H](C2)N(C)CC3
ZINC000014725498,COc1cc(O)c(C(=O)c2ccccc2O)cc1O
ZINC000014725518,O=C(c1ccc(O)cc1)c1c(O)cc(O)cc1O
ZINC000014725541,COc1cc(O)c(C(=O)c2ccc(O)cc2)c(O)c1
ZINC000014726226,COc1ccc(/C=C/C(=O)c2c(O)cc(O)cc2OC)cc1
ZINC000014726235,COc1cc(O)cc(OC)c1C(=O)/C=C/c1ccc(O)cc1
ZINC000014727511,CC(C)=CCc1cc([C@@H]2CC(=O)c3c(O)cc(O)c(CC=C(C)C)c3O2)c(O)cc1O
ZINC000014727513,COc1cc(O)c2c(c1CC=C(C)C)O[C@H](c1cc(CC=C(C)C)c(O)cc1O)CC2=O
ZINC000014727558,CC(C)=CCc1c(-c2ccc(O)cc2O)oc2c(CC=C(C)C)c(O)cc(O)c2c1=O
ZINC000014727563,CC(C)=CCc1cc(-c2oc3cc(O)c(CC=C(C)C)c(O)c3c(=O)c2O)ccc1O
ZINC000014727566,CC(C)=CCc1cc(-c2cc(=O)c3c(O)cc(O)c(CC=C(C)C)c3o2)cc(O)c1O
ZINC000014727570,COc1cc2c(c(OC)c1CC=C(C)C)C[C@H](c1ccc(O)c(CC=C(C)C)c1O)CO2
ZINC000014727602,CC(C)=CCc1cc(-c2coc3cc(O)c(CC=C(C)C)c(O)c3c2=O)cc(O)c1O
ZINC000014727604,CC(C)=CCc1c(O)c(CC=C(C)C)c2occ(-c3ccc(O)c(O)c3)c(=O)c2c1O
ZINC000014727607,C=C(C)[C@H](O)Cc1c(O)c(CC=C(C)C)c2occ(-c3ccc(O)c(O)c3)c(=O)c2c1O
ZINC000014727608,C=C(C)[C@@H](O)Cc1c(O)c(CC=C(C)C)c2occ(-c3ccc(O)c(O)c3)c(=O)c2c1O
ZINC000014727609,C=C(C)[C@H](O)Cc1c(O)c(CC=C(C)C)c(O)c2c(=O)c(-c3ccc(O)c(O)c3)coc12
ZINC000014727610,C=C(C)[C@@H](O)Cc1c(O)c(CC=C(C)C)c(O)c2c(=O)c(-c3ccc(O)c(O)c3)coc12
ZINC000014727618,COc1cc(O)c2c(=O)c3cc(CC=C(C)C)c(O)c(O)c3oc2c1CC=C(C)C
ZINC000014727630,CC(C)=CCc1c(O)cc2oc3cc(O)c(O)c(CCC(C)(C)O)c3c(=O)c2c1O
ZINC000014727662,CC(C)=CCc1c(O)c(O)c2oc3c(O)ccc(O)c3c(=O)c2c1CC=C(C)C
ZINC000014727929,Oc1ccc([C@H]2Oc3cc(O)ccc3[C@H](O)[C@@H]2O)cc1
ZINC000014728044,O=C1C[C@](O)(c2ccc(O)cc2)Oc2cc(O)cc(O)c21
ZINC000014728045,O=C1C[C@@](O)(c2ccc(O)cc2)Oc2cc(O)cc(O)c21
ZINC000014728124,COc1ccccc1[C@@H]1CC(=O)c2c(OC)cc(O)c(OC)c2O1
ZINC000014728182,O=C1C[C@@H](c2cc(O)c(O)c(O)c2)Oc2cc(O)ccc21
ZINC000014728265,COc1ccc([C@@H]2Oc3cc(OC)cc(OC)c3C(=O)[C@@H]2O)cc1
ZINC000014728266,COc1ccc([C@H]2Oc3cc(OC)cc(OC)c3C(=O)[C@@H]2O)cc1
ZINC000014728267,COc1ccc([C@@H]2Oc3cc(OC)cc(OC)c3C(=O)[C@H]2O)cc1
ZINC000014728268,COc1ccc([C@H]2Oc3cc(OC)cc(OC)c3C(=O)[C@H]2O)cc1
ZINC000014728347,COc1cc(O)c2c(c1)O[C@H](c1ccc(OC)c(OC)c1)CC2=O
ZINC000014728363,O=C1C[C@@H](c2ccc(O)c(O)c2)Oc2cc(O)c(O)cc21
ZINC000014728437,COc1c(O)cc2c(c1O)C(=O)C[C@H](c1ccc(O)cc1)O2
ZINC000014728438,COc1c(O)cc2c(c1O)C(=O)C[C@@H](c1ccc(O)cc1)O2
ZINC000014728482,COc1c(O)c(OC)c2c(c1OC)O[C@@H](c1ccccc1)CC2=O
ZINC000014757486,COc1c(O)c(OC)c2oc(-c3ccccc3)cc(=O)c2c1O
ZINC000014757601,Cc1c(O)c(C=O)c2c(c1O)C(=O)[C@H](Cc1ccc3c(c1)OCO3)CO2
ZINC000014758416,COc1ccc(C[C@]2(O)COc3cc(O)cc(O)c3C2=O)cc1
ZINC000014758419,COc1ccc(C[C@]2(O)COc3cc(OC)cc(O)c3C2=O)cc1
ZINC000014758993,COc1cc(O)cc2occ(-c3ccc(O)cc3O)c(=O)c12
ZINC000014760147,C=C(C)[C@@H](CC=C(C)C)Cc1c(O)cc(O)c2c(=O)c(O)c(-c3ccc(O)cc3)oc12
ZINC000014760149,C=C(C)[C@H](CC=C(C)C)Cc1c(O)cc(O)c2c(=O)c(O)c(-c3ccc(O)cc3)oc12
ZINC000014761002,COC(=O)c1cc(O)cc(OC)c1C(=O)c1c(O)cc(C)cc1OC
ZINC000014761272,COc1c(O)cc2oc3cc(O)cc(C)c3c(=O)c2c1O
ZINC000014762498,CC(C)=CCc1c(O)ccc(C(=O)/C=C/c2ccc(O)cc2O)c1O
ZINC000014762532,C=C(C)[C@H](O)Cc1c(O)cc(OC)c(C(=O)/C=C/c2ccc(O)cc2)c1O
ZINC000014762534,C=C(C)[C@@H](O)Cc1c(O)cc(OC)c(C(=O)/C=C/c2ccc(O)cc2)c1O
ZINC000014762757,COc1c(-c2ccc(O)cc2)oc2cc(O)c(CC=C(C)C)c(O)c2c1=O
ZINC000014762797,COc1ccc(-c2oc3c(CC=C(C)C)c(O)cc(O)c3c(=O)c2O)cc1
ZINC000014762971,CC(C)=CCc1c(O)cc(O)c2c(=O)c(-c3ccc(O)cc3O)coc12
ZINC000014762987,COc1cc(O)c(-c2coc3cc(O)ccc3c2=O)c(OC)c1CC=C(C)C
ZINC000014762993,CC(C)=CCc1cc(-c2coc3cc(O)cc(O)c3c2=O)cc(O)c1O
ZINC000014763050,CC(C)=CCc1c(O)cc(O)c2c(=O)c3ccc(O)c(O)c3oc12
ZINC000014763060,COc1cc2oc3c(O)ccc(O)c3c(=O)c2c(O)c1CC=C(C)C
ZINC000014763075,CC(C)=CCc1cc2c(=O)c3c(O)ccc(O)c3oc2c(O)c1O
ZINC000014763077,COc1c(O)c(CC=C(C)C)cc2c(=O)c3c(O)ccc(O)c3oc12
ZINC000014763943,CC(C)=CCc1cc2c(=O)c3c(O)c(CC=C(C)C)c(O)c(CC=C(C)C)c3oc2c(O)c1O
ZINC000014763947,CC(C)=CCc1c(O)c(O)c2oc3c(CC=C(C)C)c(O)cc(O)c3c(=O)c2c1CC=C(C)C
ZINC000014764100,COc1c(O)cc2oc3c(O)cccc3c(=O)c2c1O
ZINC000014764110,COc1cc2oc3c(OC)cccc3c(=O)c2c(O)c1OC
ZINC000014764142,COc1cc2oc3ccc(O)cc3c(=O)c2c(O)c1OC
ZINC000014764165,O=c1c2cc(O)ccc2oc2cc3c(c(O)c12)OCO3
ZINC000014764168,COc1ccc2oc3cc4c(c(OC)c3c(=O)c2c1)OCO4
ZINC000014764374,O=c1c2ccc(O)c(O)c2oc2cc(O)cc(O)c12
ZINC000014764384,COc1cc(O)c2c(=O)c3ccc(O)c(O)c3oc2c1
ZINC000014764527,COc1cc2c(=O)c3c(OC)cc(O)cc3oc2cc1O
ZINC000014764634,COc1ccc([C@H]2O[C@H](c3ccc(OC)c(OC)c3)[C@@H](C)[C@@H]2C)cc1OC
ZINC000014764805,CC1=CC(C)(C)N=C(C)C1=O
ZINC000014766825,CC1(C)CCc2c(cc3oc4cc(O)c5c(c4c(=O)c3c2O)CCC(C)(C)O5)O1
ZINC000014767663,Cc1cc(O)cc2c1O[C@](C)(CCC[C@@H](C)CCC[C@@H](C)CCCC(C)C)C=C2
ZINC000014768470,CC(C)c1c(O)ccc2c1CC[C@H]1C(C)(C)[C@@H](O)CC[C@]21C
ZINC000014768571,CC(C)c1c(O)ccc2c1CC[C@H]1[C@@](C)(C(=O)O)CCC[C@]21C
ZINC000014774001,CC(C)c1cc2c(c(O)c1O)[C@@]1(C)CCCC(C)(C)C1=C(O)C2=O
ZINC000014774720,COc1cc(O)cc(O)c1C(C)=O
ZINC000014775265,COc1c(OC)c(OC)c2c3c(cc4ccccc42)N(C=O)CCc13
ZINC000014775716,CCOC(=O)c1c(O)cc(O)cc1O
ZINC000014775976,O=c1cc(Oc2ccc(O)cc2)oc2cc(O)cc(O)c12
ZINC000014775992,O=c1c(O)coc2cc(O)cc(O)c12
ZINC000014776066,COc1cc2oc(=O)ccc2c(OC)c1O
ZINC000014776240,COc1cc(OC)c2ccc(=O)oc2c1OCC=C(C)C
ZINC000014776268,COc1cc(OC)c2ccc(=O)oc2c1OC
ZINC000014777824,COc1ccc(C(=O)/C=C/c2ccc(O)cc2)c(O)c1
ZINC000014779724,COc1ccc(-c2oc3c(OC)c(O)cc(O)c3c(=O)c2O)cc1
ZINC000014779854,COc1cc(-c2cc(=O)c3c(O)c(OC)c(O)cc3o2)ccc1O
ZINC000014780100,COc1c(C)c(O)c2c(c1C)O[C@@H](c1ccc(O)cc1)CC2=O
ZINC000014780116,Cc1c(O)c(C)c2oc(-c3ccc(O)cc3)cc(=O)c2c1O
ZINC000014780122,COc1c(C)c(O)c2c(=O)cc(-c3ccc(O)cc3)oc2c1C
ZINC000014780145,CC(C)=CCc1c(O)cc(O)c2c(=O)c3cc4c(c(O)c3oc12)OC(C)(C)C=C4
ZINC000014780845,CC(C)=CCc1cc(-c2cc(=O)c3c(O)cc(O)cc3o2)cc(CC=C(C)C)c1O
ZINC000014780926,CC(C)=CCc1cc(-c2coc3cc(O)c(CC=C(C)C)c(O)c3c2=O)ccc1O
ZINC000014780934,C=C(C)[C@H](O)Cc1cc(-c2coc3cc(O)c(CC=C(C)C)c(O)c3c2=O)ccc1O
ZINC000014780937,C=C(C)[C@@H](O)Cc1cc(-c2coc3cc(O)c(CC=C(C)C)c(O)c3c2=O)ccc1O
ZINC000014780940,CC(C)=CCc1cc(-c2coc3c(CC=C(C)C)c(O)cc(O)c3c2=O)ccc1O
ZINC000014780951,C=C(C)[C@H](O)Cc1c(O)c(CC=C(C)C)c2occ(-c3ccc(O)cc3)c(=O)c2c1O
ZINC000014780953,C=C(C)[C@@H](O)Cc1c(O)c(CC=C(C)C)c2occ(-c3ccc(O)cc3)c(=O)c2c1O
ZINC000014780962,C=C(C)[C@H](O)Cc1c(O)c(CC=C(C)C)c(O)c2c(=O)c(-c3ccc(O)cc3)coc12
ZINC000014780964,C=C(C)[C@@H](O)Cc1c(O)c(CC=C(C)C)c(O)c2c(=O)c(-c3ccc(O)cc3)coc12
ZINC000014806025,COc1ccc([C@@H]2CCc3ccc(O)cc3O2)cc1O
ZINC000014806381,O=C1c2c(O)cc(O)cc2O[C@H](c2ccccc2)[C@H]1O
ZINC000014806402,CCC(=O)O[C@H]1C(=O)c2c(O)cc(O)cc2O[C@@H]1c1ccccc1
ZINC000014806554,COc1cc(O)c2c(c1)O[C@H](c1ccccc1)[C@@H](OC(C)=O)C2=O
ZINC000014806846,COc1ccc([C@@H]2CC(=O)c3c(OC)cc(O)cc3O2)cc1
ZINC000014807132,COc1cc(O)c(OC)c2c1C(=O)C[C@H](c1ccccc1)O2
ZINC000014807134,COc1cc(O)c(OC)c2c1C(=O)C[C@@H](c1ccccc1)O2
ZINC000014807136,COc1cc(O)c2c(c1OC)O[C@H](c1ccccc1)CC2=O
ZINC000014811056,COc1cc(O)c2c(c1O)OC[C@H](Cc1ccc(O)cc1)C2=O
ZINC000014811058,COc1cc(O)c2c(c1O)OC[C@@H](Cc1ccc(O)cc1)C2=O
ZINC000014811208,COCc1ccc2c(c1OC)C(=O)c1ccc(O)c(OC)c1C2=O
ZINC000014811580,Oc1ccc([C@@H]2COc3cc(O)ccc3C2)c(O)c1
ZINC000014811582,Oc1ccc([C@H]2COc3cc(O)ccc3C2)c(O)c1
ZINC000014813367,CC1=CC(=O)CC(C)(C)[C@@]1(O)/C=C/[C@H](O)CO
ZINC000014813714,COc1cc(O)c2c(=O)cc(-c3ccc(O)c(O)c3)oc2c1
ZINC000014813748,COc1cc(O)cc2oc(-c3ccc(O)c(O)c3)cc(=O)c12
ZINC000014814034,COc1cc(O)c(C(C)=O)c(O)c1C
ZINC000014814143,COc1c(O)ccc2c1C(=O)c1c(O)cc(C)cc1C2=O
ZINC000014814150,Cc1c(O)cc2c(c1O)C(=O)c1ccc(O)cc1C2=O
ZINC000014814165,COc1c(C)c(O)cc2c1C(=O)c1ccc(O)cc1C2=O
ZINC000014814852,COc1ccc2c(c1C)O[C@H](c1ccc(O)cc1)[C@H](O)C2
ZINC000014814927,COc1cc2c(c(O)c1C)C(=O)C[C@@H](c1ccc(O)cc1)O2
ZINC000014814969,COc1cc2oc(-c3ccc(O)cc3)cc(=O)c2c(O)c1C
ZINC000014818095,CCC(=O)c1cc2c(cc1O)OCO2
ZINC000014818114,COc1cc(/C=C/C=O)cc2c1OCO2
ZINC000014819208,COc1ccc2c(c1CC=C(C)C)O[C@H](c1ccc(O)cc1O)CC2
ZINC000014819385,CC(C)=CCc1c(O)ccc2c(=O)cc(-c3ccc(O)c(O)c3)oc12
ZINC000014819388,CC(C)=CCc1c(O)cc2oc(-c3ccc(O)cc3)cc(=O)c2c1O
ZINC000014819472,CC(C)=CCc1c(O)ccc(-c2coc3cc(O)ccc3c2=O)c1O
ZINC000014819519,COc1ccc(-c2coc3c(CC=C(C)C)c(O)cc(O)c3c2=O)cc1
ZINC000014819625,COc1c(CC=C(C)C)c(O)cc2c1-c1oc3cc(O)ccc3c1CO2
ZINC000014819752,CC(C)=CCc1c(O)cc2oc3ccc(O)cc3c(=O)c2c1O
ZINC000014819753,COc1cc2oc3ccc(O)cc3c(=O)c2c(O)c1CC=C(C)C
ZINC000014820400,COc1ccc2c(c1)O[C@@H]1c3ccc(O)cc3OC[C@]21O
ZINC000014820619,Oc1ccc2c(c1)OCc1c-2oc2cc3c(cc12)OCO3
ZINC000014821552,CC(C)=CCc1cc([C@@H]2CC(=O)c3c(O)cc(O)c(CC=C(C)C)c3O2)cc(CC=C(C)C)c1O
ZINC000014821891,O=c1c2cccc(O)c2oc2ccc(O)c(O)c12
ZINC000014821893,COc1c(O)ccc2oc3c(O)cccc3c(=O)c12
ZINC000014821978,O=c1c2cccc(O)c2oc2c(O)ccc(O)c12
ZINC000014822017,O=c1c2cc(O)c(O)cc2oc2cccc(O)c12
ZINC000014822042,COc1cc2c(=O)c3ccccc3oc2c(O)c1O
ZINC000014822203,C=CCc1cc(OC)c(OC)cc1OC
ZINC000014823902,O=c1ccc2ccc(Oc3cc4ccc(O)c(-c5c(O)ccc6ccc(=O)oc56)c4oc3=O)cc2o1
ZINC000014824006,COc1ccc2c(C[C@@H]3NC(=O)[C@@H]4CCCN4C3=O)c(CC=C(C)C)[nH]c2c1
ZINC000014827319,C/C=C1/CN2CC[C@H]1[C@@](CO)(C(=O)OC)c1[nH]c3ccccc3c1C2
ZINC000014827650,O=c1c2cc(O)ccc2nc2n1CC[C@@H]2O
ZINC000014855702,O=C(/C=C/c1ccc(O)c(O)c1)OC[C@H]1O[C@@H](Oc2ccc(O)cc2)[C@H](O)[C@@H](O)[C@@H]1O
ZINC000014855953,C[C@@H]1CC(=O)C=C2C=C[C@@H]3[C@@H](C3(C)C)[C@]21C
ZINC000014856017,C[C@@H]1CC(=O)C=C2[C@H](O)C[C@@H]3[C@@H](C3(C)C)[C@]21C
ZINC000014856069,C[C@@H]1CC(=O)C=C2CC[C@@H]3[C@@H](C3(C)C)[C@]21C
ZINC000014856801,COc1cc([C@@H]2OC[C@@H]3[C@@H](c4ccc5c(c4)OCO5)OC[C@H]23)cc(OC)c1OC
ZINC000014860734,CCOC(=O)[C@@H]1CC(=O)c2oc(=O)c3cc(O)c(O)c(O)c3c21
ZINC000014860735,CCOC(=O)[C@H]1CC(=O)c2oc(=O)c3cc(O)c(O)c(O)c3c21
ZINC000014879999,CO[C@@H]1[C@@H](OC(N)=O)[C@@H](O)[C@H](Oc2ccc3c(O)c(NC(=O)c4ccc(O)c(CC=C(C)C)c4)c(=O)oc3c2C)OC1(C)C
ZINC000014883241,C=C(C(=O)OC)[C@@H]1Cc2cc(O)c(C(C)=O)cc2O1
ZINC000014883242,C=C(C(=O)OC)[C@H]1Cc2cc(O)c(C(C)=O)cc2O1
ZINC000014883365,COc1cc([C@H]2c3c(ccc(O)c3OC)C=C(C=O)[C@@H]2CO)ccc1O
ZINC000014883387,Cc1c2c(cc3occ(C=O)c13)C(=O)CC[C@@H]2C
ZINC000014916880,C=CC[C@]12C=C(OC)C(=O)C=C1O[C@H](c1ccc3c(c1)OCO3)[C@H]2C
ZINC000014918331,Cc1cc2c(cc1O)[C@H](C)C[C@@H](O)[C@H]2C(C)C
ZINC000014918468,CC1=C[C@H]2[C@@H](CC1=O)[C@H](C)C[C@@H](O)[C@H]2C(C)C
ZINC000014918650,C=C1CC[C@H]2[C@](C)(O)CC[C@@H](C(C)C)[C@]2(O)C1
ZINC000014922263,COC1=C[C@]23CCCN2CCc2cc4c(cc2[C@@]3(O)[C@@H]1O)OCO4
ZINC000014947575,O=C1C=CC[C@H](/C=C/C[C@H](O)C[C@@H](O)/C=C/c2ccccc2)O1
ZINC000014950008,CC1=CC[C@@]2([C@H](O)C1=O)[C@H]1[C@H](C)COC(=O)[C@H]1O[C@@]2(C)O
ZINC000014951190,CC(C)=C[C@@H]1Oc2cc(O)ccc2-c2oc3c4c(cc(O)c3c(=O)c21)OC(C)(C)C=C4
ZINC000014951196,CC(C)=C[C@H]1Oc2cc(O)ccc2-c2oc3c4c(cc(O)c3c(=O)c21)OC(C)(C)C=C4
ZINC000014971527,CC(C)=C1C[C@@H]2O[C@]2(C)CC[C@@H]2O[C@@]2(C)CC1=O
ZINC000014971531,CC(C)=C1C[C@H]2O[C@]2(C)CC[C@@H]2O[C@@]2(C)CC1=O
ZINC000014980289,C[C@@H]1[C@H]2C3=CC[C@@H]4[C@@]5(C)C[C@@H](O)[C@@H](O)C(C)(C)[C@@H]5CC[C@@]4(C)[C@]3(C)CC[C@@]2(C(=O)O)CC[C@H]1C
ZINC000014984262,CC(=O)Oc1ccc([C@@H]2CC(=O)c3c(OC(C)=O)cc(OC(C)=O)cc3O2)cc1
ZINC000014984264,CC(=O)Oc1ccc([C@H]2CC(=O)c3c(OC(C)=O)cc(OC(C)=O)cc3O2)cc1
ZINC000014984468,C[C@H]1CC[C@@]2(O)C(C)(C)[C@@H]3CC[C@@]2(C)[C@H]1C3
ZINC000014984519,COc1cc([C@H]2Oc3ccc([C@H]4Oc5cc(O)cc(O)c5C(=O)[C@@H]4O)cc3O[C@H]2CO)ccc1O
ZINC000015043977,C=CC[C@@]1(OC)C=C2C(=CC1=O)O[C@H](c1ccc3c(c1)OCO3)[C@@H]2C
ZINC000015043980,C=CC[C@@]1(OC)C=C2C(=CC1=O)O[C@H](c1ccc3c(c1)OCO3)[C@H]2C
ZINC000015044300,COc1ccc2c(c1)O[C@@H]1[C@H]2COC2=CC(=O)CC[C@@]21O
ZINC000015045095,CO[C@@H]1c2c(ccc3c2OCO3)-c2ccc3cc4c(cc3c2N1C)OCO4
ZINC000015056905,C=C1C(=O)O[C@@H]2[C@@H]1[C@H](OC(=O)/C(C)=C/C)C[C@]1(C)[C@@H](O)CCC(=C)[C@H]21
ZINC000015107417,C=C1[C@H](OC(=O)/C=C(\C)CC)C[C@@H](C(C)C)[C@H]2[C@@H]([C@@H](C)OC(C)=O)C(=O)C[C@@H]12
ZINC000015112730,COc1cc(O)cc(CCc2ccccc2)c1
ZINC000015112845,COc1cc([C@H](O)[C@@H](C)O)ccc1O
ZINC000015112849,COc1cc([C@H](O)[C@H](C)O)ccc1O
ZINC000015112882,COc1cc(C(CO)CO)ccc1O
ZINC000015112897,OCC(CO)c1ccc2c(c1)OCO2
ZINC000015115007,CC(C)=CCc1cc([C@@H]2CCc3ccc(O)cc3O2)ccc1O
ZINC000015115057,CC(C)=CCc1cc2c(cc1O)O[C@H](c1ccc(O)cc1)CC2=O
ZINC000015115059,CC(C)=CCc1cc2c(cc1O)O[C@@H](c1ccc(O)cc1)CC2=O
ZINC000015115144,CC(C)=CCc1c(O)ccc2c(=O)c(-c3ccc(O)cc3)coc12
ZINC000015116652,C=C1C(=O)C2=C[C@H]1CCC(=O)[C@@]1(C)[C@H](OC(C)=O)CCC(C)(C)[C@H]1C[C@H]2O
ZINC000015117947,COc1cc(C(=O)[C@@H](O)CO)cc(OC)c1O
ZINC000015117949,COc1cc(C(=O)[C@H](O)CO)cc(OC)c1O
ZINC000015117976,COc1ccc(-c2oc3c(OC)c(O)cc(O)c3c(=O)c2OC)cc1
ZINC000015118729,C=Cc1ncc(OC)c2c1[nH]c1c(O)cccc12
ZINC000015118731,C=Cc1ncc(OC)c2c1[nH]c1c(OC)cccc12
ZINC000015118974,O=c1c2cccc(O)c2oc2cccc(O)c12
ZINC000015119312,C=C(C)c1cc2cc(OC)c(OC)cc2o1
ZINC000015119481,CC1(C)C=Cc2ccc(O)cc2O1
ZINC000015120191,CC(C)=CCC/C(C)=C/CC[C@@]1(C)C=Cc2c(O)cc(C)cc2O1
ZINC000015120346,C=C[C@](C)(O)C/C=C/C(C)(C)O
ZINC000015120347,C=C[C@@](C)(O)C/C=C/C(C)(C)O
ZINC000015120527,CC(C)=CCC/C(C)=C/Cc1cc(-c2coc3cc(O)ccc3c2=O)ccc1O
ZINC000015120543,COc1ccc(C(=O)O)cc1C/C=C(\C)CCC=C(C)C
ZINC000015120610,C/C(=C\COc1c2occc2cc2ccc(=O)oc12)C/C=C/C(C)(C)O
ZINC000015120612,C=C(C)[C@@H](O)CC/C(C)=C/COc1c2occc2cc2ccc(=O)oc12
ZINC000015120613,C=C(C)[C@H](O)CC/C(C)=C/COc1c2occc2cc2ccc(=O)oc12
ZINC000015120709,CC(C)=CCC/C(C)=C/Cc1c(O)cc(O)c(C(=O)C(C)C)c1O
ZINC000015120794,C=C[C@](C)(O)CC[C@H](O)C(C)(C)O
ZINC000015120795,C=C[C@](C)(O)CC[C@@H](O)C(C)(C)O
ZINC000015120796,C=C[C@@](C)(O)CC[C@H](O)C(C)(C)O
ZINC000015120797,C=C[C@@](C)(O)CC[C@@H](O)C(C)(C)O
ZINC000015120948,C=CC(C)(C)c1cc2ccc(OC)c(O)c2oc1=O
ZINC000015121021,C=CC(C)(C)c1c(O)cc(O)c2c(=O)c3ccc(O)c(O)c3oc12
ZINC000015121022,C=CC(C)(C)c1c(OC)cc(O)c2c(=O)c3ccc(O)c(O)c3oc12
ZINC000015121050,C=CC(C)(C)c1c(O)cc(O)c2c(=O)c3cccc(O)c3oc12
ZINC000015121431,C=C1CC[C@H]2C(C)(C)CCC[C@]2(C)[C@H]1/C=C/C(C)=O
ZINC000015121938,O=C(CCc1ccccc1)C[C@H](O)/C=C/c1ccccc1
ZINC000015121939,O=C(CCc1ccccc1)C[C@@H](O)/C=C/c1ccccc1
ZINC000015122159,COc1cc(O)c2c(c1)C[C@@H]1c3c(cc4c(c3-2)OCO4)CCN1C
ZINC000015147775,C=C1[C@@H]2[C@@H](C(C)(C)O)CC[C@@]1(C)[C@@H]1COC(=O)[C@H]21
ZINC000015148140,CC1(C)CCC[C@@]2(C)[C@H]1CC=C1C(=O)OC[C@@H]12
ZINC000015148440,C=CCc1ccc(O)c(-c2cc(CC=C)cc(-c3cc(CC=C)ccc3O)c2O)c1
ZINC000015148442,C=CCc1ccc(O)c(-c2cc(CC=C)cc(-c3ccc(O)c(CC=C)c3)c2O)c1
ZINC000015149223,C=CC(C)(C)c1[nH]c2c(CC=C(C)C)cc(CC=C(C)C)cc2c1C[C@@H]1NC(=O)[C@H](C)NC1=O
ZINC000015149430,COc1c(O)cc2oc(=O)c(Oc3ccc4ccc(=O)oc4c3)cc2c1OC
ZINC000015149475,C=Cc1cc(O)cc2ccc3c(C)c(O)ccc3c12
ZINC000015150042,C=C[C@]1(C)CC[C@@H](C(C)C)C(=O)[C@H]1C(=C)C
ZINC000015150798,COc1cc2c(cc1OC)[C@@H]1[C@H](CO2)Oc2c(ccc3occc23)[C@@H]1OC(C)=O
ZINC000015150825,COc1cc(OC)c(-c2coc3cc4c(cc3c2=O)C=CC(C)(C)O4)cc1OC
ZINC000015150842,CC(C)=CC(=O)c1occc1C
ZINC000015153785,Cc1ccc2c(C)cc3occ(C)c3c2c1
ZINC000015164902,CC1=C(CCc2ccoc2)[C@@]2(C)CCCC(C)(C)[C@@H]2[C@H](O)C1=O
ZINC000015167693,C=C1CC[C@H]2C(C)(C)CCC[C@]2(C)[C@H]1/C=C/c1ccoc1
ZINC000015167712,C=C1C[C@@H](O)[C@H]2C(C)(C)CCC[C@]2(C)[C@H]1/C=C/c1ccoc1
ZINC000015167729,CC1=CC(=O)[C@H]2C(C)(C)CCC[C@]2(C)[C@H]1/C=C/c1ccoc1
ZINC000015168060,C=C1CC[C@H]2C(C)(C)CCC[C@]2(C)[C@H]1C[C@@H](O)c1ccoc1
ZINC000015168066,CC1=C(CCc2ccoc2)[C@@]2(C)CCCC(C)(C)[C@@H]2CC1=O
ZINC000015193871,CC1=CC(=O)O[C@H](/C=C(\C)CCC[C@H](C)C2=CC(=O)C(C)(C)O2)C1
ZINC000015193873,CC1=CC(=O)O[C@H](/C=C(\C)CCC[C@@H](C)C2=CC(=O)C(C)(C)O2)C1
ZINC000015193875,CC1=CC(=O)O[C@@H](/C=C(\C)CCC[C@H](C)C2=CC(=O)C(C)(C)O2)C1
ZINC000015193877,CC1=CC(=O)O[C@@H](/C=C(\C)CCC[C@@H](C)C2=CC(=O)C(C)(C)O2)C1
ZINC000015203584,COc1cc2c(cc1OC)[C@]13C[C@@H](OC)C=CC1=CC(=O)N3CC2
ZINC000015203766,C=C(C)[C@@H]1Cc2c(ccc3c2O[C@H]2c4ccc(O)cc4OC[C@@H]32)O1
ZINC000015203768,C=C(C)[C@H]1Cc2c(ccc3c2O[C@H]2c4ccc(O)cc4OC[C@@H]32)O1
ZINC000015203796,CC1(C)C=Cc2c(O)ccc([C@@H]3COc4cc(O)ccc4C3)c2O1
ZINC000015205928,CC(C)=CCc1c2c(c(O)c3c(=O)c(-c4ccc(O)c(O)c4)coc13)C[C@H](C(C)(C)O)O2
ZINC000015205931,CC(C)=CCc1c2c(c(O)c3c(=O)c(-c4ccc(O)c(O)c4)coc13)C[C@@H](C(C)(C)O)O2
ZINC000015206087,O=C1/C(=C/c2ccc(O)cc2)COc2cc(O)cc(O)c21
ZINC000015206091,COc1cc(O)c2c(c1)OC/C(=C\c1ccc(O)cc1)C2=O
ZINC000015206697,C=C(C(=O)O)[C@@H]1CC[C@@]2(C)CCCC(C)=C2C1
ZINC000015207329,C=C1CCC[C@]2(C)C[C@@H]3OC(=O)C(C)=C3C[C@@H]12
ZINC000015207341,C=C1CCC[C@]2(C)C=C3OC(=O)C(C)=C3C[C@@H]12
ZINC000015207421,C=C(C)[C@@H]1CC[C@@]2(C)CC(=O)C=C(C)[C@@H]2C1
ZINC000015208889,C=C(CO)[C@@H]1CC[C@@]2(C)CCC[C@@](C)(O)[C@@H]2C1
ZINC000015209449,CC1=C2C[C@@H](C(C)(C)O)CC[C@@]2(C)CCC1
ZINC000015210017,CC(C)C[C@@H]1c2c(O)c(C=O)c(O)c(C=O)c2O[C@]2(C)C=C[C@H](C(C)C)C[C@@H]12
ZINC000015211548,Cc1cc2c(cc1O)[nH]c1ccc3c(c12)C=CC(C)(C)O3
ZINC000015212183,C[C@]1(O)C[C@H](C[C@@]2(C)O[C@@H]2COc2ccc3ccc(=O)oc3c2)OC1=O
ZINC000015216035,C=C(C)[C@H]1CCC(C)=C[C@@H]1c1c(O)cc(O)c2c(=O)c(-c3ccc(O)cc3)coc12
ZINC000015216287,C=C[C@]1(C)CC[C@@]2(C)C3=CC(=O)O[C@@H]3C(C)(C)CC[C@@H]2C1
ZINC000015216511,COc1cc2c3c(c1)OCc1cc(O)cc(c1-3)CC2
ZINC000015216563,COC1=C[C@@]23CCN(C)[C@@H](Cc4cc(OC)c(OC)cc42)C3=CC1=O
ZINC000015216617,O=C(O)c1cc2c([nH]c3ccccc32)c(-c2ccc(CO)o2)n1
ZINC000015216874,COc1cccc2c3c(c(=O)n(C)c12)C=CC(C)(C)O3
ZINC000015217369,CC1(C)C=Cc2cc3c(=O)c4c(O)cc(O)cc4oc3c(O)c2O1
ZINC000015217671,COc1cc2c(cc1OC)[C@@]13C[C@H](OC)C=C[C@@]14O[C@H]4CN3CCC2
ZINC000015219777,COc1ccc2c3c(n(CC=C(C)C)c2c1)[C@H](C=C(C)C)N1C(=O)[C@@H]2CCCN2C(=O)[C@]1(O)[C@H]3O
ZINC000015222544,COc1cc(OC)c2c(c1)c(=O)c1ccoc1n2C
ZINC000015222580,COc1c2ccoc2nc2c(OC)c(OCC=C(C)C)ccc12
ZINC000015253125,C[C@H]1C[C@@H]2OC(=O)[C@@H](CO)[C@@H]2[C@@H]1CO
ZINC000015253754,COc1cc2ccc(=O)oc2cc1OC/C=C(\C)CCC=C(C)C
ZINC000015262009,COc1c(CC=C(C)C)c(O)cc2oc(=O)c(-c3ccc(O)cc3O)cc12
ZINC000015262509,COc1cc2c(c(OC)c1OC)-c1c3cc4c(c1OC[C@H](C)[C@](C)(O)C(=O)O[C@H]2[C@@H](C)[C@H](C)C3)OCO4
ZINC000015262550,C/C=C(/C)C(=O)O[C@H]1c2cc(OC)c(OC)c(OC)c2-c2c(cc3c(c2OC)OCO3)C[C@H](C)[C@@H]1C
ZINC000015262612,C/C=C(\C)C(=O)O[C@@H]1c2cc(OC)c(OC)c(OC)c2-c2c(cc3c(c2OC)OCO3)C[C@H](C)[C@@]1(C)O
ZINC000015262723,O=C1C=C[C@@H](O)[C@@H]([C@@H](O)[C@@H](O)c2ccccc2)O1
ZINC000015262935,O=C1C[C@H]2O[C@H](c3ccccc3)[C@H](O)[C@@H](O1)[C@@H]2O
ZINC000015263967,CC(C)=CCC/C(C)=C/CC/C(C)=C/Cc1c(O)cc(C)c(C(=O)O)c1O
ZINC000015263972,COc1cc(C)c(C(=O)O)c(O)c1C/C=C(\C)CC/C=C(\C)CCC=C(C)C
ZINC000015263983,CC(C)=CCC/C(C)=C/CC/C(C)=C/Cc1c(O)cc(C)cc1O
ZINC000015267320,CC(C)=CCOc1cc(=O)n(C)c2ccccc12
ZINC000015270770,COc1cc2c(c(OC)c1OC)-c1c(cc3c(c1OC)OCO3)[C@H](O)[C@@H](C)[C@@H](C)C2
ZINC000015270842,COc1cc2c(c(OC)c1OC)-c1c(cc(O)c(OC)c1OC)C[C@H](C)[C@H](C)[C@@H]2O
ZINC000015271292,COc1cc(C[C@@]2(O)CO[C@H](c3ccc(O)c(OC)c3)[C@@]2(O)CO)ccc1O
ZINC000015271731,COc1cc(-c2oc3c(O)c(OC)cc(OC)c3c(=O)c2OC)cc(OC)c1OC
ZINC000015272050,COC[C@@H](Cc1ccc(OC)c(OC)c1)[C@@H](COC)Cc1cc(OC)c2c(c1)OCO2
ZINC000015272052,COC[C@@H](Cc1cc(OC)c2c(c1)OCO2)[C@H](COC)Cc1ccc(OC)c(OC)c1
ZINC000015272054,COC[C@@H](Cc1ccc(OC)c(OC)c1)[C@H](COC)Cc1cc(OC)c2c(c1)OCO2
ZINC000015272057,COC[C@H](Cc1ccc(OC)c(OC)c1)[C@H](COC)Cc1cc(OC)c2c(c1)OCO2
ZINC000015273426,CC1(C)O[C@@H](COc2c3occc3cc3ccc(=O)oc23)C(C)(C)O1
ZINC000015273565,COc1cc(OC)c2c(c1)C(=O)C1=C(CO[C@@](C)(O)C1)C2=O
ZINC000015273567,COc1cc(OC)c2c(c1)C(=O)C1=C(CO[C@](C)(O)C1)C2=O
ZINC000015273577,COc1cc(OC)c2c(c1)C(=O)C1=C(COC(C)=C1)C2=O
ZINC000015274219,O=C1C[C@@H](O)[C@]2(O)CCO[C@@H]2C1
ZINC000015449116,CO[C@@H]1[C@@H](O)[C@H](C)O[C@@H](O[C@H]2CC[C@]3(C)[C@H]4CC[C@]5(C)[C@H](C6=CC(=O)OC6)CC[C@]5(O)[C@@H]4CC[C@@H]3C2)[C@H]1O
ZINC000015449127,COc1cc([C@@H]2c3cc4c(cc3[C@H](O[C@@H]3O[C@@H]5CO[C@@H](C)O[C@H]5[C@H](O)[C@H]3O)[C@@H]3COC(=O)[C@@H]32)OCO4)cc(OC)c1O
ZINC000015449129,COc1cc([C@@H]2c3cc4c(cc3[C@H](O[C@@H]3O[C@@H]5CO[C@@H](C)O[C@H]5[C@H](O)[C@H]3O)[C@H]3COC(=O)[C@H]23)OCO4)cc(OC)c1O
ZINC000015449187,C[C@@H]1CC[C@H]2[C@@H](C)[C@@H](O)O[C@@H]3O[C@@]4(C)CC[C@@H]1[C@@]23OO4
ZINC000015657693,CC1(C)CC[C@]2(C)CC[C@]3(C)C(=CC[C@@H]4[C@@]5(C)CC[C@@H](O)[C@](C)(C(=O)O)[C@@H]5CC[C@]43C)[C@@H]2C1
ZINC000015657732,C[C@@H]1O[C@@H](Oc2c(-c3ccc(O)cc3)oc3cc(O)cc(O)c3c2=O)[C@H](O)[C@H](O)[C@H]1O
ZINC000015657754,COc1ccc2c(c1)O[C@H]1c3ccc(O[C@@H]4O[C@H](CO)[C@@H](O)[C@H](O)[C@H]4O)cc3OC[C@@H]21
ZINC000015657778,C=C1C(=O)[C@@]23[C@H]4O[C@H]5O[C@]2(O)[C@@H](O)[C@@H]2C(C)(C)CC[C@H](O)[C@]52[C@@H]3CC[C@@H]14
ZINC000016051516,O=C(O)/C=C/c1ccccc1
ZINC000016343427,C=C(C)C(=O)O[C@H]1CC2=C[C@@H](CC(C)=C[C@H]3OC(=O)C(=C)[C@H]13)OC2=O
ZINC000016929327,Nc1ncn([C@H]2C[C@H](O)[C@@H](CO)O2)c(=O)n1
ZINC000016942866,COC1=C[C@]23C[C@H](C[C@H](c4cc(OC)c(OC)c(OC)c4)[C@H]2C)OC3=CC1=O
ZINC000016954712,CC(C)=CC[C@H](OC(=O)C=C(C)C)C1=CC(=O)c2c(O)ccc(O)c2C1=O
ZINC000017044426,COc1cc([C@@H]2Oc3ccc([C@@H]4Oc5cc(O)cc(O)c5C(=O)[C@@H]4O)cc3O[C@@H]2CO)ccc1O
ZINC000017044428,COc1cc([C@@H]2Oc3ccc([C@H]4Oc5cc(O)cc(O)c5C(=O)[C@@H]4O)cc3O[C@@H]2CO)ccc1O
ZINC000017044430,COc1cc([C@H]2Oc3ccc([C@H]4Oc5cc(O)cc(O)c5C(=O)[C@@H]4O)cc3O[C@@H]2CO)ccc1O
ZINC000017141917,C=C[C@@H](c1ccccc1O)c1cc(OC)c(OC)cc1OC
ZINC000017142011,C/C=C/c1cc(OC)c2c(c1)[C@H](C)[C@H](c1ccc(O)c(OC)c1)O2
ZINC000017434107,COc1ccc([C@H]2Oc3cc(O)cc(O)c3C(=O)[C@H]2[C@H]2C(=O)c3c(O)cc(O)cc3O[C@@H]2c2ccc(OC)cc2)cc1
ZINC000017434110,COc1ccc([C@H]2Oc3cc(O)cc(O)c3C(=O)[C@H]2[C@@H]2C(=O)c3c(O)cc(O)cc3O[C@@H]2c2ccc(OC)cc2)cc1
ZINC000017434116,CC(=O)O[C@H]1CC[C@@]2(C)[C@@H](CC[C@]3(C)[C@@H]2CC=C2[C@@H]4[C@@H](C)[C@H](C)CC[C@]4(C(=O)O)CC[C@]23C)C1(C)C
ZINC000017545581,O=c1c(-c2c(O)cc(O)c3c(=O)cc(-c4ccc(O)cc4)oc23)c(-c2ccc(O)cc2)oc2cc(O)cc(O)c12
ZINC000017611186,C[C@]12C(=O)OC(=O)[C@@]1(C)[C@@H]1CC[C@H]2O1
ZINC000017654711,O=C(/C=C/c1ccc(O)cc1)OC[C@H]1O[C@@H](Oc2c(-c3ccc(O)cc3)oc3cc(O)cc(O)c3c2=O)[C@H](O)[C@@H](O)[C@@H]1O
ZINC000017744128,CC(=O)C[C@@]1(O)C(O)=Nc2ccccc21
ZINC000017779008,COc1c(O)cc2c(c1OC)-c1c(cc(O)c(OC)c1OC)C[C@@H](C)[C@@H](C)C2
ZINC000017836367,OC[C@H](O)[C@H](O)[C@H](O)[C@H](O)CO
ZINC000017886255,Nc1ccccc1
ZINC000017917268,C=CCC1=C[C@@](OC)(/C(C)=C/c2ccc3c(c2)OCO3)C(OC)=CC1=O
ZINC000017968619,COc1c2c(cc3c1-c1c(cc4c(c1OC)OCO4)C[C@@H](C)[C@@H](C)C3)OCO2
ZINC000017971067,OC[C@H](O)[C@H](O)CO
ZINC000018006959,OC[C@H](O)[C@@H](O)[C@@H](O)[C@H](O)CO
ZINC000018007499,C=CC1=C(C)/C(=C/c2[nH]c(Cc3[nH]c(/C=C4\NC(=O)C(C)=C4C=C)c(C)c3CCC(=O)O)c(CCC(=O)O)c2C)NC1=O
ZINC000018043251,Cn1c(=O)c2[nH]cnc2n(C)c1=O
ZINC000018103090,C=CCC1=C[C@](OC)(/C(C)=C/c2ccc3c(c2)OCO3)C(OC)=CC1=O
ZINC000018121904,CC(=O)Oc1cc(O)c2c(=O)cc(-c3ccccc3)oc2c1
ZINC000018136415,COc1cc(O)c2c(=O)cc(-c3ccccc3)oc2c1
ZINC000018168713,O=C[C@H](O)[C@H](O)[C@H](O)CO
ZINC000018168715,O=C[C@H](O)[C@@H](O)[C@H](O)CO
ZINC000018185774,O=c1cc(-c2ccc(O)c(O)c2)oc2cc(O)cc(O)c12
ZINC000018269545,COc1cc2c(c(OC)c1OC)-c1c(cc(OC)c(OC)c1OC)C[C@@H](C)[C@@H](C)C2
ZINC000018269677,COc1ccc([C@H]2O[C@@H](c3ccc(OC)c(OC)c3)[C@H](C)[C@@H]2C)cc1OC
ZINC000018270805,Oc1ccc2cc1-c1cc(ccc1O)CC[C@@H](O)C[C@@H](O)CC2
ZINC000018279893,OC[C@H](O)[C@@H](O)[C@H](O)[C@H](O)CO
ZINC000018286013,Nc1ccn([C@H]2C[C@H](O)[C@@H](CO)O2)c(=O)n1
ZINC000018825330,O=c1c(-c2ccc(O)cc2)coc2cc(O)cc(O)c12
ZINC000018847034,O=c1c(-c2ccc(O)cc2)coc2cc(O)ccc12
ZINC000018847036,COc1ccc(-c2coc3cc(O)ccc3c2=O)cc1
ZINC000018847037,COc1ccc(-c2coc3cc(O)cc(O)c3c2=O)cc1
ZINC000018847044,COc1cc(O)c2c(=O)c(-c3ccc(O)cc3)coc2c1
ZINC000018847046,COc1ccc2c(c1)[nH]c1c(C)nccc12
ZINC000019203131,CC1(C)[C@@H](O)CC[C@@]2(C)[C@H]1CC[C@]1(C)[C@@H]2C(=O)C=C2[C@@H]3C[C@@](C)(C(=O)O)CC[C@]3(C)CC[C@]21C
ZINC000019204597,COc1ccc2c(c1OC)CN(C)CCc1cc3c(cc1C(=O)C2)OCO3
ZINC000019230125,CC(=O)/C=C/c1ccccc1
ZINC000019363627,NC[C@@H](N)C(=O)O
ZINC000019363628,NC[C@H](N)C(=O)O
ZINC000019418974,COc1ccc2c(c1OC)C(=O)O[C@@H]2[C@H]1c2c(cc3c(c2OC)OCO3)CCN1C
ZINC000019418977,COc1ccc2c(c1OC)C(=O)O[C@@H]2[C@@H]1c2c(cc3c(c2OC)OCO3)CCN1C
ZINC000019535046,COc1cc2c(cc1OC)[C@H]1Cc3ccc(OC)c(OC)c3CN1CC2
ZINC000019535049,COc1cc2c(cc1OC)[C@@H]1Cc3ccc(OC)c(OC)c3CN1CC2
ZINC000019632614,COc1cc2ncnc(Nc3ccc(F)c(Cl)c3)c2cc1OCCCN1CCOCC1
ZINC000019685806,COc1ccc2cc1Oc1ccc(cc1)C[C@H]1c3cc(c(OC)cc3CCN1C)Oc1c(OC)c(OC)c(OC)c3c1[C@H](C2)N(C)CC3
ZINC000019701765,O=C1C=C2C=C[C@@H]3C[C@@]2(O1)[C@H]1CCCCN31
ZINC000019701769,CN(C)[C@@H]1C(O)=C(C(N)=O)C(=O)[C@@]2(O)C(O)=C3C(=O)c4c(O)ccc(Cl)c4[C@@](C)(O)[C@H]3C[C@@H]12
ZINC000019701796,COc1ccc2c(c1OC)CN1CCc3cc4c(cc3[C@@H]1C2)OCO4
ZINC000019701798,COc1ccc2c(c1OC)CN1CCc3cc4c(cc3[C@H]1C2)OCO4
ZINC000019795890,CC1(C)C(=O)C=C[C@@]2(C)C1=C(O)C(=O)[C@]1(C)[C@@H]2CC[C@@]2(C)[C@H](c3ccoc3)C[C@H]3O[C@]321
ZINC000019795938,CC1=C(O)C(=O)C=C2C1=CC=C1[C@@]3(C)CC[C@@]4(C)CC[C@@](C)(C(=O)O)C[C@H]4[C@]3(C)CC[C@@]21C
ZINC000019795979,COC1=C[C@]23CCCN2CCc2cc4c(cc2[C@@H]3[C@@H]1O)OCO4
ZINC000019796031,CCOC(=O)C1=C[C@]2(CC)CCCN3CCc4c(n1c1ccccc41)[C@@H]32
ZINC000019816069,COc1cc(O)c(C(=O)/C=C/c2ccc(O)cc2)cc1CC=C(C)C
ZINC000019831535,C=CC[C@@]12C=C(OC)C(=O)[C@@H](C1=O)[C@H](c1ccc(OC)c(OC)c1)[C@H]2C
ZINC000019831669,C=CC[C@@]12C=C(OC)C(=O)[C@@H](C1=O)[C@H](c1ccc3c(c1)OCO3)[C@H]2C
ZINC000019899010,CN1CCc2cc3c(cc2[C@@H]1[C@@H]1OC(=O)c2c1ccc1c2OCO1)OCO3
ZINC000019899011,CN1CCc2cc3c(cc2[C@H]1[C@@H]1OC(=O)c2c1ccc1c2OCO1)OCO3
ZINC000019913251,COC1=C[C@@]23CCN(C)[C@@H](Cc4ccc(OC)c(O)c42)C3=CC1=O
ZINC000020111233,CN1CCc2cc3c(cc2C(=O)Cc2ccc4c(c2C1)OCO4)OCO3
ZINC000020216329,NC(=O)/C=C/c1ccc(O)cc1
ZINC000020470298,c1cc2c(c3c1C[C@@H]1c4cc5c(cc4CCN1C3)OCO5)OCO2
ZINC000020470300,c1cc2c(c3c1C[C@H]1c4cc5c(cc4CCN1C3)OCO5)OCO2
ZINC000021992895,O=c1c(O[C@H]2O[C@H](CO)[C@@H](O)[C@H](O)[C@H]2O)c(-c2ccc(O)c(O)c2)oc2cc(O)cc(O)c12
ZINC000021992902,C=C1CC[C@H]2[C@@](C)(CCC[C@@]2(C)CO[C@@H]2O[C@H](CO)[C@@H](O)[C@H](O)[C@H]2O)[C@@H]1CCC1=CCOC1=O
ZINC000021992911,C/C=C(/C)C(=O)O[C@H]1c2cc(OC)c(OC)c(OC)c2-c2c(cc3c(c2OC)OCO3)C[C@H](C)[C@]1(C)O
ZINC000021992916,O=C(O)[C@H]1O[C@@H](Oc2cc3oc(-c4ccc(O)cc4)cc(=O)c3c(O)c2O)[C@H](O)[C@@H](O)[C@@H]1O
ZINC000022055080,O[C@H]1C=C[C@@H](O)[C@H](O)[C@@H]1O
ZINC000022055629,C[C@@H]1CC[C@H]2[C@@H](C)C(=O)O[C@@H]3O[C@@]4(C)CC[C@@H]1[C@]32O4
ZINC000022066351,CC1=C(/C=C/C(C)=C/C=C\C(C)=C\C(=O)O)C(C)(C)CCC1
ZINC000024717722,COc1cc2c(cc1OC)[C@H](Cc1ccc(O)cc1)NCC2
ZINC000024805047,CCCCCCCCCCCCCCCCC(=O)O
ZINC000025692299,COc1cc2c(cc1OC)[C@H]1[C@@H](C)c3ccc(OC)c(OC)c3CN1CC2
ZINC000025721341,CC/C=C/C[C@@H]1C(=O)CC[C@@H]1CC(=O)OC
ZINC000025723126,N[C@H]1[C@H](O[C@@H]2[C@@H](CO)O[C@@H](O)[C@H](N)[C@H]2O)O[C@H](CO)[C@@H](O)[C@@H]1O
ZINC000025763680,O=c1c(O[C@@H]2OC[C@@H](O)[C@H](O)[C@H]2O)c(-c2ccc(O)c(O)c2)oc2cc(O)cc(O)c12
ZINC000025763686,O=c1c(O[C@H]2OC[C@@H](O)[C@H](O)[C@H]2O)c(-c2ccc(O)c(O)c2)oc2cc(O)cc(O)c12
ZINC000026011099,COC(=O)C[C@](O)(CCCC(C)(C)O)C(=O)O[C@@H]1C(OC)=C[C@]23CCCN2CCc2cc4c(cc2[C@H]13)OCO4
ZINC000026163116,C=C1[C@@H](O)C[C@H]2C(C)(C)CCC[C@]2(C)[C@H]1/C=C/c1ccoc1
ZINC000026187321,O=C1c2c(O)cc(O)cc2O[C@H](c2ccc(O)cc2)[C@H]1c1c(O)cc(O)c2c(=O)cc(-c3ccc(O)c(O)c3)oc12
ZINC000026189260,O=C1C[C@@H](c2ccc(O)cc2)Oc2c1c(O)cc(O)c2[C@H]1C(=O)c2c(O)cc(O)cc2O[C@@H]1c1ccc(O)cc1
ZINC000026189264,O=C1C[C@H](c2ccc(O)cc2)Oc2c1c(O)cc(O)c2[C@H]1C(=O)c2c(O)cc(O)cc2O[C@@H]1c1ccc(O)cc1
ZINC000026189526,O=C1C[C@@H](c2ccc(O)c(O)c2)Oc2c1c(O)cc(O)c2[C@H]1C(=O)c2c(O)cc(O)cc2O[C@@H]1c1ccc(O)cc1
ZINC000026270056,C/C=C(/C)C(=O)O[C@@H]1CC(C)(C)C[C@H]2C3=CC[C@@H]4[C@]56CC[C@](O)(OC5)C(C)(C)[C@@H]6CC[C@@]4(C)[C@]3(C)CC[C@]21C(=O)O
ZINC000026280943,C[C@@]12CCC(=O)C=C1[C@@](C)(O)[C@H](O)CC2
ZINC000026283652,NC(=O)/C=C/c1ccc(O)c(O)c1
ZINC000026290182,CC(=O)O[C@@H]1[C@H](OC(=O)C(C)C)c2c(ccc3ccc(=O)oc23)OC1(C)C
ZINC000026400996,CC(=O)O[C@H]1C[C@@]2(O)[C@@H](OC(=O)c3ccccc3)[C@@H]3[C@]4(OC(C)=O)CO[C@@H]4C[C@H](O)[C@@]3(C)[C@@H](O)[C@H](OC(C)=O)C(=C1C)C2(C)C
ZINC000026490614,Oc1cc(O)c2c(c1)O[C@H](c1ccc(O)c(O)c1)[C@H](O)[C@H]2c1c(O)cc(O)c2c1O[C@H](c1ccc(O)c(O)c1)[C@H](O)C2
ZINC000026495094,C[C@@H]1O[C@@H](OC[C@H]2O[C@@H](Oc3c(-c4ccc(O)cc4)oc4cc(O)cc(O)c4c3=O)[C@H](O)[C@@H](O)[C@H]2O)[C@H](O)[C@H](O)[C@H]1O
ZINC000026649450,C=CC(C)(C)c1cccc2[nH]c3c(c12)C[C@@H]1CC[C@@]2(O)C4=CC(=O)[C@@H]5O[C@@]4(CC[C@]2(C)[C@@]31C)OC5(C)C
ZINC000026828729,CC(=O)O[C@@H](C[C@@H](C)C1=C2C[C@H](O)[C@@H]3[C@@]4(C)CCC(=O)C(C)(C)[C@@H]4CC[C@]3(C)[C@@]2(C)CC1)[C@H]1OC1(C)C
ZINC000026828734,CC(=O)O[C@@H](C[C@@H](C)C1=C2C[C@H](O)[C@H]3[C@@]4(C)CCC(=O)C(C)(C)[C@@H]4CC[C@]3(C)[C@@]2(C)CC1)[C@H]1OC1(C)C
ZINC000026832137,CC(=O)O[C@@H](C[C@@H](C)C1=C2C[C@H](O)[C@@H]3[C@@]4(C)CCC(=O)C(C)(C)[C@@H]4CC[C@]3(C)[C@@]2(C)CC1=O)[C@H]1OC1(C)C
ZINC000026832141,CC(=O)O[C@@H](C[C@@H](C)C1=C2C[C@H](O)[C@H]3[C@@]4(C)CCC(=O)C(C)(C)[C@@H]4CC[C@]3(C)[C@@]2(C)CC1=O)[C@H]1OC1(C)C
ZINC000026832397,CC(C)C1=C[C@H]2[C@@H](CC[C@]2(C)O)[C@](C)(O)CC1
ZINC000026833103,C=C1CCC(C(C)C)=C[C@H]2[C@H]1CC[C@]2(C)O
ZINC000026846068,C=C[C@H]1CN2CCc3c([nH]c4ccccc34)[C@H]2C[C@@H]1/C(=C\OC)C(=O)OC
ZINC000026893082,C=C1C(=O)[C@]23C[C@H]1CC[C@H]2[C@@]12CO[C@]3(O)[C@@H](O)[C@@H]1C(C)(C)CC[C@@H]2O
ZINC000026893090,CC1(C)CCC[C@](C)([C@H]2CC[C@]3(C)[C@@H]2[C@H](O)C[C@@H]2[C@@]4(C)CC[C@H](O)C(C)(C)[C@@H]4CC[C@]23C)O1
ZINC000026972192,C=C1CC[C@H]2C(C)(C)CCC[C@]2(C)[C@H]1C[C@H](O)c1ccoc1
ZINC000026972732,OC[C@H]1O[C@@H](Oc2cc(/C=C/c3cc(O)cc(O)c3)ccc2O)[C@H](O)[C@@H](O)[C@@H]1O
ZINC000026977303,COc1cc(O[C@@H]2O[C@H](CO)[C@@H](O)[C@H](O)[C@H]2O)c2c(O)c(C(C)=O)c(C)cc2c1
ZINC000026981407,COc1ccc(/C=C/c2cc(O)cc(O)c2)cc1O
ZINC000027311721,CC(=O)O[C@H]1C[C@H]2OC[C@@]2(OC(C)=O)[C@H]2[C@H](OC(C)=O)[C@]3(C(C)(C)O)C[C@H](O)C(C)=C3[C@@H](OC(=O)c3ccccc3)[C@H](OC(C)=O)[C@]12C
ZINC000027523120,COC(=O)[C@]12OC[C@@]34[C@H]1[C@@H](OC(C)=O)C(=O)O[C@@H]3C[C@H]1C(C)=C(O)C(=O)C[C@]1(C)[C@H]4[C@@H](O)[C@@H]2O
ZINC000027550862,CO[C@@H]1OCC2=CC[C@H]3C(C)(C)CCC[C@]3(C)[C@H]21
ZINC000027553862,C=C[C@@]1(C)CC(=O)[C@@]2(O)[C@](C)(O1)[C@@H](OC(C)=O)[C@@H](OC(C)=O)[C@H]1C(C)(C)CC[C@H](O)[C@@]12C
ZINC000027631123,CC(=O)O[C@H]1C[C@]2(O)[C@@H]3CC[C@@H]4C[C@@H](O)CC[C@]4(C)[C@H]3CC[C@]2(C)[C@H]1c1ccc(=O)oc1
ZINC000027652832,CC1=C[C@]23C(=O)[C@@H](C=C(CO)[C@@H](O)[C@]2(O)[C@H]1O)[C@H]1[C@@H](C[C@H]3C)C1(C)C
ZINC000027858259,COc1c(-c2ccc(OC(C)=O)c(OC(C)=O)c2)oc2cc(OC(C)=O)cc(OC(C)=O)c2c1=O
ZINC000028112257,CC(C)=CCC[C@](C)(O)[C@H]1CC[C@]2(C)[C@H]1[C@H](O)C[C@@H]1[C@@]3(C)CC[C@H](O)C(C)(C)[C@@H]3CC[C@]12C
ZINC000028116057,COc1ccc2cc1Oc1ccc(cc1)C[C@H]1c3cc(c(OC)cc3CCN1C)Oc1c(OC)c(OC)cc3c1[C@H](C2)N(C)CC3
ZINC000028462577,O=c1cc(-c2ccc(Oc3cc(-c4cc(=O)c5c(O)cc(O)cc5o4)ccc3O)cc2)oc2cc(O)cc(O)c12
ZINC000028465419,COc1cc2c(cc1O)[C@@H]1Cc3ccc(OC)c(O)c3CN1CC2
ZINC000028536264,C[C@@H]1C(=O)O[C@H]2[C@H](O)[C@]34[C@@H]5OC(=O)[C@]3(O[C@@H]3OC(=O)[C@H](O)[C@@]34[C@H](C(C)(C)C)[C@H]5O)[C@@]12O
ZINC000028536305,C[C@@H]1CC[C@@]2(C)C(C(=O)O)=CCC[C@@H]2[C@@]1(C)CCc1ccoc1
ZINC000028536379,C[C@]1(O)C[C@@H](O)[C@@H]2C=CO[C@@H](O[C@@H]3O[C@H](CO)[C@@H](O)[C@H](O)[C@H]3O)[C@@H]21
ZINC000028536388,C[C@]1(O)C[C@@H](O)[C@@H]2C=CO[C@@H](O[C@@H]3O[C@H](CO)[C@@H](O)[C@H](O)[C@H]3O)[C@H]21
ZINC000028536571,C=C(C)[C@@H]1CC[C@]2(C)[C@H](CC[C@@H]3[C@@H]([C@]4(C)CCC(=O)O4)CC[C@]32C)[C@@]1(C)CCC(=O)O
ZINC000028537544,CC[C@H](CC[C@@H](C)[C@H]1CC[C@H]2[C@@H]3CC(=O)C4=CC(=O)CC[C@]4(C)[C@H]3CC[C@@]21C)C(C)C
ZINC000028537647,COc1c(O[C@@H]2O[C@H](C(=O)O)[C@@H](O)[C@H](O)[C@H]2O)cc(O)c2c(=O)cc(-c3ccccc3)oc12
ZINC000028538360,O=C1C=CC(O)(CCO[C@@H]2O[C@H](CO)[C@@H](O)[C@H](O)[C@H]2O)C=C1
ZINC000028538801,C=C1[C@H]2C[C@]3([C@@H]1O)[C@H]1C[C@@H]4[C@@]5(C)CC[C@H](O)[C@@]4([C@@H]1N(CC)C5)[C@@H]3CC2=O
ZINC000028538991,C=C(C)[C@@H]1CC[C@]2(C(=O)O)CC[C@]3(C)[C@H](CC[C@@H]4[C@@]5(C)CC[C@H](O)C(C)(C)[C@@H]5CC[C@]43C)[C@H]12
ZINC000028540146,O=c1c(O[C@@H]2O[C@@H](CO)[C@H](O)[C@H]2O)c(-c2ccc(O)c(O)c2)oc2cc(O)cc(O)c12
ZINC000028541549,C=C[C@H]1[C@H](O[C@@H]2O[C@H](CO)[C@@H](O)[C@H](O)[C@H]2O)OC=C2C(=O)N3CCc4c([nH]c5ccccc45)[C@@H]3C[C@H]21
ZINC000028568062,O=Cc1ccc(O[C@@H]2O[C@H](CO)[C@@H](O)[C@@H](O)[C@H]2O)cc1
ZINC000028637181,CC(C)(O)[C@@H]1CC[C@@](C)([C@H]2CC[C@]3(C)[C@@H]2CC[C@@H]2[C@@]4(C)CCC(=O)C(C)(C)[C@@H]4CC[C@]23C)O1
ZINC000028638710,CC(C)(O)[C@H]1CC[C@@](C)([C@H]2CC[C@]3(C)[C@@H]2CC[C@@H]2[C@@]4(C)CCC(=O)C(C)(C)[C@@H]4CC[C@]23C)O1
ZINC000028639129,CC1(C)C(=O)CC[C@@]2(C)[C@H]1CC[C@]1(C)[C@@H]2CC[C@@H]2[C@@H]([C@]3(C)CCC(=O)O3)CC[C@]21C
ZINC000028639306,C=C(C)[C@@H](O)CC[C@](C)(O)[C@H]1CC[C@]2(C)[C@@H]1CC[C@@H]1[C@@]3(C)CCC(=O)C(C)(C)[C@@H]3CC[C@]12C
ZINC000028646804,C[C@H](CC[C@H](O)C(C)(C)O)[C@H]1CC[C@@]2(C)[C@@H]3CC[C@H]4C(C)(C)[C@@H](O)CC[C@@]45C[C@@]35CC[C@]12C
ZINC000028646872,COc1cc(/C=C/C(=O)O[C@H]2CC[C@]34C[C@]35CC[C@]3(C)[C@@H]([C@H](C)CCC=C(C)C)CC[C@@]3(C)[C@@H]5CC[C@H]4C2(C)C)ccc1O
ZINC000028646887,C=C(CC[C@@H](C)[C@H]1CC[C@@]2(C)[C@@H]3CC[C@H]4C(C)(C)C(=O)CC[C@@]45C[C@@]35CC[C@]12C)C(C)C
ZINC000028709513,CC(C)=CCC[C@]1(C)[C@@H](CC=C(C)C)C[C@]2(CC=C(C)C)C(=O)[C@@]3(CC=C(C)C)O[C@]2(O)[C@]1(C(=O)C(C)C)C3=O
ZINC000028760054,CC(C)(O)CCC(=O)[C@](C)(O)[C@@H]1[C@H](O)C[C@@]2(C)[C@@H]3CC=C4[C@@H](C[C@H](O)[C@@H](O)C4(C)C)[C@]3(C)C(=O)C[C@]12C
ZINC000028760056,CC(C)(O)CCC(=O)[C@](C)(O)[C@H]1[C@H](O)C[C@@]2(C)[C@@H]3CC=C4[C@@H](C[C@H](O)[C@@H](O)C4(C)C)[C@]3(C)C(=O)C[C@]12C
ZINC000028769049,CC1(C)CCC[C@](C)([C@@H]2CC[C@]3(C)[C@@H]2[C@H](O)C[C@@H]2[C@@]4(C)CC[C@H](O)C(C)(C)[C@@H]4CC[C@]23C)O1
ZINC000028769051,CC1(C)CCC[C@](C)([C@@H]2CC[C@]3(C)[C@H]2[C@H](O)C[C@@H]2[C@@]4(C)CC[C@H](O)C(C)(C)[C@@H]4CC[C@]23C)O1
ZINC000028769052,CC1(C)CCC[C@](C)([C@H]2CC[C@]3(C)[C@H]2[C@H](O)C[C@@H]2[C@@]4(C)CC[C@H](O)C(C)(C)[C@@H]4CC[C@]23C)O1
ZINC000028770370,CC(C)=CCC[C@](C)(O)[C@@H]1CC[C@]2(C)[C@@H]1[C@H](O)C[C@@H]1[C@@]3(C)CC[C@H](O)C(C)(C)[C@@H]3CC[C@]12C
ZINC000028818563,COc1ccc([C@@H]2OC(=O)c3c(OC)cc(OC)cc32)cc1
ZINC000028818565,COc1ccc([C@H]2OC(=O)c3c(OC)cc(OC)cc32)cc1
ZINC000028818694,CC[C@@H](C)C(=O)N[C@@H]1CCCN1C(=O)[C@H]1[C@H](c2ccccc2)[C@]2(c3ccc(OC)cc3)Oc3cc(OC)cc(OC)c3[C@@]1(O)[C@@H]2O
ZINC000028818696,CC[C@H](C)C(=O)N[C@@H]1CCCN1C(=O)[C@H]1[C@H](c2ccccc2)[C@]2(c3ccc(OC)cc3)Oc3cc(OC)cc(OC)c3[C@@]1(O)[C@@H]2O
ZINC000028820378,COc1ccc(C[C@H]2COC(=O)[C@@H]2Cc2ccc(O[C@@H]3O[C@H](CO)[C@@H](O)[C@H](O)[C@H]3O)c(OC)c2)cc1OC
ZINC000028875204,COC(=O)[C@@H](Cc1ccc(O)c(O)c1)OC(=O)/C=C/c1ccc(O)c(O)c1
ZINC000028875634,O=C1C=C2OC[C@H]3c4cc5c(cc4O[C@H]3[C@@]2(O)CC1)OCO5
ZINC000028875643,COc1cc(O)cc2c1C(=O)O[C@@H](C)CCCCCCC2
ZINC000028876559,C/C(=C\CC[C@@H](C)[C@H]1CC[C@@]2(C)C3=CC[C@H]4C(C)(C)[C@@H](O)CC[C@]4(C)C3=CC[C@]12C)CO
ZINC000028882413,CC(C)C[C@@H](c1c(O)c(C=O)c(O)c(C=O)c1O)[C@@]1(C)CC[C@@H]2[C@@H]1[C@H]1[C@@H](CC[C@@]2(C)O)C1(C)C
ZINC000028882419,CC(C)C[C@H](c1c(O)c(C=O)c(O)c(C=O)c1O)[C@@]1(C)CC[C@@H]2[C@@H]1[C@H]1[C@@H](CC[C@@]2(C)O)C1(C)C
ZINC000028882432,Cc1cc(=O)c2c(O)cc(O[C@@H]3O[C@H](COC(=O)C4=CC[C@H](C(C)(C)O)CC4)[C@@H](O)[C@H](O)[C@H]3O)cc2o1
ZINC000028899998,C=C1[C@@H](OC(C)=O)CC[C@@]2(C)C[C@H](OC(C)=O)C3=C(C)C[C@H](OC(=O)[C@H](C)[C@H](C)O)[C@@H]([C@@H](OC(C)=O)[C@H]12)C3(C)C
ZINC000028901152,O=C1O[C@H](c2ccc(O)cc2)Cc2cccc(O[C@@H]3O[C@H](CO)[C@@H](O)[C@H](O)[C@H]3O)c21
ZINC000028901157,O=C1O[C@@H](c2ccc(O)cc2)Cc2cccc(O[C@@H]3O[C@H](CO)[C@@H](O)[C@H](O)[C@H]3O)c21
ZINC000028969955,COC(=O)[C@]12OC[C@@]34[C@H]1[C@@H](OC(=O)CC(C)C)C(=O)O[C@@H]3C[C@H]1C(C)=C(O)C(=O)C[C@]1(C)[C@H]4[C@@H](O)[C@@H]2O
ZINC000028975484,CC1(C)CCc2c(O)ccc(C(=O)/C=C/c3ccc(O)cc3)c2O1
ZINC000029041899,COc1cc([C@@H]2OC[C@@H]3[C@H]2CO[C@H]3c2cc(OC)c(O)c(OC)c2)cc(OC)c1O
ZINC000029042267,C=C[C@]1(C)C=C2CC[C@@H]3C(C)(C)[C@H](O)C(=O)C[C@@]3(C)[C@@H]2C[C@@H]1O
ZINC000029042359,COc1cc(/C=C/C(=O)OC[C@@H]2[C@@H](c3cc(OC)c(O)c(OC)c3)OC[C@@H]2Cc2cc(OC)c(O)c(OC)c2)ccc1O
ZINC000029056300,CC(C)=C[C@@H](O)C/C(C)=C/COc1c2ccoc2cc2oc(=O)ccc12
ZINC000029056306,CC(C)=C[C@H](O)C/C(C)=C/COc1c2ccoc2cc2oc(=O)ccc12
ZINC000029128982,COc1cccc(OC)c1C(=O)OCc1cc(O)ccc1O[C@@H]1O[C@H](CO)[C@@H](O)[C@H](O)[C@H]1O
ZINC000029220022,C=CCC1=C[C@]2(OC)[C@H](C)[C@@H](c3ccc(OC)c(OC)c3)O[C@]2(OC)CC1=O
ZINC000029321809,COc1cc2c3c(c1OC)-c1ccccc1C[C@H]3NCC2
ZINC000029395822,COC1=C[C@]23C[C@H](C[C@H](c4ccc5c(c4)OCO5)[C@H]2C)OC3=CC1=O
ZINC000029746996,COc1cc2c(cc1O)CCN1Cc3c(ccc(OC)c3OC)C[C@@H]21
ZINC000030724316,C/C=C1\[C@@H]2C[C@H]3C4=Nc5ccccc5[C@]45C[C@@H]([C@@H]2[C@H]5OC(C)=O)N3[C@@H]1O[C@@H]1O[C@H](CO)[C@@H](O)[C@H](O)[C@H]1O
ZINC000030724319,C/C=C1\[C@@H]2C[C@H]3C4=Nc5ccccc5[C@]45C[C@@H]([C@H]2[C@H]5OC(C)=O)N3[C@@H]1O[C@@H]1O[C@H](CO)[C@@H](O)[C@H](O)[C@H]1O
ZINC000030725153,COc1cc2c(cc1O)[C@@H]1Cc3ccc(OC)c(OC)c3CN1CC2
ZINC000030726650,CCN1C[C@]2(OC(=O)c3ccccc3NC(C)=O)CC[C@H](OC)[C@@]34[C@@H]2C[C@@H]([C@@H]13)[C@@]1(O)C[C@H](OC)[C@H]2C[C@@H]4[C@]1(O)[C@H]2OC
ZINC000030726685,COC(=O)[C@]12OC[C@@]34[C@H]1[C@@H](OC(=O)/C=C(\C)C(C)C)C(=O)O[C@@H]3C[C@H]1C(C)=C(O)C(=O)C[C@]1(C)[C@H]4[C@@H](O)[C@@H]2O
ZINC000030726689,COC(=O)[C@]12OC[C@@]34[C@H]1[C@@H](OC(=O)/C=C(\C)C(C)(C)OC(C)=O)C(=O)O[C@@H]3C[C@H]1C(C)=C(O)C(=O)C[C@]1(C)[C@H]4[C@@H](O)[C@@H]2O
ZINC000030726823,COc1cc2c(cc1OC)[C@@H]([C@H]1OC(=O)c3c1ccc1c3OCO1)N(C)CC2
ZINC000030726840,COc1cc2c3cc1Oc1c(OC)c(OC)cc4c1[C@@H](Cc1ccc(O)c(c1)Oc1ccc(cc1)C[C@@H]3N(C)CC2)N(C)CC4
ZINC000030726863,COc1ccc2cc1Oc1ccc(cc1)C[C@H]1c3c(cc4c(c3Oc3cc5c(cc3OC)CCN(C)[C@@H]5C2)OCO4)CCN1C
ZINC000030726889,COc1cc2c(cc1OC)[C@]13C[C@@H](OC)C=CC1=CCN3CC2
ZINC000030727228,C[C@H]1CC[C@@H]2N(C1)C[C@@H]1[C@H](CC[C@H]3[C@@H]4CC(=O)[C@H]5C[C@@H](O)CC[C@]5(C)[C@H]4C[C@H]31)[C@]2(C)O
ZINC000030727486,C/C=C1/CN2[C@H]3C[C@@H]1[C@H]1[C@@H]2C[C@@]2(C3=Nc3ccccc32)[C@@H]1OC(C)=O
ZINC000030727894,CN1Cc2c(ccc3c2OCO3)[C@H]2[C@@H](O)Cc3cc4c(cc3[C@H]21)OCO4
ZINC000030731451,CC(=O)OCC1=CO[C@@H](OC(=O)CC(C)C)[C@H]2C1=C[C@H](OC(=O)CC(C)(C)OC(C)=O)[C@]21CO1
ZINC000030731533,COc1cc([C@@H]2Oc3ccc([C@H]4Oc5cc(O)cc(O)c5C(=O)[C@@H]4O)cc3O[C@H]2CO)ccc1O
ZINC000031155036,O=C1C[C@@H](c2ccc(O)c(O)c2)Oc2cc(O[C@@H]3O[C@H](CO)[C@@H](O)[C@H](O)[C@H]3O)cc(O)c21
ZINC000031155114,CC(=O)C=C=C1C(C)(C)C[C@H](O)C[C@@]1(C)O[C@@H]1O[C@H](CO)[C@@H](O)[C@H](O)[C@H]1O
ZINC000031155321,CO[C@H]1c2cc(C(C)C)c(O)c(O)c2[C@@]23CCCC(C)(C)[C@@H]2[C@@H]1OC3=O
ZINC000031155414,COc1cc(O[C@@H]2O[C@H](CO)[C@@H](O)[C@H](O)[C@H]2O)cc(OC)c1OC
ZINC000031155496,COc1ccc(CCC(=O)O)c(O[C@@H]2O[C@H](CO)[C@@H](O)[C@H](O)[C@H]2O)c1
ZINC000031155545,O=c1c(O[C@@H]2O[C@H](CO)[C@H](O)[C@H](O)[C@H]2O)c(-c2cc(O)c(O)c(O)c2)oc2cc(O)cc(O)c12
ZINC000031155872,CC1(C)O[C@H]2CC(=O)OC[C@@]23C1=C(O)C(=O)[C@]1(C)[C@@H]3CC[C@@]2(C)[C@H](c3ccoc3)OC(=O)[C@H]3O[C@]321
ZINC000031155888,CC1(C)CCC[C@@]2(C)[C@H]1[C@H](O)C=C(CO)[C@]2(O)CO
ZINC000031155934,C/C=C/C=C/C=C/C(=O)O[C@@H]1C=C(CO)[C@](O)(CO)[C@@]2(C)CCCC(C)(C)[C@H]12
ZINC000031156007,CC1(C)Oc2ccc3ccc(=O)oc3c2[C@@H](O)[C@H]1O[C@@H]1O[C@H](CO)[C@@H](O)[C@H](O)[C@H]1O
ZINC000031156069,Cc1cc(=O)c2c(O)cc(O[C@@H]3O[C@H](CO)[C@@H](O)[C@H](O)[C@H]3O)cc2o1
ZINC000031156118,C[C@@H]1O[C@@H](O[C@H]2C(=O)c3c(O)cc(O)cc3O[C@@H]2c2ccc(O)c(O)c2)[C@H](O)[C@H](O)[C@H]1O
ZINC000031156160,CC(=O)OC[C@H]1O[C@@H](Oc2c(-c3ccc(O)cc3)oc3cc(O)cc(O)c3c2=O)[C@H](O)[C@@H](O)[C@@H]1O
ZINC000031156168,CCC/C=C1\OC(=O)C2=C1CC[C@H](O)[C@H]2O
ZINC000031156177,CCC/C=C1\OC(=O)C2=C1CC[C@@H](O)[C@H]2O
ZINC000031156201,C/C=C(/C)C(=O)O[C@@H]1[C@@H](OC(C)=O)c2c(ccc3ccc(=O)oc23)OC1(C)C
ZINC000031156206,C/C=C(/C)C(=O)O[C@H]1[C@@H](OC(C)=O)c2c(ccc3ccc(=O)oc23)OC1(C)C
ZINC000031156210,C/C=C(/C)C(=O)O[C@H]1[C@H](OC(C)=O)c2c(ccc3ccc(=O)oc23)OC1(C)C
ZINC000031156436,COC(=O)C1=CO[C@@H](O[C@@H]2O[C@H](CO)[C@@H](O)[C@H](O)[C@H]2O)[C@H]2[C@@H]1[C@H](O)C[C@]2(C)O
ZINC000031156634,O[C@H]1CO[C@@H](OC[C@H]2O[C@@H](OC/C=C/c3ccccc3)[C@H](O)[C@@H](O)[C@@H]2O)[C@H](O)[C@H]1O
ZINC000031156641,COc1cc(CCO)ccc1O[C@@H]1O[C@H](CO)[C@@H](O)[C@H](O)[C@H]1O
ZINC000031157290,C=C[C@H]1[C@H](O[C@@H]2O[C@H](CO)[C@@H](O)[C@H](O)[C@H]2O)OC=C(C(=O)OC)[C@H]1CC(=O)O
ZINC000031158038,CC1(C)CC[C@]2(C(=O)O)CC[C@]3(C)C(=CC[C@@H]4[C@@]5(C)C[C@@H](O)[C@H](O)[C@@](C)(CO)[C@@H]5CC[C@]43C)[C@@H]2C1
ZINC000031158164,CC1(C)CC[C@]2(C(=O)O)CC[C@]3(C)C(=CC[C@@H]4[C@@]5(C)C[C@@H](O)[C@@H](O)[C@@](C)(CO)[C@@H]5CC[C@]43C)[C@@H]2C1
ZINC000031158236,COc1c2c(cc3oc(CO[C@@H]4O[C@H](CO)[C@@H](O)[C@H](O)[C@H]4O)cc(=O)c13)O[C@H](C(C)(C)O)C2
ZINC000031158282,COc1c(O)cc(-c2oc3cc(O)cc(O)c3c(=O)c2O[C@@H]2O[C@@H](C)[C@H](O)[C@@H](O)[C@H]2O)cc1O
ZINC000031158506,COc1cc(O[C@@H]2O[C@H](CO)[C@@H](O)[C@H](O)[C@H]2O)c2c(=O)cc(-c3ccccc3)oc2c1OC
ZINC000031158791,Cc1cc(O)cc(O[C@@H]2O[C@H](CO)[C@@H](O)[C@H](O)[C@H]2O)c1
ZINC000031158975,CC(=O)c1c(O)cc(O[C@@H]2O[C@H](CO)[C@@H](O)[C@H](O)[C@H]2O)cc1O
ZINC000031159654,COC(=O)C1=CO[C@@H](O[C@@H]2O[C@H](CO)[C@@H](O)[C@H](O)[C@H]2O)[C@@H]2C(COC(C)=O)=C[C@H](O)[C@H]12
ZINC000031159938,CC1=CC(=O)[C@H]2C(C)(C)CCC[C@]2(C)[C@H]1CO
ZINC000031160272,CC1=CC[C@H]2C(C)(C)CCC[C@]2(C)[C@H]1CO
ZINC000031160548,C=C[C@](C)(O)CC/C=C(\C)CO[C@@H]1O[C@H](CO)[C@@H](O)[C@H](O)[C@H]1O
ZINC000031160564,CC1=C[C@H](O)[C@H]2C(C)(C)CCC[C@]2(C)[C@@]1(O)CO
ZINC000031162309,CC1=CCC[C@@H]2[C@@](C)(CC/C(C=O)=C\C(=O)O)[C@H](C)CC[C@@]12C
ZINC000031163064,CC(=O)O[C@H]1C[C@H](OC(C)=O)[C@@]2(C)[C@@H]3C[C@H]4OC(=O)C(C)=C4[C@H]4O[C@@]34CC[C@@H]2C1(C)C
ZINC000031163068,CC(=O)O[C@H]1CC[C@]2(C)[C@H](CC[C@@]34O[C@@H]3C3=C(C)C(=O)O[C@@H]3C[C@H]42)C1(C)C
ZINC000031163175,COC(=O)C1=CO[C@@H](O[C@@H]2O[C@H](CO)[C@@H](O)[C@H](O)[C@H]2O)[C@@H]2C(CO)=CC[C@]12O
ZINC000031163330,CC1(C)CC[C@]2(C(=O)O)CC[C@]3(C)C(=CC[C@@H]4[C@@]5(C)C[C@@H](O)[C@H](O)C(C)(C)[C@@H]5CC[C@]43C)[C@@H]2[C@@H]1O
ZINC000031164228,CC(=O)O[C@H]1C[C@@H]2C(COC(=O)CC(C)C)=CO[C@@H](OC(=O)CC(C)C)[C@H]2[C@@]12CO2
ZINC000031164435,COc1cc(O)c(C(=O)CCc2ccc(O)cc2)c(O[C@@H]2O[C@H](CO)[C@@H](O)[C@H](O)[C@H]2O)c1
ZINC000031165169,OCCc1ccc(O[C@@H]2O[C@H](CO)[C@@H](O)[C@H](O)[C@H]2O)c(O)c1
ZINC000031165497,COc1c2c(cc3oc(C)cc(=O)c13)O[C@H](C(C)(C)O[C@@H]1O[C@H](CO)[C@@H](O)[C@H](O)[C@H]1O)C2
ZINC000031165518,O=C(CCc1ccc(O)c(O)c1)C[C@H](CCc1ccc(O)c(O)c1)O[C@@H]1OC[C@@H](O)[C@H](O)[C@H]1O
ZINC000031165761,CC1(C)CC[C@]2(C)CC[C@]3(C)C(=CC[C@@H]4[C@@]5(C)CCC(=O)C(C)(C)[C@@H]5CC[C@]43C)[C@@H]2C1
ZINC000031166147,C=C1CC[C@H]2[C@@](C)(CCC[C@@]2(C)C(=O)O)[C@@H]1CC[C@H](C)CCO
ZINC000031166315,COc1c(O)cc2c3c1-c1ccccc1C[C@H]3NCC2
ZINC000031166407,O=C(CCc1ccc(O)cc1)c1c(O)cc(O[C@@H]2O[C@H](CO)[C@@H](O)[C@H](O)[C@H]2O)cc1O
ZINC000031166741,OCCc1ccc(O[C@@H]2O[C@H](CO)[C@@H](O)[C@H](O)[C@H]2O)cc1
ZINC000031167467,O=C(/C=C/c1ccc(O)cc1)CCCCc1ccc(O)cc1
ZINC000031168223,CCCC/C=C\CCCCCCCc1cc(=O)c2ccccc2n1C
ZINC000031168435,Oc1ccc(/C=C/CC[C@H](O)CCc2ccc(O)cc2)cc1
ZINC000031168439,Oc1ccc(/C=C/CC[C@@H](O)CCc2ccc(O)cc2)cc1
ZINC000031169959,COc1cc(-c2cc(=O)c3c(O)cc(O[C@@H]4O[C@H](CO)[C@@H](O)[C@H](O)[C@H]4O)cc3o2)cc(OC)c1O
ZINC000031302381,C[C@H](CC[C@H](O)[C@](C)(O)CO)[C@H]1CC[C@@]2(C)C3=CC[C@H]4C(C)(C)C(=O)CC[C@]4(C)C3=CC[C@]12C
ZINC000031334747,CC(=O)O[C@H]1CC[C@@]2(C)[C@@H](CC[C@@]3(C)C4=CC[C@@]5(C)CCC(C)(C)C[C@H]5[C@]4(C)CC[C@@H]32)C1(C)C
ZINC000031415489,CC1(C)[C@@H](O)CC[C@@]2(C)[C@H]1CC[C@]1(C)[C@@H]2CC=C2[C@@H]3C[C@](C)(C(=O)O)C[C@H](O)[C@]3(C)CC[C@]21C
ZINC000031417264,C=Cc1ccc(O[C@@H]2O[C@H](CO)[C@@H](O)[C@H](O)[C@H]2O[C@@H]2O[C@@H](C)[C@H](O)[C@@H](O)[C@H]2O)cc1
ZINC000031417663,COc1ccc(CC[C@H]2Cc3cc(O[C@@H]4O[C@H](CO)[C@@H](O)[C@H](O)[C@H]4O)cc(O)c3C(=O)O2)cc1
ZINC000031457528,CC1(C)OC(=O)C=C[C@@]2(C)[C@H]1CC(=O)[C@]1(C)[C@@H]2CC[C@@]2(C)[C@H](C3=C[C@@H](O)OC3=O)OC(=O)[C@H]3O[C@]321
ZINC000031457534,CC1(C)OC(=O)C=C[C@@]2(C)[C@H]1CC(=O)[C@]1(C)[C@@H]2CC[C@@]2(C)[C@H](C3=C[C@H](O)OC3=O)OC(=O)[C@H]3O[C@]321
ZINC000031457626,C[C@H](CO)C1=C(c2c[nH]c3ccccc23)[C@@H]2[C@H](C)C[C@@H](O)[C@@]3(C)[C@H](C)CC[C@H](O)[C@@]23CC1
ZINC000031457890,C=C[C@H]1[C@H](O[C@@H]2O[C@H](CO)[C@@H](O)[C@H](O)[C@H]2O)OC=C(C(=O)OC)[C@H]1CC(OC)OC
ZINC000031458190,COc1cc2c(cc1OC)[C@H]([C@H]1OC(=O)c3c1ccc1c3OCO1)N(C)CC2
ZINC000031458984,CC(C)=CCC[C@H](C(=O)O)[C@@H]1CC[C@]2(C)C3=CC[C@H]4C(C)(C)C(=O)CC[C@]4(C)[C@H]3CC[C@@]12C
ZINC000031459051,CCC1=N[C@H]2C[C@@]3(C(=O)N(OC)c4ccccc43)[C@H]3C[C@@H]1[C@@H]2CO3
ZINC000031459237,CC1(C)[C@@H](O)CC[C@@]2(C)[C@H]1CC[C@]1(C)[C@@H]2CC=C2[C@@H]3C[C@@]4(C)C[C@H](OC4=O)[C@]3(C)CC[C@]21C
ZINC000031459932,COc1cc2oc(-c3ccc(O[C@@H]4O[C@H](CO)[C@@H](O)[C@H](O)[C@H]4O)cc3)cc(=O)c2c(O)c1OC
ZINC000031460001,COC(=O)C[C@H]1[C@]2(C)C3=C(C)[C@H](c4ccoc4)C[C@H]3O[C@@H]2[C@@H]2OC[C@]3(C)C=CC(=O)[C@@]1(C)[C@@H]23
ZINC000031460141,C=C1[C@H](O)[C@@]23CC[C@H]4[C@@](C)(CCC[C@@]4(C)C(=O)O)[C@@H]2CC[C@@H]1C3
ZINC000031475539,COC(=O)C1=CO[C@@H](O[C@@H]2O[C@H](CO)[C@@H](O)[C@H](O)[C@H]2O)[C@H]2[C@@H]1[C@H](O)C[C@]2(C)OC(C)=O
ZINC000031494865,CN1Cc2c(ccc3c2OCO3)[C@@]2(C)[C@@H](O)Cc3cc4c(cc3[C@@H]12)OCO4
ZINC000031494867,CC(=O)O[C@H]1Cc2cc3c(cc2[C@H]2N(C)Cc4c(ccc5c4OCO5)[C@@]12C)OCO3
ZINC000031494974,CC(=O)O[C@H]1CC[C@]2(C)[C@H]3CC[C@@]4(C)[C@@H]5[C@@H](C)[C@H](C)CC[C@]5(C)CC[C@]4(C)C3=CC[C@H]2C1(C)C
ZINC000031499954,CC1(C)OC(=O)C=C[C@@]2(C)[C@H]1CC(=O)[C@]1(C)[C@@H]2CC[C@@]2(C)[C@H](C3=CC(=O)O[C@@H]3O)OC(=O)[C@H]3O[C@]321
ZINC000031499957,CC1(C)OC(=O)C=C[C@@]2(C)[C@H]1CC(=O)[C@]1(C)[C@@H]2CC[C@@]2(C)[C@H](C3=CC(=O)O[C@H]3O)OC(=O)[C@H]3O[C@]321
ZINC000031500905,CCCCC(=O)O
ZINC000031542827,CC(C)[C@@H]1CC[C@@]2(C)CC[C@@]3(C)[C@@H]4CC=C5[C@@H](CC[C@H](O)C5(C)C)[C@]4(C)CC[C@]3(C)[C@@H]12
ZINC000031542851,CC(C)[C@@H]1CC[C@@]2(C)CC[C@@]3(C)[C@@H]4CC[C@H]5C(C)(C)C(=O)CC[C@]5(C)C4=CC[C@]3(C)[C@@H]12
ZINC000031597169,CC(C)(O[C@@H]1O[C@H](CO)[C@@H](O)[C@H](O)[C@H]1O)[C@@H]1Cc2cc3ccc(=O)oc3cc2O1
ZINC000031703152,COC(=O)C1=C2Nc3ccccc3[C@@]23CCN2CCC[C@@]([C@@H](C)OC(=O)C=C(C)C)(C1)[C@H]23
ZINC000031703156,COC(=O)C1=C2Nc3ccccc3[C@@]23CCN2CCC[C@@]([C@H](C)OC(=O)C=C(C)C)(C1)[C@H]23
ZINC000031739248,O=C1C[C@@]23CCCN2CCc2cc4c(cc2C3=C1O)OCO4
ZINC000031829742,COc1ccc2c(c1OC)CN(C)CCc1cc3c(c(OC)c1C(=O)C2)OCO3
ZINC000031841147,COc1c2c(cc3c1C(=O)Cc1ccc4c(c1CN(C)CC3)OCO4)OCO2
ZINC000031861484,CC1(C)C[C@@H]2[C@@H]1CC[C@]1(C)C[C@@]2(O)CC[C@H]1O
ZINC000031997766,CC(=O)O[C@@H]1[C@@H]2[C@@H]3C[C@@]14C(=Nc1ccccc14)[C@@H]1C[C@H]2[C@@H](C=O)[C@H](C)N13
ZINC000031998249,C=C1CC[C@@H]2[C@H]([C@H]3[C@H]1CC[C@]3(C)[C@@H](CC(C)C)c1c(O)c(C=O)c(O)c(C=O)c1O)C2(C)C
ZINC000032023197,C[C@H](CCC=C(CO)CO)[C@H]1CC[C@@]2(C)C3=CC[C@H]4C(C)(C)C(=O)CC[C@]4(C)C3=CC[C@]12C
ZINC000032024272,CC1(C)[C@@H](O)CC[C@]2(C)C3=C(CC[C@@H]12)[C@@]1(C)CC[C@@]2(C)CC[C@@](C)(C(=O)O)C[C@H]2[C@]1(C)CC3
ZINC000032062227,CC1(C)C=C2[C@H]3CC[C@@H]4[C@@]5(C)CC[C@H](O)C(C)(C)[C@@H]5CC[C@@]4(C)[C@]3(C)CC[C@@]2(C(=O)O)CC1
ZINC000032062349,CC(=O)[C@@H]1CC[C@]2(C)CC[C@]3(C)[C@H](CC[C@@H]4[C@@]5(C)CC[C@H](O)C(C)(C)[C@@H]5CC[C@]43C)[C@@H]12
ZINC000032066887,O=C1c2c(O)cc(O)cc2O[C@H](c2ccc(O)c(O)c2)[C@H]1O[C@@H]1OC[C@@H](O)[C@H](O)[C@H]1O
ZINC000032071524,C=C1[C@H]2C[C@H]2[C@]2(C)Cc3occ(C)c3[C@H](O)[C@@H]12
ZINC000032150793,COc1cc([C@H]2Oc3c(OC)cc4c(=O)c5ccccc5oc4c3O[C@@H]2CO)ccc1O
ZINC000032171260,Cc1cccc2c1C(=O)C[C@@H](C)O2
ZINC000032171262,Cc1cccc2c1C(=O)C[C@H](C)O2
ZINC000032180508,OC[C@@H]1CC[C@@]2(CCCCO2)O1
ZINC000032180511,OC[C@H]1CC[C@@]2(CCCCO2)O1
ZINC000032180514,OC[C@@H]1CC[C@]2(CCCCO2)O1
ZINC000032180517,OC[C@H]1CC[C@]2(CCCCO2)O1
ZINC000032287798,C=CC[C@@]12C=C(OC)C(=O)[C@@H](C1=O)[C@H](c1ccc(O)c(OC)c1)[C@H]2C
ZINC000032292967,COc1cc(-c2oc3cc(OC(C)=O)c(OC)c(OC(C)=O)c3c(=O)c2OC)ccc1OC(C)=O
ZINC000032296315,CC1(C)[C@H](O)CC[C@]2(C)[C@H]3CC[C@H]4[C@@](C)(CC[C@@H]5[C@]4(C)CC[C@H](O)[C@]5(C)C(=O)O)CC3=CC[C@@H]12
ZINC000032302599,CCC/C=C1\OC(=O)c2ccc(O)cc21
ZINC000032821802,CC[C@@H](O)[C@@H](O)C/C=C/C/C=C/CCCCCCCC(=O)O
ZINC000032840891,CCCCCCCCCCCCCCCC(=O)OC[C@@H](O)CO
ZINC000032840892,CCCCCCCCCCCCCCCC(=O)OC[C@H](O)CO
ZINC000033330505,CN1Cc2c(ccc3c2OCO3)[C@@H]2[C@H](O)Cc3cc4c(cc3[C@@H]21)OCO4
ZINC000033368635,CC(C)C1=C(O)C(=O)C2=C(C1=O)[C@H](O)C[C@H]1C(C)(C)CCC[C@]21C
ZINC000033495916,C[C@H]1[C@@H](O)C[C@@H]2CC(=O)OC[C@@H]21
ZINC000033505431,C[C@@H]1CC[C@H]2C(C)(C)[C@H](O)CC[C@]2(C)[C@@]12Cc1c(O)cc3c(c1O2)COC3=O
ZINC000033650200,CC1=CC[C@]2(C)CC[C@]3(C)[C@H](CC[C@@H]4[C@@]5(C)CC[C@H](O)C(C)(C)[C@@H]5CC[C@]43C)[C@H]2[C@@H]1C
ZINC000033650236,C[C@H](CCC(=O)NCCS(=O)(=O)O)[C@H]1CC[C@H]2[C@H]3[C@@H](O)C[C@@H]4C[C@H](O)CC[C@]4(C)[C@H]3CC[C@@]21C
ZINC000033754036,C=C[C@H]1CN2CC[C@@]3(C(=O)Nc4ccccc43)[C@@H]2C[C@@H]1/C(=C\OC)C(=O)OC
ZINC000033754089,CC1(C)[C@H]2CCC3=C[C@@](C)([C@@H](O)CO)CC[C@H]3[C@]2(C)CC[C@H]1O
ZINC000033818836,C/C(=C\CC[C@@H](C)[C@H]1CC[C@@]2(C)C3=C(CC[C@]12C)[C@@]1(C)CC[C@H](O)C(C)(C)[C@@H]1CC3=O)CO
ZINC000033829879,COc1cc2c(cc1O)C[C@H]1c3c(cc(OC)c(OC)c3-2)CC[N+]1(C)C
ZINC000033830039,O=C(/C=C/c1ccc(O)c(O)c1)OC[C@H]1O[C@@H](Oc2coccc2=O)[C@H](O)[C@@H](O)[C@@H]1O
ZINC000033830173,OCCc1ccc(O)c(O[C@@H]2O[C@H](CO)[C@@H](O)[C@H](O)[C@H]2O)c1
ZINC000033830275,C[C@@H]1CC[C@]2(C(=O)O)CC[C@]3(C)C(=CC[C@@H]4[C@@]5(C)C(CO)=CC(C)(C)[C@@H]5CC[C@]43C)[C@@H]2[C@]1(C)O
ZINC000033830337,CC[C@@H]1CN2CC[C@@]3(C(=O)Nc4ccccc43)[C@@H]2C[C@@H]1/C(=C\OC)C(=O)OC
ZINC000033830361,C=CC(C)(C)O[C@@H]1O[C@H](CO)[C@@H](O)[C@H](O)[C@H]1O
ZINC000033830716,C[C@@H]1O[C@@H](O[C@H]2C(=O)c3c(O)cc(O)cc3O[C@@H]2c2ccc(O)cc2)[C@H](O)[C@H](O)[C@H]1O
ZINC000033830752,O=c1cc(CCc2ccccc2)oc2c1[C@H](O)[C@@H](O)[C@@H](O)[C@@H]2O
ZINC000033830800,O=C(/C=C/c1ccc(O)c(O)c1)O/C=C\c1ccc(O)c(O)c1
ZINC000033830829,CCC/C=C1\OC(=O)C2=C1CC[C@@H]1[C@H](CCC)[C@]3(OC(=O)C4=C3CCC=C4)[C@H]21
ZINC000033830831,CCC/C=C1\OC(=O)C2=C1CC[C@H]1[C@H]3C=C4C(=O)O/C(=C\CCC)[C@@]4(CC3)[C@@H]21
ZINC000033830865,COc1c(O)cc2c(=O)oc3c(O)c(O[C@@H]4OC[C@@H](O)[C@H](O)[C@H]4O)cc4c(=O)oc1c2c34
ZINC000033830999,CC1(C)[C@H](O)CC[C@]2(C)[C@H]3CC[C@H]4[C@@](C)(CC[C@H]5[C@@](C)(CO)[C@@H](O)CC[C@]45C)CC3=CC[C@@H]12
ZINC000033831113,C=C1CC[C@H]2C(C)(C)[C@@H](O)CC[C@]2(C)[C@H]1CC/C(C)=C/C(=O)O
ZINC000033831141,CC(=O)O[C@H](C[C@@H](C)C1=C2C[C@H](O)[C@H]3[C@@]4(C)CCC(=O)C(C)(C)[C@@H]4CC[C@]3(C)[C@@]2(C)CC1)[C@H]1OC1(C)C
ZINC000033831254,C=C1COC(=O)[C@]12C[C@]1(C)[C@@H](C)CC[C@H](OC(=O)/C(C)=C\C)[C@@H]1[C@H]2OC(C)=O
ZINC000033831255,C=C1COC(=O)[C@]12C[C@]1(C)[C@@H](C)CC[C@H](OC(=O)/C=C\SC)[C@@H]1[C@H]2OC(C)=O
ZINC000033831303,CC1(C)CCC[C@@]2(C)[C@H]1CC[C@@]1(CO1)[C@@H]2C/C=C1\CCOC1=O
ZINC000033831305,CC(=O)O[C@@]1(C)C(=O)C[C@H]2C(C)(C)CCC[C@]2(C)[C@@]1(O)CCc1ccoc1
ZINC000033831319,C[C@H](CC(=O)C[C@@H](C)[C@H]1CC(=O)[C@@]2(C)C3=C(C(=O)C[C@]12C)[C@@]1(C)CCC(=O)C(C)(C)[C@@H]1C[C@@H]3O)C(=O)O
ZINC000033831321,C[C@@H](CC(=O)C[C@@H](C)[C@H]1CC(=O)[C@@]2(C)C3=C(C(=O)C[C@]12C)[C@@]1(C)CCC(=O)C(C)(C)[C@@H]1C[C@@H]3O)C(=O)O
ZINC000033831447,COc1c2c(cc3oc(C)cc(=O)c13)O[C@@H](C(C)(C)O[C@@H]1O[C@H](CO)[C@@H](O)[C@H](O)[C@H]1O)C2
ZINC000033831536,CC(C)[C@@H]1CC[C@@]2(C)CC[C@@]3(C)[C@@H]4CC=C5[C@@H](CC[C@H](O)C5(C)C)[C@]4(C)CC[C@]3(C)[C@H]12
ZINC000033831761,CC1(C)CC[C@]2(C)CC[C@]3(C)C(=C2C1)CC[C@@H]1[C@@]2(C)CC[C@H](O)C(C)(C)[C@@H]2CC[C@]13C
ZINC000033831763,C=C[C@](C)(O)CC[C@@]1(C)[C@H](C)CC[C@@]2(C)C(C)=C[C@@H](O)C[C@H]12
ZINC000033831791,CC1(C)CC[C@]2(C)CC[C@]3(C)C(=C2C1)CC[C@@H]1[C@@]2(C)CCC(=O)C(C)(C)[C@@H]2CC[C@]13C
ZINC000033831794,COc1ccc(-c2coc3cc(O[C@@H]4O[C@H](CO)[C@@H](O)[C@H](O)[C@H]4O)ccc3c2=O)cc1O
ZINC000033831797,CC1(C)CC[C@]2(C)CC[C@]3(C)C(=CC(=O)[C@@H]4[C@@]5(C)CC[C@H](O)C(C)(C)[C@@H]5CC[C@]43C)[C@@H]2C1
ZINC000033831962,CC(C)[C@@H]1CC[C@H]2[C@@]1(C)CC[C@@]1(C)[C@@H]3CC[C@H]4C(C)(C)[C@@H](O)CC[C@]4(C)C3=CC[C@]21C
ZINC000033831993,COc1cc2ccc(=O)oc2c(OC)c1O[C@@H]1O[C@H](CO)[C@@H](O)[C@H](O)[C@H]1O
ZINC000033831997,Cc1cc(O)ccc1O[C@@H]1O[C@H](CO)[C@@H](O)[C@H](O)[C@H]1O
ZINC000033832004,O=C(/C=C/c1ccc(O[C@@H]2O[C@H](CO)[C@@H](O)[C@H](O)[C@H]2O)cc1)c1ccc(O)cc1O
ZINC000033832090,CC1=C2C=C3CC[C@@H]4C(C)(C)CCC[C@@]4(C)[C@@H]3C[C@H]2OC1=O
ZINC000033832091,O=c1c(O[C@@H]2O[C@@H](CO)[C@H](O)[C@H]2O)c(-c2ccc(O)cc2)oc2cc(O)cc(O)c12
ZINC000033832141,COc1cc(O[C@@H]2O[C@H](CO)[C@@H](O)[C@H](O)[C@H]2O)cc(OC)c1O
ZINC000033832185,C=C(C)[C@H](CC=C(C)C)Cc1c(O)cc(O)c2c1O[C@H](c1ccccc1O)CC2=O
ZINC000033832203,CC(C)=CCc1c(O)c(CC=C(C)C)c2c(c1O)C(=O)[C@H](O)[C@@H](c1ccc(O)cc1O)O2
ZINC000033832338,C=C(C)[C@@H]1CC[C@]2(C)CC[C@]3(C)[C@H](CC[C@@H]4[C@@]5(C)CC[C@H](OC(C)=O)C(C)(C)[C@@H]5CC[C@]43C)[C@H]12
ZINC000033832528,COC/C=C/c1ccc(O)c(OC)c1
ZINC000033832651,COc1cc([C@@H]2CC(=O)c3c(O)cc(O[C@@H]4O[C@H](CO)[C@@H](O)[C@H](O)[C@H]4O)cc3O2)ccc1O
ZINC000033832838,CC1(C)CC[C@]2(C(=O)O)CC[C@]3(C)C(=CC[C@@H]4[C@@]5(C)C(=O)C[C@H](O)C(C)(C)[C@@H]5CC[C@]43C)[C@@H]2C1
ZINC000033832919,CC1(C)CCC2=C(O1)C(=O)c1c(O)cccc1C2=O
ZINC000033832921,CC1(C)C[C@@H](O)C2=C(O1)C(=O)c1c(O)cccc1C2=O
ZINC000033833252,COc1cc2oc(-c3ccc(O)c(O)c3)cc(=O)c2c(O)c1O[C@@H]1O[C@H](CO)[C@@H](O)[C@H](O)[C@H]1O
ZINC000033833583,C=C1CCC[C@]2(C)Cc3occ(C)c3C[C@@H]12
ZINC000033834032,CC1=C2C[C@H](C(C)(C)O)[C@H](O)C[C@H](C)[C@H]2CC1=O
ZINC000033842480,C/C=C(/C)C(=O)O[C@H]1c2cc3c(c(OC)c2-c2c(cc(OC)c(OC)c2OC)C[C@H](C)[C@@H]1C)OCO3
ZINC000033845589,COc1cc(C)cc(O)c1C/C=C(\C)CC/C=C(\C)CCC=C(C)C
ZINC000033847355,OC[C@H](O)[C@H](/C=C/c1ccc(O)cc1)c1ccc(O)cc1
ZINC000033861454,O=C(O[C@@H]1O[C@H]2COC(=O)c3cc(O)c(O)c(O)c3-c3c(cc(O)c(O)c3O)C(=O)O[C@@H]([C@H]2O)[C@H]1O)c1cc(O)c(O)c(O)c1
ZINC000033861486,O=C(O[C@H]1[C@H](Oc2c(-c3ccc(O)c(O)c3)oc3cc(O)cc(O)c3c2=O)O[C@H](CO)[C@H](O)[C@@H]1O)c1cc(O)c(O)c(O)c1
ZINC000033861562,O=C(O[C@@H]1O[C@H]2COC(=O)c3cc(O)c(O)c(O)c3-c3c(cc(O)c(O)c3O)C(=O)O[C@@H]([C@@H]2O)[C@H]1O)c1cc(O)c(O)c(O)c1
ZINC000033861564,O=C(O[C@@H]1O[C@H]2COC(=O)c3cc(O)c(O)c(O)c3-c3c(cc(O)c(O)c3O)C(=O)O[C@H]([C@@H]1O)[C@@H]2O)c1cc(O)c(O)c(O)c1
ZINC000033877662,C=C(C=O)[C@H]1C[C@H](O)C(C)=C1C=O
ZINC000033915527,C[C@@H]1C[C@@H]2CC3=C(CCC(=O)N3)[C@]3(C1)[C@@H]2CCCN3C
ZINC000033953373,C=C(C)C(=O)O[C@H]1C[C@@](C)(O)[C@]2(O)CC[C@](C)(C=C3OC(=O)C(COCC)=C31)O2
ZINC000033954928,C/C=C(/C)C(=O)O[C@H]1[C@@H](OC(=O)CC(C)C)c2c(ccc3ccc(=O)oc23)OC1(C)C
ZINC000033955640,C/C=C1/CN2CCc3c([nH]c4ccccc34)[C@@H]2C[C@@H]1/C(=C/OC)C(=O)OC
ZINC000033955770,CC[C@H](C)C[C@@H](C)/C=C(\C)[C@@H]1O[C@H](c2c(O)c(-c3ccc(O)cc3)cn(C)c2=O)CC[C@H]1C
ZINC000033963476,CCCCCC(=O)CC(=O)/C=C/c1ccc(O)c(OC)c1
ZINC000033970417,CC[C@H](CC[C@@H](C)[C@H]1CC[C@H]2[C@@H]3C[C@@H](O)C4=CC(=O)CC[C@]4(C)[C@H]3CC[C@@]21C)C(C)C
ZINC000033973264,CC(=O)CC[C@@H]1[C@H]([C@H]2C(=O)CC[C@]2(C)[C@@H](CC(C)C)c2c(O)c(C=O)c(O)c(C=O)c2O)C1(C)C
ZINC000033973265,CC(=O)CC[C@@H]1[C@H]([C@@H]2C(=O)CC[C@]2(C)[C@@H](CC(C)C)c2c(O)c(C=O)c(O)c(C=O)c2O)C1(C)C
ZINC000033985877,C=C(C(=O)O)[C@@H]1CC[C@@]2(C)CCCC(=C)[C@@H]2C1
ZINC000033986103,CC[C@H](/C=C/[C@@H](C)[C@H]1CC[C@H]2C3=CC[C@H]4C[C@@H](OC(C)=O)CC[C@]4(C)[C@H]3CC[C@@]21C)C(C)C
ZINC000033988664,C/C=C(/C)C(=O)O[C@H]1C(C)=C[C@]23C(=O)[C@@H](C=C(C)[C@@H](O)[C@]12O)[C@H]1[C@@H](C[C@H]3C)C1(C)C
ZINC000034039734,CC1(C)CC[C@]2(C(=O)O)CCC3=C([C@@H](CCl)C[C@H]4[C@@]3(C)CC[C@H]3[C@](C)(C(=O)O)[C@@H](O)[C@@H](O)C[C@@]34C)[C@@H]2C1
ZINC000034056828,C=C1C(=O)O[C@@H]2CC(C)=C([C@@H](C)CCCO)[C@@H](O)[C@H]12
ZINC000034063294,C=CCc1ccc(O)c(Oc2ccc(C(=O)CC)cc2)c1
ZINC000034075136,C=C1C(=O)O[C@@H]2C[C@H]3[C@]4(C)CC[C@H]([C@H](C)CC/C=C(\C)C=O)[C@@]4(C)CC[C@]34C[C@]4(CCC(=O)O)[C@H]12
ZINC000034084649,CC1=C[C@@H](O)[C@H]2C(C)(C)CCC[C@]2(C)[C@@]1(O)CO
ZINC000034109425,C[C@H](C[C@H](O)[C@@H](O)C(C)(C)O)C1=C2C[C@H](O)[C@@H]3[C@@]4(C)CCC(=O)C(C)(C)[C@@H]4CC[C@]3(C)[C@@]2(C)CC1=O
ZINC000034109427,C[C@H](C[C@H](O)[C@@H](O)C(C)(C)O)C1=C2C[C@H](O)[C@H]3[C@@]4(C)CCC(=O)C(C)(C)[C@@H]4CC[C@]3(C)[C@@]2(C)CC1=O
ZINC000034124040,CC(=O)O[C@H]1CC[C@H]2[C@]3(C)CC[C@@]4(C)[C@@H]5CC(C)(C)CC[C@]5(C)CC[C@]4(C)[C@H]3CC[C@]2(C)[C@H]1C
ZINC000034154543,CC[C@H]1[C@@H]2CCN3CC[C@@]4(C(=C2C(=O)OC)Nc2ccccc24)[C@@H]13
ZINC000034161446,CC1(C)CCC[C@]2(C)[C@@H]1CC[C@@]13C[C@@H](CC[C@H]12)[C@@](O)(CO)C3
ZINC000034169003,C=C1CC[C@H]2[C@@](C)(CC[C@@H](O)[C@@]2(C)CO)[C@@H]1C/C=C1\C(=O)OC[C@H]1O
ZINC000034173918,COc1ccc([C@@H](O)[C@H](C)O)cc1OC
ZINC000034173919,COc1ccc([C@@H](O)[C@@H](C)O)cc1OC
ZINC000034173920,COc1ccc([C@H](O)[C@H](C)O)cc1OC
ZINC000034173921,COc1ccc([C@H](O)[C@@H](C)O)cc1OC
ZINC000034176767,C[C@H](C[C@H](O)[C@@H](O)C(C)(C)O)C1=C2C=C[C@H]3[C@@]4(C)CCC(=O)C(C)(C)[C@@H]4CC[C@]3(C)[C@@]2(C)CC1=O
ZINC000034180361,C[C@H]1C(=O)O[C@@H]2C[C@](C)(O)C(=O)C[C@@H]21
ZINC000034187470,CC1(C)CC[C@]2(C)CC[C@]3(C)C(=CC=C4[C@@]5(C)CC[C@H](O)C(C)(C)[C@@H]5CC[C@]43C)[C@@H]2C1
ZINC000034192001,C/C(C=O)=C\CC[C@@H](C)[C@H]1CC[C@@]2(C)C3=CC[C@H]4C(C)(C)C(=O)CC[C@]4(C)C3=CC[C@]12C
ZINC000034192003,C/C(=C\CC[C@@H](C)[C@H]1CC[C@@]2(C)C3=CC[C@H]4C(C)(C)C(=O)CC[C@]4(C)C3=CC[C@]12C)CO
ZINC000034208814,C[C@H]1[C@H](C(=O)O)CC[C@]2(C)CC[C@]3(C)C(=CC[C@@H]4[C@@]5(C)CC[C@H](O)C(C)(C)[C@@H]5CC[C@]43C)[C@H]12
ZINC000034226592,C[C@H]1OC(=O)CC[C@@H]2[C@]1(C)CC[C@H]1[C@@]2(C)CC[C@@]2(C)[C@@H]3CC(C)(C)CC[C@]3(C)CC[C@]12C
ZINC000034228313,COc1cc2c(c(OC)c1CC=C(C)C)C=C(c1ccc(O)cc1O)CO2
ZINC000034235782,C=C1CC[C@@H](O)[C@]2(C)CC[C@@H](C(C)C)[C@H](O)[C@@H]12
ZINC000034237066,COc1ccc(/C=C/C(=O)OC/C=C/c2ccccc2)cc1O
ZINC000034239747,C=C(C)[C@@H]1CC[C@]2(C)CC[C@]3(C)[C@H](CC[C@@H]4[C@@]5(C)[C@H](O)CC(=O)C(C)(C)[C@@H]5CC[C@]43C)[C@@H]12
ZINC000034264756,O=C1c2c(O)cc(O)cc2O[C@H](c2ccc(O)c(O[C@@H]3O[C@H](CO)[C@@H](O)[C@H](O)[C@H]3O)c2)[C@H]1O
ZINC000034265092,CC(C)=CC(=O)C[C@H](C)[C@@H]1C=C[C@@](C)(O)[C@H](O)C1
ZINC000034300429,CC(=O)O[C@H]1CC[C@@]2(C)[C@@H](CC[C@]3(C)[C@@H]2CC[C@@H]2[C@@]4(C)CCCC(C)(C)[C@@H]4CC[C@]23C)C1(C)C
ZINC000034302797,C=C1C(=O)O[C@H]2[C@H]1[C@@H](OC(C)=O)C[C@]1(C)O[C@@]13CC=C(C)[C@H]23
ZINC000034319583,C[C@H]1CCCCCCCc2cc(O)cc(O)c2C(=O)O1
ZINC000034326989,C[C@]1(O)CC[C@]2(O)C(C=O)=CO[C@@H](O[C@@H]3O[C@H](CO)[C@@H](O)[C@H](O)[C@H]3O)[C@H]12
ZINC000034328838,CC1(C)OC[C@H]([C@@](C)(O)CO)O1
ZINC000034329997,COc1ccc(CCCc2ccc(O)cc2)c(OC)c1
ZINC000034345480,C=C(C)[C@@H]1CC[C@]2(C)C(=C(C)C(=O)C[C@H]2O)C1
ZINC000034360982,C=C(C(=O)OC)[C@@H]1CC[C@@]2(C)CCCC(C)=C2C1
ZINC000034412774,CC[C@]1(C)CC(=O)CC(C)(C)N1
ZINC000034412775,CC[C@@]1(C)CC(=O)CC(C)(C)N1
ZINC000034418976,C[C@]12CCC[C@@](C)(CO)[C@@H]1C[C@@H](O)C1=CC(=O)CC[C@@H]12
ZINC000034430431,COc1cc(CO)cc(OC)c1O[C@@H]1O[C@H](CO)[C@@H](O)[C@H](O)[C@H]1O
ZINC000034473665,COc1c2cc(c(OC(C)=O)c1OC)CCCC[C@H](OC(C)=O)CCc1ccc(OC(C)=O)c-2c1
ZINC000034474300,C=C1C/C(=C/C)C(=O)O[C@@H]2CCN3CC=C(COC(=O)[C@]1(C)OC(C)=O)[C@H]23
ZINC000034518064,CC(C)(O[C@@H]1O[C@H](CO)[C@@H](O)[C@H](O)[C@H]1O)[C@H]1Oc2cc3oc(=O)ccc3cc2[C@H]1O
ZINC000034521288,C[C@H]1C[C@@H]2OC(=O)[C@H](C)[C@H]2CC=C1CCO
ZINC000034523935,C=C1COC(=O)[C@]12C[C@]1(C)[C@@H](C)CC[C@H](O)[C@@H]1[C@H]2O
ZINC000034541932,CC1=CC[C@@H]2[C@H](C1=O)[C@H]([C@@H](C)C(=O)O)CC[C@H]2C
ZINC000034546587,COc1ccc(/C=C/C(=O)n2cccc2)cc1
ZINC000034546884,CC1=C[C@H]2[C@@H](CC1)[C@H](C)CC[C@H]2[C@@H](C)C(=O)O
ZINC000034557402,CC(C)[C@H]1CC[C@@]2(C)C(CO)=C[C@@H]1[C@@H]2CO
ZINC000034564537,C=C(C(=O)O)[C@@H]1CC[C@@H](C)[C@@H]2CCC(C)=C[C@@H]21
ZINC000034566529,O=C1CC[C@H](CO)C1
ZINC000034598725,CC(=O)O[C@@H]1C(=O)C(C)=CC[C@]12[C@H]1[C@H](C)COC(=O)[C@H]1O[C@@]2(C)O
ZINC000034612334,COC(=O)[C@@H]1C[C@@]23C(=O)[C@@H]4C[C@H]5N(C[C@H]4C)C[C@@H](CCC4=C2[C@@H]1CC4)[C@]53C
ZINC000034614538,CC(=O)C=C=C1C(C)(C)C[C@H](O[C@@H]2O[C@H](CO)[C@@H](O)[C@H](O)[C@H]2O)C[C@@]1(C)O
ZINC000034620928,COc1cc([C@@H]2Oc3c(O)cc(/C=C/CO)cc3[C@H]2CO)ccc1O
ZINC000034645557,C=C1CC[C@H]2C(C)(C)CCC[C@]2(C)[C@H]1C/C=C1\C[C@H](O)OC1=O
ZINC000034645559,C=C1CC[C@H]2C(C)(C)CCC[C@]2(C)[C@H]1C/C=C1\C[C@@H](O)OC1=O
ZINC000034654216,C[C@@H]1O[C@@H](OC(C)(C)[C@@H]2CC[C@@]3(C)CCC[C@@](C)(O)[C@@H]3C2)[C@H](O)[C@H](O)[C@H]1O
ZINC000034654586,COC(=O)C1=C2CCOC3=C2C2=C1C(=O)[C@]1(O)C[C@H]4N(C[C@@H](CC3)[C@@]24C)C[C@H]1C
ZINC000034676244,N[C@H]1CON=C1O
ZINC000034676245,N[C@@H]1CON=C1O
ZINC000034733778,C[C@@]12C[C@H](O)C[C@@](C)(CO)[C@H]1CCC1=C[C@@](C)([C@@H](O)CO)CC[C@H]12
ZINC000034754473,C=C(C)[C@@H]1CC[C@]2(C)[C@H](CC[C@@H]3[C@@H]([C@]4(C)CC[C@](O)(C(C)(C)O)O4)CC[C@]32C)[C@@]1(C)CCC(=O)O
ZINC000034754474,C=C(C)[C@@H]1CC[C@]2(C)[C@H](CC[C@@H]3[C@@H]([C@]4(C)CC[C@@](O)(C(C)(C)O)O4)CC[C@]32C)[C@@]1(C)CCC(=O)O
ZINC000034770248,N#C/C=C1\C=C[C@H](O)C[C@@H]1O
ZINC000034773231,C[C@@H]1CN2C[C@H]3CCC(=O)C4=C(CCO)CC[C@@]45C(=O)[C@@H]1C[C@@H]2[C@@]35C
ZINC000034849764,CC1=C(C=O)C[C@@H]2[C@@](C)(CCC3=CC(=O)O[C@H]3O)[C@H](C)CC[C@@]12C
ZINC000034887090,N#C/C=C1/C=C[C@@H](O)[C@@H](O)[C@H]1O[C@@H]1O[C@H](CO)[C@@H](O)[C@H](O)[C@H]1O
ZINC000034926229,Cc1ncc(CO)c(CN)c1O
ZINC000034997037,COc1cc([C@@H]2O[C@@H](c3ccc(O)c(OC)c3)[C@H](C)[C@H]2C)ccc1O
ZINC000035024346,O=C(O)CCCC[C@@H]1SC[C@@H]2N=C(O)N[C@H]12
ZINC000035031806,C=C1CC[C@H]2C(C)(C)CCC[C@]2(C)[C@H]1C[C@@H](O)C1=CCOC1=O
ZINC000035031812,C=C1CC[C@H]2C(C)(C)CCC[C@]2(C)[C@H]1C[C@H](O)C1=CCOC1=O
ZINC000035086286,C=C(CO)[C@@H]1CC[C@H]2[C@]3(C)CC[C@H]([C@H](C)CCC=C(C)C)[C@@]3(C)CC[C@]23C[C@]13CCC(=O)O
ZINC000035189279,Cc1cc(=O)oc2c([N+](=O)[O-])c(O)ccc12
ZINC000035241578,C[C@@H](O)[C@H]1CC[C@H]2[C@@H]3C=CC4=CC(=O)CC[C@]4(C)[C@H]3CC(=O)[C@]12C
ZINC000035271475,COc1cc(C[C@H]2CO[C@H](c3ccc(O)c(OC)c3)[C@H]2COC(C)=O)ccc1O
ZINC000035456765,CC1(C)CCC[C@@]2(C)[C@H]1[C@H](OC(=O)/C=C/C=C/C=O)C=C1COC(=O)[C@@]12O
ZINC000035456770,C[C@H](O)C/C=C/C=C/C(=O)O[C@@H]1C=C2COC(=O)[C@]2(O)[C@@]2(C)CCCC(C)(C)[C@H]12
ZINC000035456773,C[C@@H](O)C/C=C/C=C/C(=O)O[C@@H]1C=C2COC(=O)[C@]2(O)[C@@]2(C)CCCC(C)(C)[C@H]12
ZINC000035457329,C[C@H](O)[C@@H](O)/C=C/C=C/C(=O)O[C@@H]1C=C2COC(=O)[C@]2(O)[C@@]2(C)CCCC(C)(C)[C@H]12
ZINC000035464383,CC(=O)O[C@H]1C[C@@H]2C(COC(=O)CC(C)C)=CO[C@@H](OC(=O)CC(C)C)[C@H]2[C@@]1(O)CCl
ZINC000035464389,CC(=O)O[C@H]1C[C@@H]2C(COC(=O)CC(C)C)=CO[C@@H](OC(=O)CC(C)C)[C@@H]2[C@@]1(O)CCl
ZINC000035464775,COc1cc(O)c(CCC(=O)O)cc1[C@@H]1OC(=O)[C@](C)(O)[C@H]1O
ZINC000035465466,O=C(O)CCCCCCCC(=O)CCC(=O)O
ZINC000035465491,N#CCc1ccc(O)cc1O[C@@H]1O[C@H](CO)[C@@H](O)[C@H](O)[C@H]1O
ZINC000035880132,CC(=O)OC[C@@H]1O[C@@H](Oc2c(-c3ccc(O)cc3)oc3cc(O)cc(O)c3c2=O)[C@H](O)[C@H]1O
ZINC000035966135,C[C@@]12CC[C@@H](O)[C@@](C)(CO)[C@H]1CC[C@H](CO)[C@H]2CCC1=CCOC1=O
ZINC000036088471,CC1(C)CC[C@]2(C)CC[C@]3(C(=O)O)C(=CC[C@@H]4[C@@]5(C)CC[C@H](O)C(C)(C)[C@@H]5CC[C@]43C)[C@@H]2C1
ZINC000036374961,CC(C)(O)[C@H]1Oc2cc3occ(-c4ccc(O)cc4)c(=O)c3c(O)c2[C@@H]1O
ZINC000036378661,C[C@@H]1CC(=O)CC(C)(C)[C@@]1(O)/C=C/[C@@H](CO)O[C@@H]1O[C@H](CO)[C@@H](O)[C@H](O)[C@H]1O
ZINC000036378703,COc1c(O)cc2c(=O)oc3c(OC)c(O[C@@H]4OC[C@@H](O)[C@H](O)[C@H]4O)cc4c(=O)oc1c2c34
ZINC000036389499,CC(C)(O[C@@H]1O[C@H](CO)[C@@H](O)[C@H](O)[C@H]1O)[C@@H]1CC=C(C(=O)O)CC1
ZINC000036404173,O[C@@H]1CC[C@@]2(O)CCO[C@H]2C1
ZINC000036404734,Oc1ccc(O[C@@H]2CCCCO2)cc1
ZINC000036404735,Oc1ccc(O[C@H]2CCCCO2)cc1
ZINC000036424256,CC(=O)O[C@H]1CCC(C)(C)[C@]2(O)C[C@H](O)[C@H]3C(=O)c4ccoc4C[C@@H]3[C@@]12C
ZINC000036428891,C[C@@H]1O[C@@H](Oc2ccc(C=O)cc2)[C@H](O)[C@H](O)[C@H]1O
ZINC000036435471,C/C(=C\CC[C@@H](C)[C@H]1CC[C@@]2(C)C3=C(CC[C@]12C)[C@@]1(C)CCC(=O)C(C)(C)[C@@H]1CC3=O)C(=O)O
ZINC000036467108,CC[C@H](O)/C=C1\OC(=O)c2ccccc21
ZINC000036467109,CC[C@@H](O)/C=C1\OC(=O)c2ccccc21
ZINC000036468921,C[C@@H]1O[C@@H](Oc2ccc(CO)cc2)[C@H](O)[C@H](O)[C@H]1O
ZINC000036479659,CC(C)=CCC[C@H](C(=O)O)[C@@H]1CC[C@]2(C)C3=C(CC[C@@]12C)[C@@]1(C)CCC(=O)C(C)(C)[C@@H]1CC3
ZINC000036489705,C[C@@H]1CC[C@@H]2[C@@H]1[C@H]1[C@@H](CC[C@]2(C)O)C1(C)C
ZINC000036519535,C[C@]1(O)C[C@@H](O)[C@@H]2C(C(=O)O)=CO[C@@H](O[C@@H]3O[C@H](CO)[C@@H](O)[C@H](O)[C@H]3O)[C@@H]21
ZINC000037613946,C=C[C@@](C)(O)CC/C=C(\C)CO[C@@H]1O[C@H](CO)[C@@H](O)[C@H](O)[C@H]1O
ZINC000037866091,Cc1ncc(CSSCc2cnc(C)c(O)c2CO)c(CO)c1O
ZINC000038139359,C=CC1=C(C)C2=NC1=CC1=NC(=CC3=NC(=CC4=NC(=C2)C(C)=C4CCC(=O)O)C(CCC(=O)O)=C3C)C(C=C)=C1C
ZINC000038139522,COc1cc(/C=C/C(=O)OC[C@H]2O[C@@H](O[C@@H]3OC=C[C@H]4[C@H](O)[C@@H]5O[C@]5(CO)[C@@H]34)[C@H](O)[C@@H](O)[C@@H]2O)ccc1O
ZINC000038139549,C=C[C@H]1[C@H](O[C@@H]2O[C@H](CO)[C@@H](O)[C@H](O)[C@H]2O)OC=C2C(=O)N3CCc4c([nH]c5ccccc45)[C@H]3C[C@H]21
ZINC000038139690,COc1cc(/C=C/C(=O)O[C@@H]2[C@@H]3O[C@]3(CO)[C@H]3[C@H](O[C@@H]4O[C@H](CO)[C@@H](O)[C@H](O)[C@H]4O)OC=C[C@@H]23)ccc1O
ZINC000038139717,CC(C)[C@@H](C)/C=C/[C@@H](C)[C@H]1CC[C@H]2[C@@]34C=C[C@]5(C[C@@H](O)CC[C@]5(C)[C@@H]3CC[C@]12C)OO4
ZINC000038139718,CC(C)[C@@H](C)/C=C/[C@@H](C)[C@H]1CC[C@H]2[C@@]34C=C[C@]5(C[C@@H](O)CC[C@]5(C)[C@H]3CC[C@]12C)OO4
ZINC000038139762,COc1ccc(/C=C/C(=O)O[C@@H]2[C@@H]3O[C@]3(CO)[C@H]3[C@H](O[C@@H]4O[C@H](CO)[C@@H](O)[C@H](O)[C@H]4O)OC=C[C@@H]23)cc1O
ZINC000038139796,CCCCCCCCCC[C@H](C(=O)O)[C@]1(C(=O)O)CCC(=O)O1
ZINC000038139809,CC1(C)CC[C@]2(C(=O)O)CC[C@]3(C)C(=CC[C@@H]4[C@@]5(C)C[C@@H](O)[C@H](O)[C@](C)(CO)[C@@H]5CC[C@]43C)[C@@H]2[C@@H]1O
ZINC000038141473,CCCCCCCC/C=C\CCCCCCCC(=O)OC
ZINC000038143543,C=C[C@H](O)C#CC#C[C@@H](O)/C=C\CCCCCCC
ZINC000038143574,COc1cc([C@H]2OC[C@](O)(Cc3ccc(O[C@@H]4O[C@H](CO)[C@@H](O)[C@H](O)[C@H]4O)c(OC)c3)[C@@H]2CO)ccc1O
ZINC000038143575,C/C=C1/[C@H](O[C@@H]2O[C@H](CO)[C@@H](O)[C@H](O)[C@H]2O)OC=C(C(=O)OC)[C@H]1CC(=O)OCCc1ccc(O)cc1
ZINC000038143579,COc1cc([C@H]2c3c(cc(OC)c(O)c3OC)C[C@@H](CO)[C@@H]2CO[C@@H]2O[C@H](CO)[C@@H](O)[C@H](O)[C@H]2O)cc(OC)c1O
ZINC000038143593,O=C(OC[C@H]1O[C@@H](Oc2ccc(O)cc2COC(=O)[C@]2(O)C=CCCC2=O)[C@H](O)[C@@H](O)[C@@H]1O)c1ccccc1
ZINC000038143594,O=C(OC[C@H]1O[C@@H](Oc2ccc(O)cc2COC(=O)[C@@]2(O)C=CCCC2=O)[C@H](O)[C@@H](O)[C@@H]1O)c1ccccc1
ZINC000038143702,CC(C)CC(=O)O[C@@H]1OC=C(CO[C@@H]2O[C@H](CO)[C@@H](O)[C@H](O)[C@H]2O)[C@H]2C[C@H](O)[C@@](C)(O)[C@@H]12
ZINC000038143792,C[C@@H]1CC[C@]2(C(=O)O)CC[C@]3(C)C(=CC[C@@H]4[C@@]5(C)C[C@@H](O)[C@@H](O)C(C)(C)[C@@H]5CC[C@]43C)[C@@H]2[C@]1(C)O
ZINC000038143799,COC(=O)C[C@@H]1C(C(=O)O)=CO[C@@H](O[C@@H]2O[C@H](CO)[C@@H](O)[C@H](O)[C@H]2O)/C1=C\COC(=O)/C=C/c1ccccc1
ZINC000038143823,COc1cc([C@H]2c3cc(O)c(OC)cc3C[C@@H](CO)[C@@H]2CO[C@@H]2O[C@H](CO)[C@@H](O)[C@H](O)[C@H]2O)ccc1O
ZINC000038143866,COC(=O)C[C@H]1[C@]2(C)C3=C(C)[C@H](c4ccoc4)C[C@H]3O[C@@H]2[C@H](OC(C)=O)[C@@H]2[C@](C)(C(=O)OC)C=CC(=O)[C@@]21C
ZINC000038143867,C=C1C[C@@H](O)[C@H]2C(=C)C(=O)O[C@@H]2[C@H]2C(=C)[C@@H](O[C@@H]3O[C@H](CO)[C@@H](O)[C@H](O)[C@H]3O)C[C@@H]12
ZINC000038143889,CC(C)=CCc1c(O[C@@H]2O[C@H](CO)[C@@H](O)[C@H](O)[C@H]2O)cc(O)c2c1O[C@H](c1ccc(O)cc1)CC2=O
ZINC000038144567,C[C@H](CCC(=O)NCC(=O)O)[C@H]1CC[C@H]2[C@@H]3[C@H](C[C@H](O)[C@@]21C)[C@@]1(C)CC[C@@H](O)C[C@H]1C[C@H]3O
ZINC000038146181,COc1ccc2cc1Oc1ccc(cc1)C[C@H]1c3cc(c(OC)cc3CCN1C)Oc1c(OC)c(OC)cc3c1[C@@H](C2)N(C)CC3
ZINC000038148193,COc1ccc2cc1Oc1ccc(cc1)C[C@H]1c3cc(c(OC)cc3CCN1C)Oc1c(O)c(OC)cc3c1[C@H](C2)N(C)CC3
ZINC000038149089,CC[C@H]1[C@@H]2OC(=O)[C@@H](C)[C@@H]2[C@H]2C[C@@H]([C@@H]3C[C@H](C)C(=O)O3)N3CCCC[C@H]1[C@H]23
ZINC000038152761,CC(=O)O[C@@]12CO[C@@H]1C[C@H](O)[C@@]1(C)C(=O)[C@H](O)C3=C(C)[C@@H](O)C[C@@](O)([C@@H](OC(=O)c4ccccc4)[C@H]12)C3(C)C
ZINC000038175116,O=c1c(-c2ccc(O)c(O)c2)coc2c([C@@H]3O[C@H](CO)[C@@H](O)[C@H](O)[C@H]3O)c(O)ccc12
ZINC000038230161,CC(C)(O)c1ccc2c(c1)[C@H](O)C[C@@H]1[C@]2(C)CCC[C@@]1(C)C(=O)O
ZINC000038231314,CCC/C=C1\OC(=O)C2=C[C@H]3CC[C@]21[C@]1(OC(=O)C2=C1CCC=C2)[C@@H]3CCC
ZINC000038263478,C=C(C)[C@@H]1CC[C@]2(C=O)CC[C@]3(C)[C@H](CC[C@@H]4[C@@]5(C)CC[C@H](O)C(C)(C)[C@@H]5CC[C@]43C)[C@H]12
ZINC000038264323,C=C1C(=O)O[C@@H]2C[C@H](C)C(/C=C/C(C)=O)=CC[C@H]12
ZINC000038266129,COc1ccc(O[C@@H]2O[C@H](CO)[C@@H](O)[C@H](O)[C@H]2O)cc1OC
ZINC000038281488,CC(C)(O)CC[C@@H](O)[C@](C)(O)[C@@H]1CC[C@@]2(O)C3=CC(=O)[C@@H]4C[C@@H](O)[C@@H](O)C[C@]4(C)[C@H]3CC[C@]12C
ZINC000038293744,COC(=O)C1=CO[C@@H]2OC[C@]3(O)C=C[C@H]1[C@H]23
ZINC000038294012,CC(=O)c1cc2cc(C(C)(C)O)oc2cc1O
ZINC000038296656,COc1cc2c(cc1O)CC[C@@H]1O[C@@H](c3ccc(O)cc3)C=C[C@H]21
ZINC000038304118,CC1(C)CCC[C@@]2(C)C1=C(O)C(=O)c1cc(O)c(O)cc12
ZINC000038321672,COC(=O)C1=CO[C@@H](O[C@@H]2O[C@H](CO)[C@@H](O)[C@H](O)[C@H]2O)[C@@H]2[C@@H]1[C@H](O)C[C@]2(C)OC(C)=O
ZINC000038321681,COC(=O)C1=CO[C@@H](O[C@@H]2O[C@H](CO)[C@@H](O)[C@H](O)[C@H]2O)[C@@H]2C(CO)=C[C@H](O)[C@H]12
ZINC000038321990,CC[C@H]1C[C@@H]2C[C@H]3c4[nH]c5cc(OC)ccc5c4CCN(C2)[C@@H]13
ZINC000038322012,COc1cc(O[C@@H]2O[C@H](CO[C@@H]3OC[C@](O)(CO)[C@H]3O)[C@@H](O)[C@H](O)[C@H]2O)cc(OC)c1OC
ZINC000038422844,CCOC(=S)NCc1ccc(O[C@@H]2O[C@@H](C)[C@H](O)[C@@H](O)[C@H]2O)cc1
ZINC000038426330,COc1cc([C@H]2c3c(cc(OC)c(O)c3OC)C[C@@H](CO)[C@@H]2CO)ccc1O
ZINC000038429172,CC(C)=CCC/C(C)=C/CC/C(C)=C/CC/C=C(\C)CC/C=C(\C)CC[C@H](O)C(C)(C)O
ZINC000038431995,C[C@H](C[C@H](O)[C@H]1OC1(C)C)C1=C2C[C@H](O)[C@@H]3[C@@]4(C)CCC(=O)C(C)(C)[C@@H]4CC[C@]3(C)[C@@]2(C)CC1=O
ZINC000038431997,C[C@H](C[C@H](O)[C@H]1OC1(C)C)C1=C2C[C@H](O)[C@H]3[C@@]4(C)CCC(=O)C(C)(C)[C@@H]4CC[C@]3(C)[C@@]2(C)CC1=O
ZINC000038433350,CC(=O)O[C@@H]1C(=O)C2=C(C(=O)C[C@H]3C(C)(C)C(=O)CC[C@]23C)[C@]2(C)C(=O)C[C@H]([C@H](C)CCC(=O)O)[C@@]12C
ZINC000038469525,C[C@@H]1O[C@H](O[C@H]2Cc3c(O)cc(O)cc3O[C@@H]2c2ccc(O)c(O)c2)[C@H](O)[C@H](O)[C@H]1O
ZINC000038514138,C=C1C(=O)O[C@H]2[C@@H](OC(=O)/C(C)=C/C)[C@]3(C)[C@@H]([C@H](OC(=O)C(C)C)[C@@H]12)[C@](C)(O)CC[C@H]3O
ZINC000038515687,C[C@@]12CC[C@]3(C)C4=CC(=O)c5c(cc(O)c(O)c5C=O)[C@]4(C)CC[C@@]3(C)[C@@H]1C[C@](C)(C(=O)O)CC2
ZINC000038516246,COc1cc(O[C@@H]2O[C@H](COC(=O)c3cc(O)c(O)c(O)c3)[C@@H](O)[C@H](O)[C@H]2O)cc(OC)c1OC
ZINC000038520465,C=C(C)[C@@H]1CC=C2[C@H](CC[C@@]3(C)[C@H]([C@@H](C)CC/C=C(/C)C(=O)O)CC[C@]23C)[C@@]1(C)CCC(=O)O
ZINC000038595403,COC1=CC2=C3C=c4ccc(OC)c(OC)c4=CN3CCC2=CC1=O
ZINC000038605938,C=C1CC[C@H]2C(C)(C)[C@@H](O)CC[C@]2(C)[C@H]1CC[C@H]1C(=C)CC[C@H]2C(C)(C)[C@@H](O)CC[C@]12C
ZINC000038658474,C/C(C=O)=C\CC[C@@H](C)[C@H]1CC[C@@]2(C)C3=C(CC[C@]12C)[C@@]1(C)CC[C@H](O)C(C)(C)[C@@H]1CC3=O
ZINC000038661069,C[C@@H]1[C@H]2C3=CC[C@@H]4[C@@]5(C)CC[C@H](O)C(C)(C)[C@@H]5CC[C@@]4(C)[C@]3(C(=O)O)CC[C@@]2(C(=O)O)CC[C@H]1C
ZINC000038672526,C=C1C(=O)O[C@@H]2C[C@](C)(O)C(=O)C[C@H]12
ZINC000038690012,C=C[C@@]1(C)C=C2CC[C@H]3[C@@](C)(CC[C@@H](O)[C@]3(C)CO)[C@@H]2CC1
ZINC000038691315,CC1=C2C=C3CC[C@@H]4C(C)(C)CCC[C@@]4(C)[C@@H]3[C@@H](O)[C@H]2OC1=O
ZINC000038749537,COc1cc(O[C@@H]2O[C@H](CO)[C@@H](O)[C@H](O)[C@H]2O)c2c(=O)cc(-c3ccc(OC)c(OC)c3)oc2c1
ZINC000038749900,CC(C)C[C@@H]1c2c(O)c(C=O)c(O)c(C=O)c2O[C@@H](c2c(O)c(C=O)c(O)c(C=O)c2O)[C@@H]1C(C)C
ZINC000038765987,C=C1C(=O)O[C@H]2C[C@@H](C)[C@@H]3CC[C@H](O)[C@@]3(C)C[C@H]12
ZINC000038792177,COc1ccc([C@H]2O[C@@H](c3ccc4c(c3)OCO4)[C@H](C)[C@@H]2C)cc1OC
ZINC000038799467,CC(C)[C@H]1CC[C@H]2[C@]3(C)CC[C@@]4(C)[C@@H]5CCC(=O)C(C)(C)C5=CC[C@@H]4[C@@]3(C)CC[C@]12C
ZINC000038816510,COc1ccc(/C=C2/COc3cc(O)ccc3C2=O)cc1
ZINC000038841357,C[C@@H]1CC[C@]2(C(=O)O)CC[C@]3(C)C(=CC[C@@H]4[C@@]5(C)C=C(O)C(=O)C(C)(C)[C@@H]5CC[C@]43C)[C@@H]2[C@]1(C)O
ZINC000038842195,CC1(C)[C@@H](O)CC[C@@]2(C)[C@H]1CC[C@]1(C)[C@@H]2CC=C2[C@@H]3C[C@](C)(C(=O)O)CC[C@]3(C)CC[C@]21C
ZINC000038846721,C[C@H]1C(=O)[C@@]23C[C@@]14C=CCN1CC[C@@]2(c2ccccc2NC3=O)[C@@H]14
ZINC000038855405,Cc1cc2c(cc1O)[C@@]1(C)CC[C@H](O)C(C)(C)[C@@H]1CC2
ZINC000038858699,COC(=O)CCc1ccc(O)cc1O
ZINC000038865508,NC(=O)/C=C\c1ccc(O)c(O)c1
ZINC000038876020,COc1cc2c(cc1OC)[C@]13C[C@@H](OC)C=CC1=CCN3C[C@@H]2OC
ZINC000038877477,C=C1C(=O)O[C@@H]2C[C@@]3(C)CCC[C@@](C)(O)[C@@H]3[C@@H](O)[C@H]12
ZINC000038908691,O=C1c2c(O)cc(O[C@@H]3O[C@H](CO)[C@@H](O)[C@H](O)[C@H]3O)cc2O[C@H](c2ccc(O)cc2)[C@H]1O
ZINC000038910211,CC(C)=CCC/C(C)=C/Cc1c(O)c(O)c2oc3cc(O)cc(O)c3c(=O)c2c1CC=C(C)C
ZINC000038918080,COC(=O)C1=CO[C@@H](O)[C@H]2[C@@H]1C[C@H](O)[C@@H]2C
ZINC000038918836,CC(=O)[C@H]1CC[C@@H]2[C@@H]1[C@H](C(C)C)CC[C@@]2(C)O
ZINC000038927675,C[C@]1(O)C[C@H]2OC(=O)[C@H](COC(=O)c3ccccc3)[C@H]2CC1=O
ZINC000038943867,C=C(C)[C@@H]1CC[C@]2(C(=O)OC)CC[C@]3(CO)[C@H](CC[C@@H]4[C@@]5(C)CC[C@@H](O)C(C)(C)[C@@H]5CC[C@]43C)[C@@H]12
ZINC000038944336,CC(=O)O[C@H]1CCC(C)(C)[C@]2(O)[C@@H](OC(C)=O)[C@H](OC(C)=O)[C@@H]3[C@H](Cc4occc4[C@@]3(C)O)[C@@]12C
ZINC000038956224,C=C[C@@](C)(/C=C/c1ccc(O)c(O)c1)CCC=C(C)C
ZINC000038991192,COC(=O)[C@@H]1c2ccoc2C[C@H]2[C@H]1[C@@H](O)C[C@@]1(O)C(C)(C)CC[C@H](OC(C)=O)[C@]21C
ZINC000038991229,N#C/C=C(/COC(=O)/C=C/c1ccc(O)cc1)CO[C@@H]1O[C@H](CO)[C@@H](O)[C@H](O)[C@H]1O
ZINC000038992159,COc1cc(-c2coc3cc(O[C@@H]4O[C@H](CO)[C@@H](O)[C@H](O)[C@H]4O)ccc3c2=O)ccc1O
ZINC000039012885,C=C1COC(=O)[C@]12C[C@]1(C)[C@@H](C)CC[C@H](OC(=O)/C=C\[S@](C)=O)[C@@H]1[C@H]2OC(C)=O
ZINC000039013169,CC[C@H](CC[C@@H](C)[C@H]1CC[C@H]2[C@@H]3C[C@@H](O)C4=C[C@@H](O)CC[C@]4(C)[C@H]3CC[C@@]21C)C(C)C
ZINC000039013540,O=C(/C=C/c1ccc(O)cc1)NCCCCNCCCNC(=O)/C=C/c1ccc(O)cc1
ZINC000039014143,CC1(C)C[C@H]2C3=CC[C@@H]4[C@@]5(C)CCC(=O)[C@](C)(CO)[C@@H]5CC[C@@]4(C)[C@]3(C)CC[C@@]2(C)[C@H](O)C1
ZINC000039027085,C=C1CC[C@H]2C(C)(C)CCC[C@]2(C)[C@H]1C/C=C1/C(=O)OC[C@H]1O
ZINC000039034569,C=C(C)[C@@H]1CC[C@]2(C(=O)O)CC[C@]3(C)[C@H](CC[C@@H]4[C@@]5(C)CC(=O)C(C)(C)[C@@H]5CC[C@]43C)[C@@H]12
ZINC000039084983,O=C(/C=C/C=C/c1ccc(O)cc1)CCc1ccc(O)cc1
ZINC000039094891,C=CCC1=C[C@@]2(OC)OC(=O)[C@@H](C1=O)[C@H](c1ccc3c(c1)OCO3)[C@H]2C
ZINC000039108084,CC[C@H](CC[C@@H](C)[C@H]1CC[C@H]2[C@H]3[C@H](CC[C@@]21C)[C@@]1(C)CC[C@H](O)CC1=C[C@@H]3OC)C(C)C
ZINC000039116923,C=C[C@](C)(O)CC/C=C(\C)C(=O)O
ZINC000039130605,C=C(CCC[C@H](C)CCC[C@H](C)CCCC(C)C)[C@H](O)CO
ZINC000039130606,C=C(CCC[C@H](C)CCC[C@@H](C)CCCC(C)C)[C@H](O)CO
ZINC000039137780,COc1c(C(C)C)cc(O)c2c1CC[C@H]1[C@@](C)(CO)C(=O)CC[C@]21C
ZINC000039145699,C=C(CO)[C@@H]1CC[C@H]2[C@]3(C)CC[C@H]([C@H](C)CC/C=C(\C)C=O)[C@@]3(C)CC[C@]23C[C@]13CCC(=O)O
ZINC000039170928,CC1(C)C[C@@H](O)[C@@]23CC[C@H](O)[C@@](C)(CC[C@H]12)C3
ZINC000039172751,CC1(C)CCC[C@@]2(C)[C@H]1C(=O)C=C(CO)[C@]2(O)CO
ZINC000039205618,C[C@@H]1CC[C@@]2(CO)C(C(=O)O)=CCC[C@@H]2[C@@]1(C)CCc1ccoc1
ZINC000039205941,C=C(C)[C@@H]1CC[C@]2(C)[C@H](CC[C@@H]3[C@@H]([C@]4(C)CC[C@@H](C(C)(C)O)O4)CC[C@]32C)[C@@]1(C)CCC(=O)O
ZINC000039216081,CCc1cc(O)c(C)c(=O)o1
ZINC000039245949,Cc1c(C(=O)O)c(=O)c2ccccc2n1C
ZINC000039268175,C/C(=C\CO)CC/C=C(\C)C(=O)O
ZINC000039271256,COc1ccoc1
ZINC000039560074,CC1(C)CC[C@]2(C(=O)O)CC[C@]3(C)C(=CC[C@@H]4[C@@]5(C)C[C@@H](O)[C@H](O)C(C)(C)[C@H]5CC[C@]43C)[C@H]2C1
ZINC000040163538,COc1cc([C@H]2OC[C@@H]3[C@H]2CO[C@H]3c2ccc(OC(C)=O)c(OC)c2)ccc1OC(C)=O
ZINC000040163549,COc1ccc2cc1Oc1ccc(cc1)C[C@H]1c3cc(c(OC)cc3CCN1C)Oc1c(O)c(OC)cc3c1[C@@H](C2)N(C)CC3
ZINC000040378969,CC1=C2CC[C@H]3[C@@](C)(CC[C@@]4(C)[C@@H]5C[C@@H](C)C(=O)[C@@H](O)[C@]5(C)CC[C@]34C)[C@@H]2C[C@H](O)C1=O
ZINC000040379468,C[C@@H](O)/C=C/[C@@]1(O)C(C)(C)C[C@H](O)C[C@@]1(C)O
ZINC000040379846,CC(=O)O[C@H]1CCC(C)(C)[C@]2(O)C[C@@H]3OC(=O)[C@@H]4c5ccoc5C[C@@H]([C@@H]34)[C@@]12C
ZINC000040380449,O=C1O[C@H]2C=C(CO)[C@@H](CO)[C@H]2[C@@H]1CO
ZINC000040391352,COc1cc2c(c(OC)c1OC)[C@H]1O[C@@H](CO)[C@H](O)[C@@H](O)[C@@H]1OC2=O
ZINC000040392440,CC(C)[C@@]1(O)C[C@@]2(O)[C@@]3(C)C[C@]4(O)O[C@@]5([C@H](O)[C@@H](C)CC[C@]35O)[C@@]2(O)[C@@]41C
ZINC000040392798,CC(=O)Oc1ccc(-c2oc3cc(OC(C)=O)cc(OC(C)=O)c3c(=O)c2OC(C)=O)cc1
ZINC000040393108,CC1(C)CC[C@]2(C)CC[C@]3(C)[C@H]4CC=C5[C@@H](CCC(=O)C5(C)C)[C@]4(C)CC[C@@]3(C)[C@@H]2C1
ZINC000040393738,C=C1C(=O)O[C@@H]2C[C@H](C)[C@@]3(O)CC[C@@](C)(C[C@@H](OC(=O)C(C)C)[C@@H]12)O3
ZINC000040412528,C=C(CO)[C@@H]1CC[C@]2(C)CC[C@]3(C)[C@H](CC[C@@H]4[C@@]5(C)CCC(=O)C(C)(C)[C@@H]5CC[C@]43C)[C@@H]12
ZINC000040420330,CC1(C)[C@H](O)CC[C@@]2(C)[C@H]1CC[C@]1(C)[C@@H]2CC=C2[C@@H]3C[C@](C)(C(=O)O)C[C@H](O)[C@]3(C)CC[C@]21C
ZINC000040420429,C[C@@]12CCC[C@@](C)(C(=O)O)[C@H]1CC[C@@]13C[C@@H](CC[C@H]12)[C@H](C(=O)O)C3
ZINC000040423387,C/C=C\[C@H](O)[C@H](O)C1=C(C)C(=O)[C@]2(O1)C(=O)N[C@@](OC)(C(=O)c1ccccc1)[C@@H]2O
ZINC000040584549,C/C(=C/CC[C@H](C)[C@@H]1CC[C@]2(C)C3=CC[C@H]4C(C)(C)[C@@H](O)CC[C@]4(C)[C@H]3CC[C@@]12C)C(=O)O
ZINC000040835715,COc1cc(CCCO)cc2ccoc12
ZINC000040836617,CC1(C)[C@H](O)CC[C@]2(C)[C@H]3CC[C@H]4[C@@](C)(CC[C@H]5[C@@](C)(CO)[C@H](O)CC[C@]45C)CC3=CC(=O)[C@@H]12
ZINC000040845735,O=C(/C=C/c1ccc(O)cc1)OC/C=C/c1ccccc1
ZINC000040848789,CCO[C@@H]1OC[C@@H](O)[C@H](O)[C@H]1O
ZINC000040865806,COc1cc([C@H]2Oc3c(OC)cc(/C=C/COC(C)=O)cc3[C@@H]2COC(C)=O)ccc1O
ZINC000040866680,CO[C@@H]1c2c(ccc3ccc(=O)oc23)OC(C)(C)[C@@H]1O
ZINC000040873773,CO[C@H]1c2c(ccc3ccc(=O)oc23)OC(C)(C)[C@@H]1O
ZINC000040874044,COC(=O)[C@H]1O[C@@H](Oc2cc(O)c3c(=O)cc(-c4ccc(O)cc4)oc3c2)[C@H](O)[C@@H](O)[C@@H]1O
ZINC000040879757,O=C(OC[C@H]1O[C@@H](Oc2ccc(O)cc2CO)[C@H](O)[C@@H](O)[C@@H]1O)c1ccccc1
ZINC000040880160,C[C@@H]1[C@H]2C3=CC[C@@H]4[C@@]5(C)CC[C@H](O)C(C)(C)[C@@H]5CC[C@@]4(C)[C@]3(C)CC[C@@]2(C=O)CC[C@H]1C
ZINC000040881068,OCc1cc(O)ccc1O[C@@H]1O[C@H](CO)[C@@H](O)[C@H](O)[C@H]1O
ZINC000040892569,C[C@]1(O)C[C@H](C[C@@]2(C)O[C@H]2COc2ccc3ccc(=O)oc3c2)OC1=O
ZINC000040894335,CC1(C)CC[C@]2(C)CC[C@]3(C)C(=CC(=O)[C@@H]4[C@@]5(C)CCC(=O)C(C)(C)[C@@H]5CC[C@]43C)[C@@H]2C1
ZINC000040894341,COc1cc([C@@H]2Oc3c(OC)cc(/C=C/C=O)cc3[C@H]2CO)ccc1O
ZINC000040894591,CC1(C)CCC[C@@]2(C)[C@H]1CC=C1C(=O)O[C@@H](O)[C@@H]12
ZINC000040897880,CC(C)(O)[C@@H]1CC[C@@](C)([C@H]2CC[C@]3(C)[C@@H]2CC[C@@H]2[C@@]4(C)CC[C@H](O)C(C)(C)[C@@H]4CC[C@]23C)O1
ZINC000040934008,O=C(/C=C/c1ccc(O)c(O)c1)OC/C=C/c1ccccc1
ZINC000040934101,COc1cc(OC)c(C(=O)/C=C/c2ccc(O)cc2)c(O)c1C
ZINC000040934178,O=c1ccc2c(O[C@@H]3O[C@H](CO)[C@@H](O)[C@H](O)[C@H]3O)c3ccoc3c(O)c2o1
ZINC000040934587,CC[C@H](CC[C@@H](C)[C@H]1CC[C@H]2[C@@H]3[C@H](OC)C=C4C[C@@H](O)CC[C@]4(C)[C@H]3CC[C@@]21C)C(C)C
ZINC000040938655,COc1cc(O)c2c(=O)oc3c(O)c(O)cc(C)c3c2c1
ZINC000040953255,CC(=O)O[C@@]1(C)C[C@@H](O)[C@]2(O)C=CO[C@@H](O[C@@H]3O[C@H](CO)[C@@H](O)[C@H](O)[C@H]3O)[C@@H]12
ZINC000040973067,COc1ccc(-c2oc3c4c(cc(O)c3c(=O)c2O)OC(C)(C)CC4)cc1
ZINC000040979343,COc1cc(O)c2c(c1)-c1cc(O)c(O)cc1COC2=O
ZINC000040980852,CC1(C)CC[C@]2(C)CC[C@]3(C)[C@H]4CC=C5[C@@H](CC[C@H](O)C5(C)C)[C@]4(C)CC[C@@]3(C)[C@@H]2C1
ZINC000042803664,CC1=C(C)C(=O)O[C@@H]([C@](C)(O)[C@]2(O)CC[C@@]3(O)[C@@H]4C[C@H]5O[C@]56[C@@H](O)C=CC(=O)[C@]6(C)[C@H]4CC[C@]23C)C1
ZINC000042806008,COc1ccc(C[C@@H]2c3cc(Oc4cc(C[C@@H]5c6cc(O)c(OC)cc6CCN5C)ccc4O)c(OC)cc3CCN2C)cc1
ZINC000042834933,CC(C)(O)[C@@H]1CC[C@](C)([C@@H]2[C@@H](O)C[C@@]3(C)[C@@H]4C[C@H](O)[C@H]5C(C)(C)[C@@H](O)CC[C@@]56C[C@@]46CC[C@]23C)O1
ZINC000042835006,C/C=C(/C)C(=O)O[C@@H]1CC(C)(C)C[C@H]2C3=CC[C@@H]4[C@@]5(C)CCC(=O)C(C)(C)[C@@H]5CC[C@@]4(C)[C@]3(C)CC[C@]21C(=O)O
ZINC000042835384,Oc1cc(O)c2c(c1)O[C@H](c1ccc(O)c(O)c1)[C@H](O)[C@H]2c1c(O)cc2c(c1O)C[C@@H](O)[C@@H](c1ccc(O)c(O)c1)O2
ZINC000042851758,C=C(C)[C@@H]1CC[C@]2(C(=O)O)CC[C@]3(C)[C@H](CC[C@@H]4[C@@]5(C)C[C@@H](O)[C@H](O)C(C)(C)[C@@H]5CC[C@]43C)[C@@H]12
ZINC000042852273,C[C@@H]1CC[C@]2(C(=O)O)CC[C@]3(C)C(=CC[C@@H]4[C@@]5(C)[C@H](O)[C@@H](O)[C@@H](O)C(C)(C)[C@@H]5CC[C@]43C)[C@@H]2[C@]1(C)O
ZINC000042875583,C[C@@H]1CC[C@]2(C(=O)O)CC[C@]3(C)C(=CC[C@@H]4[C@@]5(C)CC[C@H](O)C(C)(C)[C@@H]5[C@H](O)C[C@]43C)[C@@H]2[C@]1(C)O
ZINC000042875886,COC(=O)[C@@]1(O)C[C@@H](O)[C@H](OC(=O)/C=C/c2ccc(O)c(O)c2)[C@H](OC(=O)/C=C/c2ccc(O)c(O)c2)C1
ZINC000042876689,C[C@@H]1CC[C@]2(C(=O)O)CC[C@]3(C)C(=CC[C@@H]4[C@@]5(C)C[C@@H](O)[C@H](O)[C@@](C)(CO)[C@@H]5CC[C@]43C)[C@@H]2[C@]1(C)O
ZINC000042877077,COc1cc2c(c(OC)c1OC)-c1c(cc3c(c1OC)OCO3)[C@H](OC(=O)c1ccccc1)[C@@](C)(O)[C@@H](C)C2
ZINC000042877500,CC(=O)O[C@H]1C[C@@]2(O)[C@@H](OC(C)=O)[C@H]3[C@@](C)([C@@H](O)C[C@H](OC(C)=O)[C@]34CO4)[C@@H](O)[C@H](OC(C)=O)C(=C1C)C2(C)C
ZINC000042878570,C=C1CC[C@H]2[C@@](C)(CC[C@@H](O)[C@@]2(C)CO[C@@H]2O[C@H](CO)[C@@H](O)[C@H](O)[C@H]2O)[C@@H]1C/C=C1/C(=O)OC[C@H]1O
ZINC000042887783,C[C@H]1[C@]2(O)CC[C@H]3[C@]4(C)CC[C@@]5(C)[C@@H]6C[C@](C)(C(=O)O)CC[C@]6(C)CC[C@]5(C)[C@H]4CC[C@@]31CO2
ZINC000042891385,C[C@@H]1CC[C@]2(C(=O)O)CC[C@]3(C)C(=CC[C@@H]4[C@@]5(C)CC[C@@H](O)[C@](C)(CO)[C@@H]5CC[C@]43C)[C@@H]2[C@]1(C)O
ZINC000042920327,C[C@H](O)C1=C[C@@]2(C=C[C@@H]3C(C(=O)O)=CO[C@@H](O[C@@H]4O[C@H](CO)[C@@H](O)[C@H](O)[C@H]4O)[C@@H]32)OC1=O
ZINC000042922807,C=C[C@H]1[C@H](O[C@@H]2O[C@H](CO)[C@@H](O)[C@H](O)[C@H]2O)OC=C(C(=O)O)[C@H]1C[C@@H]1NCCc2c1[nH]c1ccccc21
ZINC000043009609,CCCCCCCCC[C@H](O)CC(=O)CCc1ccc(O)c(OC)c1
ZINC000043071838,Cc1c(O)cc2occ(-c3ccc(O)cc3)c(=O)c2c1O
ZINC000043197010,C=C1C(=O)[C@]23C[C@H]1CC[C@H]2[C@@]12CO[C@]3(O)[C@@H](O)[C@@H]1C(C)(C)C=CC2=O
ZINC000043242049,CCCCCCCCCCCC[C@@H](O)[C@H]1CC[C@H]([C@H](O)CCCC[C@H](O)CCCCC[C@@H](O)CC2=C[C@H](C)OC2=O)O1
ZINC000043356690,C=C(CC[C@@H](C)[C@H]1CC[C@@]2(C)[C@@H]3CC[C@H]4[C@](C)(C(=O)O)[C@@H](O)C[C@H](O)[C@@]45C[C@@]35CC[C@]12C)C(C)C
ZINC000043509655,C[C@@H]1CC[C@@H]2C(C)(C)[C@H](O)CC[C@@]2(C)[C@]12Cc1c(O)cc3c(c1O2)CN=C3O
ZINC000043543817,CN[C@@H]1[C@@H](O)[C@@H](O[C@@H]2[C@@H](O)[C@H](O[C@H]3O[C@H]([C@@H](C)O)[C@@H](O)[C@H](O)[C@H]3N)[C@@H](N)C[C@H]2N)OC[C@]1(C)O
ZINC000043552589,O=C1C[C@@H](c2ccc(O)c(-c3c(O)cc(O)c4c(=O)cc(-c5ccc(O)cc5)oc34)c2)Oc2cc(O)cc(O)c21
ZINC000043552595,COc1ccc(-c2cc(=O)c3c(O)cc(O)c(-c4cc(-c5cc(=O)c6c(O)cc(O)cc6o5)ccc4O)c3o2)cc1
ZINC000043574732,C[C@@H]1CC[C@]2(C(=O)O)CC[C@]3(C)C(=CC[C@@H]4[C@@]5(C)C[C@@H](O)[C@H](O)C(C)(C)[C@@H]5CC[C@]43C)[C@@H]2[C@]1(C)O
ZINC000043606386,CC(C)=CCC[C@](C)(O)[C@H]1CC[C@]2(C)[C@@H]1[C@H](O)C[C@@H]1[C@@]3(C)CC[C@H](O)C(C)(C)[C@@H]3[C@@H](O)C[C@]12C
ZINC000043620416,CC(C)[C@@H](C)/C=C/[C@@H](C)[C@H]1CC[C@H]2C3=C[C@@H](O)[C@@]4(O)C[C@@H](O)CC[C@]4(C)[C@H]3CC[C@@]21C
ZINC000043721717,CC1(C)CC[C@@]2(C(=O)O)CC[C@@]3(C)C(=CC[C@H]4[C@]5(C)CC[C@H](O)[C@@](C)(CO)[C@H]5CC[C@@]43C)[C@H]2C1
ZINC000043860491,CN[C@H]1C[C@@H](N)[C@H](O)[C@@H](O[C@@H]2O[C@H](CO)[C@H](O)[C@@H]3O[C@]4(O[C@H]23)O[C@H]([C@@H](N)CO)[C@H](O)[C@H](O)[C@H]4O)[C@@H]1O
ZINC000043860492,CN[C@H]1C[C@@H](N)[C@H](O)[C@@H](O[C@@H]2O[C@H](CO)[C@H](O)[C@@H]3O[C@@]4(O[C@H]23)O[C@H]([C@@H](N)CO)[C@H](O)[C@H](O)[C@H]4O)[C@@H]1O
ZINC000043871947,CCCCCCCCCCCCCCCC(=O)OC
ZINC000044005644,C=C[C@H](O)C#CC#CC/C=C\CCCCCCC
ZINC000044031885,COc1ccc(-c2cc(=O)c3c(O)cc(OC)c(-c4cc(-c5cc(=O)c6c(O)cc(OC)cc6o5)ccc4OC)c3o2)cc1
ZINC000044264752,CC(C)=CCC[C@](C)(O)[C@H]1CC[C@]2(C)[C@H]1[C@H](O)C[C@@H]1[C@@]3(C)CC[C@H](O)C(C)(C)[C@@H]3[C@@H](O)C[C@]12C
ZINC000044280806,C[C@@H]1O[C@@H](O[C@H]2CC[C@]3(C=O)[C@H]4CC[C@]5(C)[C@@H](c6ccc(=O)oc6)CC[C@]5(O)[C@@H]4CC[C@]3(O)C2)[C@H](O)[C@H](O)[C@H]1O
ZINC000044281738,CC1=C[C@H]2c3c(O)cc(-c4cc5ccc(O)cc5o4)cc3O[C@@]3(c4ccc(O)cc4O)Oc4cc(O)ccc4[C@H](C1)[C@@H]23
ZINC000044305556,O=c1c(O[C@@H]2O[C@H](CO)[C@@H](O)[C@H](O)[C@H]2O[C@@H]2OC[C@@H](O)[C@H](O)[C@H]2O)c(-c2ccc(O)cc2)oc2cc(O)cc(O)c12
ZINC000044306213,CC(=O)O[C@H]1C(=O)[C@]2(CO)[C@@H](O)C[C@H]3OC[C@@]3(OC(C)=O)[C@H]2[C@H](OC(=O)c2ccccc2)[C@]2(O)C[C@H](O)C(C)=C1C2(C)C
ZINC000044351169,Oc1cc(O)c2c(c1)O[C@@]1(c3ccc(O)c(O)c3)Oc3cc(O)c4c(c3[C@@H]2[C@H]1O)O[C@H](c1ccc(O)c(O)c1)[C@@H](O)C4
ZINC000044352341,O=C(/C=C/c1ccccc1)OC[C@H]1O[C@@H](O[C@@H]2OC=C[C@H]3[C@H](O)[C@@H]4O[C@]4(CO)[C@@H]23)[C@H](O)[C@@H](O)[C@@H]1O
ZINC000044352451,C=C(C)[C@@H]1CC[C@]2(C(=O)O)CC[C@]3(C)[C@H](CC[C@@H]4[C@@]5(C)[C@@H](C(=O)O)[C@H](O)C(C)(C)[C@@H]5CC[C@]43C)[C@@H]12
ZINC000044359935,OC[C@H]1O[C@@H](Oc2cc(O)cc(/C=C/c3ccc(O[C@@H]4O[C@H](CO)[C@@H](O)[C@H](O)[C@H]4O)cc3O)c2)[C@H](O)[C@@H](O)[C@@H]1O
ZINC000044361247,COc1cc(C[C@H]2COC(=O)[C@@H]2Cc2ccc(O[C@@H]3O[C@H](CO)[C@@H](O)[C@H](O)[C@H]3O)c(OC)c2)ccc1O
ZINC000044362063,COc1cc([C@@H]2c3cc(O)c(OC)cc3C[C@H](CO)[C@H]2CO[C@@H]2O[C@H](CO)[C@@H](O)[C@H](O)[C@H]2O)ccc1O
ZINC000044386282,C[C@@H]1CC[C@]2(C(=O)O)CC[C@]3(C)C(=CC[C@@H]4[C@@]5(C)[C@H](O)C(=O)[C@H](O)C(C)(C)[C@@H]5CC[C@]43C)[C@@H]2[C@]1(C)O
ZINC000044386723,COC(=O)C1(O)C[C@@H](OC(=O)/C=C/c2ccc(O)c(O)c2)C(O)[C@H](OC(=O)/C=C/c2ccc(O)c(O)c2)C1
ZINC000044387328,CCCCCCCC/C=C\CCCCCCCc1cc(O)cc(O)c1
ZINC000044404209,O=C1C[C@@H](c2ccc(Oc3cc([C@@H]4CC(=O)c5c(O)cc(O)cc5O4)ccc3O)cc2)Oc2cc(O)cc(O)c21
ZINC000044404353,COc1cc([C@@H]2c3c(cc(OC)c(O)c3OC)C[C@H](CO)[C@H]2CO[C@@H]2OC[C@@H](O)[C@H](O)[C@H]2O)cc(OC)c1O
ZINC000044416776,CC/C=C\[C@H](OC(C)=O)[C@H](OC(C)=O)C1=C(C)C(=O)[C@]2(O1)C(O)=N[C@@](OC)(C(=O)c1ccccc1)[C@@H]2OC(C)=O
ZINC000044418163,CCCCCCCCCCCCCCCCCCOC(=O)/C=C/c1ccc(O)c(O)c1
ZINC000044431068,CC[C@@H]1[C@H]2CCCCN3[C@H]([C@@H]4C[C@H](C)C(=O)O4)C[C@@H]([C@@H]4[C@H](C)C(=O)O[C@@H]41)[C@@H]23
ZINC000044431492,C=C[C@@H](O)C#CC#C/C=C/[C@H](CCCCCCC)OO
ZINC000044602242,C=C1C(=O)O[C@@H]2C[C@]3(C)CCCC(=C)[C@@H]3C[C@H]12
ZINC000045337516,CC[C@H](C)CCCCCCCCCCCCCCCCCCCOC(=O)c1cccc(O)c1O
ZINC000045366407,C[C@@H]1O[C@H](Oc2cc(O)c3c(=O)c(O)c(-c4ccc(O)cc4)oc3c2O)[C@H](O)[C@H](O)[C@H]1O
ZINC000049017435,COc1cc([C@H]2c3cc(O)c(O)cc3C=C(C=O)[C@@H]2CO)ccc1O
ZINC000049033586,CO[C@@H]1C=C(CO)[C@](O)(CO)[C@@]2(C)CCCC(C)(C)[C@H]12
ZINC000049046972,CC1=CC(=O)[C@H]2C(C)(C)C[C@H](O)C[C@]2(C)[C@@]1(O)CO
ZINC000049051501,COc1cc(O[C@@H]2O[C@H](CO)[C@@H](O)[C@H](O)[C@H]2O)ccc1O
ZINC000049088142,CC(C)=CCc1c(O)c(CC=C(C)C)c2oc3c(c(=O)c2c1O)[C@@H](C=C(C)C)Oc1cc(O)c(O)cc1-3
ZINC000049088143,CC(C)=CCc1c(O)c(CC=C(C)C)c2oc3c(c(=O)c2c1O)[C@H](C=C(C)C)Oc1cc(O)c(O)cc1-3
ZINC000049112458,C=C1CC[C@H]2C(C)(C)CCC[C@]2(C)[C@H]1/C=C/C1=CCOC1=O
ZINC000049181795,CC(C)=CCc1c([C@@H]2CCc3ccc(O)cc3O2)ccc(O)c1O
ZINC000049538626,COc1cc(O)cc([C@@H]2CC(=O)c3c(O)cc(O[C@@H]4O[C@H](CO)[C@@H](O)[C@H](O)[C@H]4O[C@@H]4O[C@@H](C)[C@H](O)[C@@H](O)[C@H]4O)cc3O2)c1
ZINC000049563536,CC1=CC(=O)[C@H]2C(C)(C)[C@@H](O)CC[C@]2(C)[C@@]1(O)CO
ZINC000049600032,C/C=C/c1cc(OC)c2c(c1)[C@@H](C)[C@@H](c1ccc(O)c(OC)c1)O2
ZINC000049601775,COc1ccc(CCC(=O)n2cccc2)cc1
ZINC000049649416,C/C=C1/[C@H](O[C@@H]2O[C@H](CO)[C@@H](O)[C@H](O)[C@H]2O)OC=C(C(=O)OC)[C@@H]1CC(=O)OC[C@H]1O[C@@H](OCCc2ccc(O)cc2)[C@H](O)[C@@H](O)[C@@H]1O
ZINC000049649417,C/C=C1/[C@H](O[C@@H]2O[C@H](CO)[C@@H](O)[C@H](O)[C@H]2O)OC=C(C(=O)OC)[C@H]1CC(=O)OC[C@H]1O[C@@H](OCCc2ccc(O)cc2)[C@H](O)[C@@H](O)[C@@H]1O
ZINC000049650124,CC(=O)O[C@H]1C[C@]2(O)C(COC(=O)[C@H](OC(=O)CC(C)C)C(C)C)=CO[C@@H](OC(=O)CC(C)C)[C@H]2[C@@]1(O)COC(=O)[C@H](OC(=O)CC(C)C)C(C)C
ZINC000049650126,CC(=O)O[C@H]1C[C@]2(O)C(COC(=O)[C@H](OC(=O)CC(C)C)C(C)C)=CO[C@@H](OC(=O)CC(C)C)[C@@H]2[C@@]1(O)COC(=O)[C@H](OC(=O)CC(C)C)C(C)C
ZINC000049694862,COc1cc([C@@H]2OC[C@@H]3[C@H]2CO[C@H]3c2ccc(O[C@@H]3O[C@H](CO)[C@@H](O)[C@H](O)[C@H]3O)c(OC)c2)ccc1O
ZINC000049722871,CC(C)=CCC[C@](C)(O[C@@H]1O[C@H](CO)[C@@H](O)[C@H](O)[C@H]1O)[C@H]1CC[C@]2(C)[C@@H]1[C@H](O)C[C@@H]1[C@@]3(C)CC[C@H](O)C(C)(C)[C@@H]3[C@@H](O)C[C@]12C
ZINC000049723059,COc1cc([C@H]2c3c(cc(OC)c(O)c3OC)C[C@@H](CO)[C@@H]2CO[C@@H]2OC[C@@H](O)[C@H](O)[C@H]2O)cc(OC)c1O
ZINC000049746442,C[C@@H]1CC[C@]2(C(=O)O)CC[C@]3(C)C(=CC[C@@H]4[C@@]5(C)C[C@@H](O)[C@H](OC(=O)/C=C/c6ccc(O)cc6)C(C)(C)[C@@H]5CC[C@]43C)[C@@H]2[C@]1(C)O
ZINC000049767216,C[C@H](CC(=O)C[C@@H](C)[C@H]1C[C@H](O)[C@@]2(C)C3=C(C(=O)C[C@]12C)[C@@]1(C)CCC(=O)C(C)(C)[C@@H]1C[C@@H]3O)C(=O)O
ZINC000049767363,CC(C)[C@@]12C=C3CC[C@@H]4[C@](C)(CCC[C@@]4(C)C(=O)O)[C@]3(CC1)OO2
ZINC000049767861,COC(=O)CC[C@@H](C)[C@H]1CC[C@H]2[C@H]3[C@H](C[C@H](O)[C@@]21C)[C@@]1(C)CC[C@@H](O)C[C@H]1C[C@H]3O
ZINC000049769671,C/C=C(\C)C(=O)OC[C@]1(O)[C@H]2C[C@H]2[C@]2(C)[C@@H]3C[C@@]4(O)C5=C(C6=C(C)C(=O)O[C@]6(O)[C@H](O)[C@@]5(C)[C@@H]5C[C@@H]54)[C@@]34OC(=O)C(COC(C)=O)=C4C[C@@H]12
ZINC000049774940,C[C@@H]1O[C@@H](Oc2c(-c3ccc(O)cc3)oc3cc(O)cc(O)c3c2=O)[C@H](OC(=O)/C=C/c2ccc(O)cc2)[C@H](OC(=O)/C=C/c2ccc(O)cc2)[C@H]1O
ZINC000049775399,COc1cc(C(=O)OC[C@@]2(O)CO[C@@H](OC[C@H]3O[C@@H](Oc4cc(OC)c(OC)c(OC)c4)[C@H](O)[C@@H](O)[C@@H]3O)[C@@H]2O)cc(OC)c1O
ZINC000049775619,COc1cc([C@H]2OC[C@@H]3[C@@H](c4ccc(O[C@@H]5O[C@H](CO)[C@@H](O)[C@H](O)[C@H]5O)c(OC)c4)OC[C@H]23)ccc1O
ZINC000049777867,C=C(C)[C@@H]1CC[C@]2(C(=O)O)CC[C@]3(C)[C@H](CC[C@@H]4[C@@]5(C)CC[C@H](OC(=O)/C=C/c6ccc(O)c(O)c6)C(C)(C)[C@@H]5CC[C@]43C)[C@@H]12
ZINC000049777989,COc1cc([C@H](O[C@@H]2O[C@H](CO)[C@@H](O)[C@H](O)[C@H]2O)[C@@H](CO)Oc2c(OC)cc(/C=C/CO)cc2OC)ccc1O
ZINC000049780464,C=C1C([C@@H](C)[C@H]2CC=C(C)C(=O)O2)=CC[C@@]2(C)[C@@H]3C[C@@H](OC(C)=O)[C@@H]4C(=C[C@@]3(O)C[C@@H]12)C=CC(=O)OC4(C)C
ZINC000049784560,C/C=C(\C)C(=O)OC[C@]1(O)[C@H]2C[C@H]2[C@]2(C)[C@@H]3C[C@@]4(O)C5=C(C6=C(C)C(=O)O[C@]6(O)[C@H](O)[C@@]5(C)[C@@H]5C[C@@H]54)[C@@]34OC(=O)C(CO)=C4C[C@@H]12
ZINC000049793116,C=C1CC[C@H]2C(C)(C)CCC[C@]2(C)[C@H]1C/C=C1/C(=O)OC[C@@H]1O
ZINC000049793324,C[C@@H](CC(=O)C[C@@H](C)[C@H]1C[C@H](O)[C@@]2(C)C3=C(C(=O)C[C@]12C)[C@@]1(C)CCC(=O)C(C)(C)[C@@H]1C[C@@H]3O)C(=O)O
ZINC000049793376,COc1cc([C@H]2Oc3c(OC)cc(/C=C/CO)cc3[C@@H]2CO)ccc1O[C@@H]1O[C@H](CO)[C@@H](O)[C@H](O)[C@H]1O
ZINC000049808207,CC(C)(O)[C@H](O)Cc1cc2ccc(=O)oc2cc1O[C@@H]1O[C@H](CO)[C@@H](O)[C@H](O)[C@H]1O
ZINC000049823026,C[C@@H]1O[C@@H](O[C@H]2[C@H](Oc3c(-c4ccc(O)cc4)oc4cc(O)cc(O)c4c3=O)O[C@H](CO)[C@@H](O)[C@@H]2O)[C@H](O)[C@H](O)[C@H]1O
ZINC000049823044,C[C@@H]1[C@H]2C3=CC[C@@H]4[C@@]5(C)CC[C@H](O)C(C)(C)[C@@H]5CC[C@@]4(C)[C@]3(COC(=O)/C=C/c3ccc(O)cc3)CC[C@@]2(C(=O)O)CC[C@H]1C
ZINC000049823084,COc1cc(-c2oc3cc(O)cc(O)c3c(=O)c2O[C@@H]2O[C@H](CO)[C@@H](O)[C@H](O)[C@H]2O[C@@H]2O[C@@H](C)[C@H](O)[C@@H](O)[C@H]2O)ccc1O
ZINC000049823152,COc1ccc(-c2cc(=O)c3c(O)c(OC)c(O[C@@H]4O[C@H](CO[C@@H]5O[C@@H](C)[C@H](O)[C@@H](O)[C@H]5O)[C@@H](O)[C@H](O)[C@H]4O)cc3o2)cc1
ZINC000049823175,CC[C@H](C)[C@H]1C(=O)O[C@H](C(C)C)C(=O)N(C)[C@@H](C(C)C)C(=O)O[C@H](C(C)C)C(=O)N(C)[C@@H](C(C)C)C(=O)O[C@H](C(C)C)C(=O)N1C
ZINC000049823192,CCCCCCCCCCCCCC(=O)OCCC[C@@H]1/C(=C(/C)C=O)CC[C@](C)(O)[C@@]1(C)CC/C=C(\C)[C@H](O)C/C=C(\C)CCC=C(C)C
ZINC000049833002,CC[C@H](/C=C/[C@@H](C)[C@H]1CC[C@H]2[C@@H]3CC=C4C[C@@H](O[C@@H]5O[C@H](CO)[C@@H](O)[C@H](O)[C@H]5O)CC[C@]4(C)[C@H]3CC[C@@]21C)C(C)C
ZINC000049833286,CC(C)[C@@H](C)/C=C/[C@@H](C)[C@H]1CC[C@H]2[C@@]34C=C[C@]5(C[C@@H](O[C@@H]6O[C@H](CO)[C@@H](O)[C@H](O)[C@H]6O)CC[C@]5(C)[C@H]3CC[C@]12C)OO4
ZINC000049833556,COc1ccc(-c2cc(=O)c3c(O[C@@H]4O[C@H](CO[C@@H]5OC[C@@H](O)[C@H](O)[C@H]5O)[C@@H](O)[C@H](O)[C@H]4O)cc(OC)cc3o2)cc1
ZINC000049841125,C[C@@H]1CC[C@]2(C(=O)O[C@@H]3O[C@H](CO)[C@@H](O)[C@H](O)[C@H]3O)CC[C@]3(C)C(=CC[C@@H]4[C@@]5(C)C[C@@H](O)[C@H](O)[C@@](C)(CO)[C@@H]5CC[C@]43C)[C@@H]2[C@]1(C)O
ZINC000049841246,COc1cc(/C=C/C(=O)OC[C@H](Cc2ccc(O)c(OC)c2)[C@H](COC(=O)/C=C/c2ccc(O)c(OC)c2)Cc2ccc(O)c(OC)c2)ccc1O
ZINC000049844716,CCCCCCCCC/C=C\CC/C=C/[C@@H](O)[C@H](CO[C@@H]1O[C@H](CO)[C@@H](O)[C@H](O)[C@H]1O)NC(=O)[C@H](O)CCCCCCCCCCCCCC
ZINC000049852136,CC(C)[C@H]1C(=O)O[C@H](C(C)C)C(=O)N(C)[C@@H](C(C)C)C(=O)O[C@H](C(C)C)C(=O)N(C)[C@@H](C(C)C)C(=O)O[C@H](C(C)C)C(=O)N1C
ZINC000049852137,CC(C)=CCC[C@](C)(O)[C@H]1CC[C@]2(C)[C@@H]1[C@H](O)C[C@@H]1[C@@]3(C)CC[C@H](O)C(C)(C)[C@@H]3[C@@H](O[C@@H]3O[C@H](CO)[C@@H](O)[C@H](O)[C@H]3O)C[C@]12C
ZINC000049853680,O=c1cc(-c2ccc(O)c(O)c2)oc2cc(O[C@@H]3O[C@H](CO)[C@@H](O)[C@H](O)[C@H]3O)c([C@@H]3O[C@H](CO)[C@@H](O)[C@H](O)[C@H]3O)c(O)c12
ZINC000049867504,O=C1Oc2cc(O)c3c(c2[C@]12c1c(O)cc(O)cc1O[C@@H]2c1ccc(O)cc1)O[C@H](c1ccc(O)cc1)[C@H](O)C3
ZINC000049872065,C=C1CC[C@H]2[C@@](C)(CC[C@@H](O)[C@@]2(C)CO[C@@H]2O[C@H](CO)[C@@H](O)[C@H](O)[C@H]2O)[C@@H]1CCC1=CCOC1=O
ZINC000049872145,C[C@@H]1[C@H]2C3=CC[C@@H]4[C@@]5(C)CC[C@@H](O)C(C)(C)[C@@H]5CC[C@@]4(C)[C@]3(C)CC[C@@]2(C)[C@@H](O)C[C@H]1C(=O)O
ZINC000049872304,CC(C)[C@@H]1C[C@@H](O)[C@H]2[C@@]1(C)CC[C@@]1(C)[C@H]3C(=CC[C@]21C)[C@@]1(C)CC[C@H](O)C(C)(C)[C@@H]1C[C@@H]3O
ZINC000049881936,CCCCCCCCCCCCCCCCCc1cc(O)cc(O)c1
ZINC000049888788,CC[C@H](CC[C@@H](C)[C@H]1CC[C@H]2[C@@H]3CC=C4C[C@@H](O[C@@H]5O[C@H](CO)[C@@H](O)[C@H](O)[C@H]5O)CC[C@]4(C)[C@H]3CC[C@@]21C)C(C)C
ZINC000049888876,COc1cc([C@H](O)[C@@H](COC(=O)/C=C/c2ccc(O)cc2)Oc2c(OC)cc(/C=C/COC(=O)/C=C/c3ccc(O)cc3)cc2OC)ccc1O
ZINC000049888963,O=C(/C=C\c1ccc(O)cc1)OC[C@H]1O[C@@H](Oc2c(-c3ccc(O)cc3)oc3cc(O)cc(O)c3c2=O)[C@H](O)[C@@H](O)[C@@H]1O
ZINC000049889356,C=C1C[C@@]23CC[C@H]4[C@@](C)(CCC[C@@]4(C)C(=O)O[C@@H]4O[C@H](CO)[C@@H](O)[C@H](O)[C@H]4O)[C@@H]2CC[C@]1(O[C@@H]1O[C@H](CO)[C@@H](O)[C@H](O)[C@H]1O)C3
ZINC000049889542,COc1ccc(CCO[C@@H]2O[C@H](CO)[C@@H](OC(=O)/C=C/c3ccc(O)c(OC)c3)[C@H](O[C@@H]3O[C@@H](C)[C@H](O)[C@@H](O)[C@H]3O)[C@H]2O)cc1O
ZINC000049898174,CC[C@@](C)(O)C(=O)N[C@@H]1CCCN1C(=O)[C@@H]1[C@@H](c2ccccc2)[C@@]2(O)c3c(OC)cc(OC)cc3O[C@]1(c1ccc(OC)cc1)[C@H]2O
ZINC000049898467,COc1ccc(C[C@H]2c3cc(OC)c(OC)c(O)c3CCN2C)cc1Oc1ccc(C[C@H]2c3cc(OC)c(OC)c(O)c3CCN2C)cc1
ZINC000049898792,C[C@@H]1O[C@@H](O[C@H]2[C@H](O)[C@@H](COC(=O)/C=C/c3ccc(O)c(O)c3)O[C@@H](OCCc3ccc(O)c(O)c3)[C@@H]2O)[C@H](O)[C@H](O)[C@H]1O
ZINC000049899423,COC(=O)c1c(CC=C(C)C)c(O[C@@H]2O[C@H](CO)[C@@H](O)[C@H](O)[C@H]2O)c2ccccc2c1O[C@@H]1O[C@H](CO)[C@@H](O)[C@H](O)[C@H]1O
ZINC000049899430,C[C@@H]1[C@H]2C3=CC[C@@H]4[C@@]5(C)CC[C@H](O[C@@H]6O[C@H](CO)[C@@H](O)[C@H](O)[C@H]6O)C(C)(C)[C@@H]5CC[C@@]4(C)[C@]3(C(=O)O)CC[C@@]2(C(=O)O)CC[C@H]1C
ZINC000049899431,C[C@@H]1CC[C@]2(C(=O)O[C@@H]3O[C@H](CO)[C@@H](O)[C@H](O)[C@H]3O)CC[C@]3(C)C(=CC[C@@H]4[C@@]5(C)CC[C@H](O)[C@@](C)(CO)[C@@H]5CC[C@]43C)[C@@H]2[C@]1(C)O
ZINC000049933061,CCCCc1oc2ccc(NS(C)(=O)=O)cc2c1C(=O)c1ccc(OCCCN(CCCC)CCCC)cc1
ZINC000052541469,COC(=O)C1=CCCN(C)C1
ZINC000053006806,CN[C@H]1[C@@H](O)[C@@H](NC)[C@H](O)[C@H]2O[C@@H]3O[C@H](C)CC(=O)[C@]3(O)O[C@H]12
ZINC000053147179,COc1ccc(C[C@H](N)C(=O)N[C@@H]2[C@@H](CO)O[C@@H](n3cnc4c(N(C)C)ncnc43)[C@@H]2O)cc1
ZINC000053147420,COC(=O)C1=CO[C@@H](C)[C@@H]2CN3CCc4c([nH]c5ccccc45)[C@@H]3C[C@H]12
ZINC000053147422,COC(=O)C1=CO[C@@H](C)[C@H]2CN3CCc4c([nH]c5ccccc45)[C@@H]3C[C@H]12
ZINC000053174616,COC(=O)C1=CO[C@@H](C)[C@@H]2CN3CCc4c([nH]c5ccccc45)[C@H]3C[C@H]12
ZINC000053195720,C[C@H]1C(=O)O[C@@H]2CCN3CC=C(COC(=O)[C@](C)(O)[C@]1(C)O)[C@H]23
ZINC000053201238,CC[C@]12C=CCN3CC[C@@]4(c5ccc(OC)cc5N(C)[C@H]4[C@@](O)(C(=O)OC)[C@@H]1OC(C)=O)[C@@H]32
ZINC000053201251,COC(=O)C1=CO[C@@H](C)[C@@H]2CN3CCc4c([nH]c5ccc(OC)cc45)[C@@H]3C[C@H]12
ZINC000053255716,NC[C@H]1O[C@H](O[C@@H]2[C@@H](N)C[C@@H](N)[C@H](O)[C@H]2O[C@@H]2O[C@H](CO)[C@@H](O)[C@H]2O)[C@H](N)[C@@H](O)[C@@H]1O
ZINC000053295424,O=C1C=C(CCc2ccccc2)O[C@H](C[C@H]2CC=CC(=O)O2)C1
ZINC000053313751,CC[C@]12C=CCN3CC[C@]4(C(=C(C(=O)OC)C1)Nc1cc(OC)ccc14)[C@@H]32
ZINC000055157330,NCCP(=O)(O)O
ZINC000055753309,COc1ccc2cc1Oc1ccc(cc1)C[C@H]1c3cc(OC)c(OC)c(c3CCN1C)Oc1c(O)c(OC)cc3c1[C@H](C2)N(C)CC3
ZINC000056870809,CN[C@@H]1[C@@H](O)[C@@H](O[C@@H]2[C@@H](O)[C@H](O[C@H]3OC(CN)=CC[C@H]3N)[C@@H](N)C[C@H]2N)OC[C@]1(C)O
ZINC000056871302,CC[C@]12C=CCN3CC[C@]4(C(=C(C(=O)OC)C1)Nc1ccccc14)[C@@H]32
ZINC000056871354,CC[C@]12C=CCN3CC[C@]4(C(=C(C(=O)OC)C1)Nc1cc(O)ccc14)[C@@H]32
ZINC000056874303,COC(=O)C1=CO[C@@H](O[C@@H]2O[C@H](CO)[C@@H](O)[C@H](O)[C@H]2O)[C@@H]2[C@H](C)O[C@@H](O)C[C@H]12
ZINC000056874329,COc1ccc([C@@H]2OC[C@@H]3[C@@H](c4ccc(O[C@@H]5O[C@H](CO)[C@@H](O)[C@H](O)[C@H]5O)c(OC)c4)OC[C@H]23)cc1OC
ZINC000056874331,COC1=C(C)[C@@H]2CC(=O)O[C@@H]3C[C@H]4[C@H](C)C[C@H](O)C(=O)[C@]4(C)[C@@H](C1=O)[C@@]32C
ZINC000056874786,N#C/C=C1/C=C[C@@H](O)[C@H](O)[C@H]1O[C@@H]1O[C@H](CO)[C@@H](O)[C@H](O)[C@H]1O
ZINC000056874814,CC(C)[C@H]1CC[C@H]2[C@]3(C)CC[C@@]4(C)[C@@H]5CC[C@H](O)C(C)(C)C5=CC[C@@H]4[C@@]3(C)CC[C@]12C
ZINC000056874935,CC1=C[C@H](O/C=C2/C(=O)O[C@@H]3C4=C(CCCC4(C)C)C[C@H]23)OC1=O
ZINC000056874950,O=C(/C=C/c1ccc(O)cc1)NCCCCN(CCCNC(=O)/C=C/c1ccc(O)cc1)C(=O)/C=C/c1ccc(O)cc1
ZINC000058519820,COC(=O)C1=CO[C@@H](O[C@@H]2O[C@H](CO)[C@@H](O)[C@H](O)[C@H]2O)[C@@H]2[C@H](C)O[C@@H](OC)C[C@H]12
ZINC000058582901,COC(=S)NCc1ccc(O[C@@H]2O[C@@H](C)[C@H](O)[C@@H](O)[C@H]2O)cc1
ZINC000058583525,CCCCCCCC/C=C\CCCCCCCC(=O)NCc1ccccc1
ZINC000058594092,COc1ccc(-c2cc(=O)c3c(O)cc(OC)c(-c4cc(-c5cc(=O)c6c(O)cc(OC)cc6o5)ccc4O)c3o2)cc1
ZINC000058638429,CCCCC/C=C/C/C=C/CCCCCCCC(=O)O[C@H](COC(=O)CCCCCCCCCCCCCCC)CO[P@@](=O)(O)OCC[N+](C)(C)C
ZINC000059064833,C=C(C)[C@@H]1CC[C@]2(C1)[C@H](C)[C@@H](O)[C@H](O)C[C@H]2CO
ZINC000059066606,CCCCCCCCCCCCCCCCCCCCCC[C@H](O)C(=O)N[C@H](CO)[C@H](O)[C@H](O)CCCCCCCCCCCCCC
ZINC000059091391,CC(C)=CCC/C(C)=C/Cc1c(O)ccc([C@@H]2CC(=O)c3c(O)cc(O)cc3O2)c1O
ZINC000059144714,CC(=O)O[C@H]1C[C@H](O)[C@]2(CO2)[C@H]2[C@H](OC(C)=O)[C@]3(C(C)(C)O)C[C@H](O)C(C)=C3[C@@H](O)[C@H](OC(=O)c3ccccc3)[C@]12C
ZINC000059213759,CC(=O)O[C@H]1CC[C@@]2(C)[C@@H](CC[C@@]3(C)C4=CC[C@@]5(C)CCC(C)(C)C[C@H]5[C@]4(C)[C@H]4O[C@H]4[C@H]23)C1(C)C
ZINC000059230365,C=C(C)[C@H](/C=C/[C@@H](C)[C@H]1CC[C@H]2[C@@H]3CC=C4C[C@@H](O)CC[C@]4(C)[C@H]3CC[C@@]21C)CC
ZINC000059585871,CC(C)=CCC[C@H](C)c1ccc(C)cc1
ZINC000059587075,C=C[C@H]1[C@H](O[C@@H]2O[C@H](CO)[C@@H](O)[C@H](O)[C@H]2O)OC=C2C(=O)O[C@H](OC)C[C@H]21
ZINC000059588219,CC(C)(O[C@@H]1O[C@H](CO)[C@@H](O)[C@H](O)[C@H]1O)[C@H]1Oc2ccc3ccc(=O)oc3c2[C@H]1O
ZINC000059588467,CC1=C(CCc2ccoc2)[C@@]2(C)CCCC(C)(C)C2=C(O)C1=O
ZINC000059588627,COc1cc2c(cc1O)C(=O)C[C@@H](c1ccc(O)cc1)O2
ZINC000059589003,CC1(C)[C@@H]2CC[C@@](C)(O)[C@@H]3CC[C@](C)(O)[C@H]3[C@@H]21
ZINC000059589055,C=CC[C@H]1C(=O)C=C(OC)[C@]2(OC)[C@H]1O[C@H](c1ccc3c(c1)OCO3)[C@H]2C
ZINC000059589077,C[C@@H]1O[C@@H](Oc2cc(O)c3c(=O)c(O)c(-c4ccc(O)cc4)oc3c2)[C@H](O)[C@H](O)[C@H]1O
ZINC000059660513,CCCCCCCCCCCCOC(=O)CS(=O)(=O)O
ZINC000059727956,O=c1c(-c2ccc(O)cc2)coc2c([C@@H]3O[C@H](CO[C@@H]4OC[C@](O)(CO)[C@H]4O)[C@@H](O)[C@H](O)[C@H]3O)c(O)ccc12
ZINC000059728582,O=c1c(-c2ccc(O)cc2)coc2cc(O[C@@H]3O[C@H](CO[C@@H]4OC[C@](O)(CO)[C@H]4O)[C@@H](O)[C@H](O)[C@H]3O)cc(O)c12
ZINC000059728627,CC(C)(O)[C@@H]1Cc2c(cc3occ(-c4ccc(O)cc4)c(=O)c3c2O)O1
ZINC000059728632,CC(C)(O)[C@H]1Cc2c(cc3occ(-c4ccc(O)cc4)c(=O)c3c2O)O1
ZINC000059737294,COc1ccc(-c2cc(=O)c3c(O)c(O[C@@H]4O[C@H](CO)[C@@H](O)[C@H](O)[C@H]4O)c(OC)cc3o2)cc1
ZINC000059737388,COc1ccc(-c2cc(=O)c3c(O)c(O[C@@H]4O[C@H](CO)[C@@H](O)[C@H](O)[C@H]4O[C@@H]4OC[C@@H](O)[C@H](O)[C@H]4O)c(OC)cc3o2)cc1
ZINC000059765889,COc1ccc(-c2oc3cc(O)cc(O)c3c(=O)c2O[C@@H]2O[C@H](CO)[C@@H](O)[C@H](O)[C@H]2O)cc1O
ZINC000059773669,COc1cc(O)c([C@@H](/C=C/C[C@@H](O)CCc2ccc(O)cc2)c2ccc(O)cc2)c(O)c1C(=O)/C=C/c1ccc(O)cc1
ZINC000059773784,COc1ccccc1/C=C/C(=O)c1c(OC)cc(O)c(OC)c1O
ZINC000059774038,COC1=CC(=O)/C(=C(\C=C\c2ccccc2)OC)C1=O
ZINC000059779679,CC1(C)[C@H](O)CC[C@]2(C)[C@H]3CC[C@@H]4[C@@](C)(CC[C@H]5[C@@](C)(CO)[C@H](O)CC[C@]45C)CC3=CC(=O)[C@@H]12
ZINC000059779681,CC1(C)[C@H](O)CC[C@]2(C)[C@H]3CC[C@@H]4[C@@](C)(CC[C@@H]5[C@@](C)(CO)[C@H](O)CC[C@@]54C)CC3=CC(=O)[C@@H]12
ZINC000059779691,CC1(C)[C@H](O)CC[C@]2(C)[C@H]3CC[C@H]4[C@@](C)(CC[C@@H]5[C@@](C)(CO)[C@H](O)CC[C@]45C)CC3=CC(=O)[C@@H]12
ZINC000059779788,O=C1C[C@H](c2ccc(O)c(-c3c(O)cc(O)c4c(=O)cc(-c5ccc(O)cc5)oc34)c2)Oc2cc(O)cc(O)c21
ZINC000059925934,CC1=CCC[C@H]2[C@@]1(C)[C@@H](OC(=O)c1cccnc1)[C@H](OC(=O)c1ccccc1)[C@](C)(O)[C@]2(C)/C=C/C1=CC(=O)OC1
ZINC000060050365,CCCCCCCCCCCCCCCCCCOC(=O)CCCCCCCCCCCCCCC
ZINC000060183170,NC[C@@H]1O[C@H](O[C@@H]2[C@@H](CO)O[C@@H](O[C@@H]3[C@@H](O)[C@H](N)C[C@H](N)[C@H]3O[C@H]3O[C@H](CO)[C@@H](O)[C@H](O)[C@H]3N)[C@@H]2O)[C@H](N)[C@@H](O)[C@@H]1O
ZINC000060292561,C[C@H](CCC(=O)NCCS(=O)(=O)O)[C@H]1CC[C@H]2[C@@H]3[C@H](CC[C@@]21C)[C@@]1(C)CC[C@@H](O)C[C@H]1C[C@H]3O
ZINC000061704564,O=C(/C=C/c1ccccc1)N1CC[C@H](O)C1
ZINC000061704565,O=C(/C=C/c1ccccc1)N1CC[C@@H](O)C1
ZINC000061947709,COC(=O)C1=CO[C@@H](O[C@@H]2O[C@H](CO)[C@@H](O)[C@H](O)[C@H]2O)[C@@H]2[C@@H]1C=C[C@@]2(O)CO
ZINC000061967678,COC(=O)C1=CO[C@@H](O[C@@H]2O[C@H](CO)[C@@H](O)[C@H](O)[C@H]2O)[C@H]2[C@H](C)O[C@@H](O)C[C@H]12
ZINC000062238181,CCCCCCCCCCCCCCC(O)CCCCCCCCCCCCCC
ZINC000064416900,COc1c(O)c(CC=C(C)C)cc2c1Oc1cc(O)c(CC=C(C)C)c(O)c1C(=O)O2
ZINC000064453567,CC[C@H](CC[C@@H](C)[C@H]1CC[C@H]2[C@@H]3C[C@@H](O)[C@@]4(O)C[C@@H](O)CC[C@]4(C)[C@H]3CC[C@@]21C)C(C)C
ZINC000064503465,Oc1ccc(/C=C/CC[C@H](O)CCc2ccc(O)c(O)c2)cc1
ZINC000064513896,C[C@@H]1CC[C@]2(C(=O)O)CC[C@]3(C)C(=CC[C@@H]4[C@@]5(C)C[C@H](O)[C@H](O)C(C)(C)[C@@H]5CC[C@]43C)[C@@H]2[C@]1(C)O
ZINC000064513898,CC(=O)O[C@H]1C[C@]2(O)C(COC(=O)[C@H](OC(=O)CC(C)C)C(C)C)=CO[C@@H](OC(=O)CC(C)C)[C@@H]2[C@@]1(O)CCl
ZINC000064516200,CCCCCCCCCCCCCCCCCCCCCCOC(=O)c1cccc(O)c1O
ZINC000064527818,Oc1ccc(/C=C/CC[C@@H](O)CCc2ccc(O)c(O)c2)cc1
ZINC000064527839,C[C@@H]1CC[C@]2(C(=O)O)CC[C@]3(C)C(=CC[C@@H]4[C@@]5(C)CC[C@H](O)[C@@](C)(CO)[C@@H]5CC[C@]43C)[C@@H]2[C@]1(C)O
ZINC000064528088,O=C(CC/C=C/c1ccc(O)cc1)CCc1ccc(O)cc1
ZINC000064858950,CCCCCCCCCCCCCCCC(=O)OCC
ZINC000065340058,COc1cc(OC)cc(-c2cccc(O)c2)c1
ZINC000066065896,CC(C)=C[C@H]1C[C@@H]([C@@H]2CC[C@]3(C)C4=CC[C@H]5C(C)(C)C(=O)CC[C@]5(C)[C@H]4CC[C@@]23C)CO1
ZINC000066099337,C=C1C(=O)O[C@H]2C[C@@H](C)[C@@H]3CC[C@H](O)[C@@]3(C)[C@@H](O)[C@H]12
ZINC000066100070,C=C1C(=O)O[C@H]2C=C(C)[C@@H]3CC[C@](C)(O)[C@@H]3C[C@H]12
ZINC000066102692,CCCCCCCCCCCCCc1cc(=O)c2ccccc2n1C
ZINC000066113544,COc1ccc([C@@H]2CC(=O)c3c(O)cc(O)c(CC=C(C)C)c3O2)cc1O
ZINC000066124199,C=CC(=C)CC[C@@H]1[C@@]2(C)CCC[C@](C)(COC(=O)/C=C/c3ccc(O)cc3)[C@@H]2CC[C@@]1(C)O
ZINC000066166674,CC(C)=CCc1c(O)cc(O)c2c(=O)c(O[C@@H]3O[C@@H](C)[C@H](O)[C@@H](O)[C@H]3O)c(-c3ccc(O)cc3)oc12
ZINC000066251708,CC1(C)CC[C@]2(C(=O)O)CC[C@]3(C)C(=CC[C@@H]4[C@@](C)(CCC(=O)O)[C@H](C(C)(C)O)CC[C@]43C)[C@@H]2C1
ZINC000066331858,C[C@H]1[C@@H](O)C[C@@H]2C(C(=O)O)=CO[C@@H](O[C@@H]3O[C@H](CO)[C@@H](O)[C@H](O)[C@H]3O)[C@H]21
ZINC000066331886,COC(=O)C1=CO[C@@H](O[C@@H]2O[C@H](CO)[C@@H](O)[C@H](O)[C@H]2O)[C@H]2[C@@H](C)CC(=O)[C@H]12
ZINC000066331891,C=C1[C@@H]2CC(=O)O[C@@H]3C[C@H]4C(C)=CC(=O)[C@@H](O)[C@]4(C)[C@H]4[C@]23CO[C@@]4(O)[C@@H]1O
ZINC000067810184,CCCCCCCCCCCCCC[C@@H](O)C(=O)N[C@@H](CO[C@@H]1O[C@H](CO)[C@@H](O)[C@H](O)[C@H]1O)[C@H](O)/C=C/CC/C=C(\C)CCCCCCCCC
ZINC000067902644,C[C@@H]1[C@H]2C3=CC[C@@H]4[C@@]5(C)CC[C@H](O[C@@H]6O[C@H](C)[C@@H](O)[C@H](O)[C@H]6O)C(C)(C)[C@@H]5CC[C@@]4(C)[C@]3(C(=O)O)CC[C@@]2(C(=O)O)CC[C@H]1C
ZINC000067902677,C[C@@H]1CC[C@]2(C(=O)O[C@@H]3O[C@H](CO)[C@@H](O)[C@H](O)[C@H]3O)CC[C@]3(C)C(=CC[C@@H]4[C@@]5(C)C[C@@H](O)[C@H](O)C(C)(C)[C@@H]5CC[C@]43C)[C@@H]2[C@]1(C)O
ZINC000067902737,C[C@@H]1CC[C@]2(C(=O)O)CC[C@]3(C)C(=CC[C@@H]4[C@@]5(C)C[C@@H](O)[C@H](O)[C@@](C)(CO)[C@H]5CC[C@]43C)[C@@H]2[C@]1(C)O
ZINC000067902744,O=C(OCc1ccccc1O[C@@H]1O[C@H](CO)[C@@H](O)[C@H](O)[C@H]1O)c1c(O)cccc1O[C@@H]1O[C@H](CO)[C@@H](O)[C@H](O)[C@H]1O
ZINC000067902761,COC(=O)C1=CO[C@@H](O[C@@H]2O[C@H](CO)[C@@H](O)[C@H](O)[C@H]2O)[C@@H]2[C@@H](C)CC(=O)[C@]12O
ZINC000067903011,COC(=O)C1=CO[C@@H](O[C@@H]2O[C@H](CO)[C@@H](O)[C@H](O)[C@H]2O)[C@H]2[C@]1(O)C[C@H](OC(=O)/C=C/c1ccccc1)[C@]2(C)O
ZINC000067903300,CCCCCCCCCc1cc(=O)c2ccccc2n1C
ZINC000067903318,COc1ccc([C@@H]2CC(=O)c3c(O)cc(O[C@@H]4O[C@H](CO[C@@H]5O[C@@H](C)[C@H](O)[C@@H](O)[C@H]5O)[C@@H](O)[C@H](O)[C@H]4O)cc3O2)cc1
ZINC000067903362,CC1(C)[C@H]2CCC3=C[C@@](C)([C@@H](O)CO)CC[C@H]3[C@]2(C)CC[C@H]1O[C@@H]1O[C@H](CO)[C@@H](O)[C@H](O)[C@H]1O
ZINC000067903379,O=c1cc(-c2ccc(O)cc2)oc2c([C@@H]3O[C@H](CO)[C@@H](O[C@@H]4O[C@H](CO)[C@@H](O)[C@H](O)[C@H]4O)[C@H](O)[C@H]3O)c(O)cc(O)c12
ZINC000067903631,CC(=O)O[C@@H]1C[C@H](O)[C@@]23CO[C@H](O)[C@]1(C)[C@@H]2C[C@@H](O)[C@]1(C)[C@@H]3C(=O)[C@H](OC(C)=O)[C@@]2(C)[C@H](c3ccoc3)C[C@H]3O[C@@]312
ZINC000067910375,C[C@@H]1[C@H]2C3=CC[C@@H]4[C@@]5(C)CC[C@H](O[C@@H]6O[C@@H](C)[C@H](O)[C@@H](O)[C@H]6O)C(C)(C)[C@@H]5CC[C@@]4(C)[C@]3(C(=O)O)CC[C@@]2(C(=O)O)CC[C@H]1C
ZINC000067910579,C=C[C@@](C)(O)CC/C=C(\C)C(=O)OC[C@H]1O[C@@H](Oc2cc(O)c3c(=O)cc(C)oc3c2)[C@H](O)[C@@H](O)[C@@H]1O
ZINC000067910642,C/C=C1\[C@H](O[C@@H]2O[C@H](CO)[C@@H](O)[C@H](O)[C@H]2O)OC=C(C(=O)OC)[C@H]1CC(=O)OC[C@H]1O[C@@H](OCCc2ccc(O)cc2)[C@H](O)[C@@H](O)[C@@H]1O
ZINC000067910874,CC(=O)OC(C)(C)/C=C/C(=O)[C@](C)(O)[C@H]1[C@H](O)C[C@@]2(C)[C@@H]3CC=C4[C@@H](C[C@H](O[C@@H]5O[C@H](CO)[C@@H](O)[C@H](O)[C@H]5O)C(=O)C4(C)C)[C@]3(C)C(=O)C[C@]12C
ZINC000067910988,COC(=O)C[C@@H]1C(C(=O)O)=CO[C@@H](O[C@@H]2O[C@H](CO)[C@@H](O)[C@H](O)[C@H]2O)/C1=C\COC(=O)/C=C/c1ccc(O)cc1
ZINC000067911140,O=C(/C=C/c1ccc(O)cc1)OCC1=C[C@@H]2OC(=O)C3=CO[C@@H](O[C@@H]4O[C@H](CO)[C@@H](O)[C@H](O)[C@H]4O)[C@H]1[C@@H]32
ZINC000067911565,CC(=O)O[C@H]1C[C@@]2(O)[C@@H](OC(C)=O)[C@@H]3[C@]4(OC(C)=O)CO[C@@H]4C[C@H](OC(C)=O)[C@@]3(C)[C@@H](OC(C)=O)[C@H](OC(C)=O)C(=C1C)C2(C)C
ZINC000067911623,COc1c2cc(c(O[C@@H]3O[C@H](CO)[C@@H](O)[C@H](O)[C@H]3O)c1OC)CCCC[C@H](O)CCc1ccc(O)c-2c1
ZINC000067912666,C[C@]1(OC(=O)/C=C/c2ccccc2)C[C@H](O)[C@]2(O)C=CO[C@@H](O[C@@H]3O[C@H](CO)[C@@H](O)[C@H](O)[C@H]3O)[C@H]12
ZINC000067912669,C[C@]1(OC(=O)/C=C/c2ccccc2)C[C@H](O)[C@]2(O)C=CO[C@@H](O[C@@H]3O[C@H](CO)[C@@H](O)[C@H](O)[C@H]3O)[C@@H]12
ZINC000067913006,CC1(C)[C@H](O)[C@H](O)C[C@]2(C)[C@H]3CC[C@H]4[C@@](C)(CC[C@H]5[C@@](C)(CO)[C@H](O)CC[C@]45C)CC3=CC[C@@H]12
ZINC000067913216,CCCCCCCCCCCCCCCCCC(=O)OC
ZINC000067913222,CC(=O)O[C@H](C[C@@H](C)[C@H]1C(=O)[C@H](O)[C@@]2(C)[C@@H]3CC[C@H]4C(C)(C)[C@@H](O[C@@H]5OC[C@H](O)[C@H](O)[C@H]5O)CC[C@@]45C[C@@]35CC[C@]12C)[C@@H]1OC1(C)C
ZINC000067913644,C=C1CC[C@@H]2[C@@](C)(CO[C@@H]3O[C@H](CO)[C@@H](O)[C@H](O)[C@H]3O)[C@H](O)CC[C@@]2(C)[C@@H]1CC/C(C)=C/CO[C@@H]1O[C@H](CO)[C@@H](O)[C@H](O)[C@H]1O
ZINC000067940726,COc1cc(C[C@@H](CO[C@@H]2O[C@H](CO)[C@@H](O)[C@H](O)[C@H]2O)[C@H](CO[C@@H]2O[C@H](CO)[C@@H](O)[C@H](O)[C@H]2O)Cc2ccc(O)c(OC)c2)ccc1O
ZINC000067957228,CCCCCCCCCC[C@@H](C(=O)O)[C@]1(C(=O)O)CCC(=O)O1
ZINC000067957230,CCCCCCCCCC[C@@H](C(=O)O)[C@@]1(C(=O)O)CCC(=O)O1
ZINC000067957232,CCCCCCCCCC[C@H](C(=O)O)[C@@]1(C(=O)O)CCC(=O)O1
ZINC000068248924,CC(C)(O)[C@@H]1CC[C@](C)([C@H]2[C@@H](O)C[C@@]3(C)[C@@H]4C[C@H](O)[C@H]5C(C)(C)[C@@H](O)CC[C@@]56C[C@@]46CC[C@]23C)O1
ZINC000070450809,COC(=O)C1=CO[C@@H](O[C@@H]2O[C@H](CO)[C@@H](O)[C@H](O)[C@H]2O)[C@H]2[C@@]3(C)O[C@H]3[C@@H](O)[C@]12O
ZINC000070450817,COc1cc([C@H]2c3cc(O)c(OC)cc3C[C@@H](CO)[C@@H]2CO[C@@H]2OC[C@@H](O)[C@H](O)[C@H]2O)ccc1O
ZINC000070450818,C[C@@]12C[C@@]3(O)O[C@@H](O1)[C@]1(COC(=O)c4ccccc4)[C@H]3C[C@]21O[C@@H]1O[C@H](COC(=O)c2ccccc2)[C@@H](O)[C@H](O)[C@H]1O
ZINC000070450867,CO[C@H]1CCN2[C@@H]3C=CC4=CC(=O)O[C@]4(C3)[C@@H]2C1
ZINC000070450992,COC(=O)[C@]12OC[C@@]34[C@H]1[C@@H](OC(=O)CC(C)C)C(=O)O[C@@H]3CC1=C(C)C(=O)C(O)=C[C@]1(C)[C@H]4[C@@H](O)[C@@H]2O
ZINC000070451152,C[C@H]1[C@@H]2[C@H](C[C@H]3[C@@H]4CC=C5C[C@@H](O)C[C@@H](O)[C@]5(C)[C@H]4CC[C@@]32C)O[C@]12CC[C@@H](C)CO2
ZINC000070454092,CC1(C)[C@@H](O)CC[C@]2(C)[C@H]3CC[C@H]4[C@@](C)(CC[C@H]5[C@@](C)(CO)[C@@H](O)CC[C@]45C)CC3=CC[C@@H]12
ZINC000070454188,C=C1C(=O)[C@]23[C@H](O)[C@H]1CC[C@@H]2[C@@]12CO[C@]3(O)[C@@H](O)[C@@H]1C(C)(C)CC[C@@H]2O
ZINC000070454234,C[C@@H]1CCC=C2C(=O)C[C@H]3OOC(C)(C)[C@H]3[C@]21C
ZINC000070454302,Cc1c(=O)c(=O)c2c3cnc4c(C)c(=O)c(=O)c(c5cnc1c52)c43
ZINC000070454391,COc1cc2c(c(OC)c1OC)-c1c3cc4c(c1OC[C@@H](C)[C@@](C)(O)C(=O)O[C@@H]2[C@@](C)(O)[C@@H](C)C3)OCO4
ZINC000070454473,C=C(C(=O)O)[C@@H]1CC[C@@H](C)[C@@H]2CC[C@@]3(C)O[C@H]3[C@@H]21
ZINC000070454679,CC(C)=CCC/C(C)=C/Cc1c(O)ccc(-c2oc3cc(O)cc(O)c3c(=O)c2CC=C(C)C)c1O
ZINC000070454680,CC(C)=CCc1cc(-c2cc(=O)c3c(O)cc(O)c(CC=C(C)C)c3o2)ccc1O
ZINC000070454698,C=C1[C@@H](O)C[C@H](OC(C)=O)[C@]2(C)[C@@H]1[C@H](OC(C)=O)[C@]1(C(C)(C)O)C[C@H](O)C(C)=C1[C@@H](O)[C@@H]2OC(=O)c1ccccc1
ZINC000070454810,COC(=O)C1(O)C[C@@H](O)C(OC(=O)/C=C/c2ccc(O)c(OC)c2)[C@H](O)C1
ZINC000070454829,CC[C@H]1[C@@H]2OC(=O)[C@@H](C)[C@@H]2[C@H]2C[C@H]([C@@H]3C[C@H](C)C(=O)O3)N3CCCC[C@H]1[C@H]23
ZINC000070454841,COc1cc(O)cc(CCc2ccccc2OC)c1
ZINC000070454955,Cc1cc2c(cc1O)[C@@]13CCCC(C)(C)[C@@H]1C[C@@H]2OC3
ZINC000070455015,C[C@@H]1C[C@@H](O)C=C2C(=O)C[C@H]3OOC(C)(C)[C@H]3[C@]21C
ZINC000070455017,CC(C)[C@]12CC[C@](C)(OO1)C1=C([C@@H]2O)[C@H](C)CC1=O
ZINC000070455218,CC(C)(O)C[C@H]1CC[C@]2(C)[C@H]1[C@@](C)(O)CC[C@H]2O
ZINC000070455321,COc1cc2c(cc1OC)[C@@H](Cc1ccc(O)c(Oc3cc4c(cc3OC)CCN(C)[C@@H]4Cc3ccc(O)cc3)c1)N(C)CC2
ZINC000070455423,COc1ccc(-c2oc3c(CC=C(C)C)c(O)cc(O)c3c(=O)c2O[C@@H]2O[C@@H](C)[C@H](O)[C@@H](O)[C@H]2O)cc1
ZINC000070455477,COc1ccc(-c2coc3cc(O[C@H]4O[C@H](CO)[C@@H](O)[C@H](O)[C@H]4O)ccc3c2=O)cc1O
ZINC000070455521,C/C(C=O)=C\CC[C@@H](C)[C@H]1CC[C@@]2(C)C3=C(CC[C@]12C)[C@@]1(C)CC[C@H](O)C(C)(C)[C@H]1CC3=O
ZINC000070457347,CC1=CC(=O)[C@@H](O)[C@@]2(C)[C@H]1C[C@H]1OC(=O)[C@H](O)[C@@]3(O)[C@]4(CO)OC[C@]13[C@@H]2[C@@H](O)[C@@H]4O
ZINC000070457415,C[C@@H]1CC[C@]2(C(=O)O)CC[C@]3(C)C(=CC[C@@H]4[C@@]5(C)[C@H](O)[C@@H](O)[C@H](O)C(C)(C)[C@@H]5CC[C@]43C)[C@@H]2[C@]1(C)O
ZINC000070457460,CC1=CC(=O)[C@@H](O)[C@@]2(C)[C@H]1[C@@H](O)[C@H]1OC(=O)[C@H](O)[C@@]3(O)[C@]4(CO)OC[C@]13[C@@H]2[C@@H](O)[C@@H]4O
ZINC000070466453,C=C1C[C@@]2(O)O[C@@]3(C[C@H]2C(C)C)[C@@H](C)CC[C@@H]13
ZINC000070666086,CC(=O)O[C@H]1C[C@@]2(O)[C@@H](OC(=O)c3ccccc3)[C@H]3[C@]4(OC(C)=O)CO[C@@H]4C[C@H](O)[C@@]3(C)[C@@H](O)[C@H](OC(C)=O)C(=C1C)C2(C)C
ZINC000070691758,CCN1C[C@]2(COC)CC[C@H](O)[C@@]34[C@@H]5C[C@@H]6[C@@H](OC)C[C@@](O)([C@H]5[C@H]6O)[C@@H]([C@H](OC)[C@H]23)[C@@H]14
ZINC000071281093,COc1c(O)cc2oc3cc(O)c4c(c3c(=O)c2c1CCC(C)(C)O)OC(C)(C)CC4
ZINC000071294596,COc1c(O)cc2oc3cc4c(c(O)c3c(=O)c2c1CCC(C)(C)OC=O)CCC(C)(C)O4
ZINC000071295210,COc1c(OC(C)=O)cc2c(c1OC(C)=O)[C@@H]1O[C@H](COC(C)=O)[C@@H](OC(C)=O)[C@H](OC(C)=O)[C@H]1OC2=O
ZINC000071297050,C[C@@H]1[C@H]2C3=CC[C@@H]4[C@@]5(C)C[C@@H](O)[C@@H](O)[C@@](C)(CO)[C@@H]5CC[C@@]4(C)[C@]3(C)CC[C@@]2(C(=O)O)CC[C@H]1C
ZINC000071316154,CC(=O)O[C@H]1[C@H](Oc2c(-c3ccc(O)cc3)oc3cc(O)cc(O)c3c2=O)O[C@H](CO)[C@@H](O)[C@@H]1O
ZINC000071329375,C=C(C)[C@@H]1CC[C@]2(C)CC[C@]3(C)[C@H](CC[C@@H]4[C@@]5(C)C[C@@H](O)[C@H](O)C(C)(C)[C@@H]5CC[C@]43C)[C@@H]12
ZINC000071329759,COc1cc(-c2coc3cc4c(cc3c2=O)C=CC(C)(C)O4)ccc1OC[C@@H](O)C(C)(C)O
ZINC000071335035,COc1cc(C(=O)O[C@@H]2C[C@](C)(O)[C@H]3[C@H](O[C@@H]4O[C@H](CO)[C@@H](O)[C@H](O)[C@H]4O)OC=C[C@H]32)ccc1O
ZINC000071404700,COc1ccc(-c2coc3cc(O[C@H]4O[C@H](CO)[C@@H](O)[C@H](O)[C@H]4O)cc(O)c3c2=O)cc1
ZINC000071766833,C=C[C@@]1(C)CC(=O)[C@@]2(O)[C@](C)(O1)[C@@H](O)[C@@H](OC(C)=O)[C@@H]1C(C)(C)CC[C@H](O)[C@@]12C
ZINC000071788540,CCCCCCCCCCCCCCCC(=O)OCC(O)COC(=O)CCCCCCCCCCCCCCC
ZINC000071789534,C=C(C)[C@@H]1CC[C@]2(C)[C@H](CC=C3[C@@H]4[C@@H](C)[C@H](C)CC[C@]4(C)CC[C@]32C)[C@@]1(C)CCC(=O)O
ZINC000071789808,COC(=O)C1=CO[C@@H](O[C@@H]2O[C@H](CO)[C@@H](O)[C@H](O)[C@H]2O)[C@@H]2[C@H](C)O[C@H](O)C[C@H]12
ZINC000071928291,NC[C@@H]1O[C@H](O[C@@H]2[C@@H](CO)O[C@@H](O[C@@H]3[C@@H](O)[C@H](N)C[C@H](N)[C@H]3O[C@H]3O[C@H](CN)[C@@H](O)[C@H](O)[C@H]3N)[C@@H]2O)[C@H](N)[C@@H](O)[C@@H]1O
ZINC000072108660,CCCCCCCc1c(O)cc(CC=C(C)C)c(O)c1C=O
ZINC000072115307,C[C@@H]1O[C@@H](Oc2c(-c3ccc(O)cc3)oc3cc(O)cc(O)c3c2=O)[C@H](OC(=O)/C=C/c2ccc(O)cc2)[C@H](O)[C@H]1OC(=O)/C=C/c1ccc(O)cc1
ZINC000072119914,C[C@H](CC[C@@H](O)C(C)(C)O)[C@H]1CC[C@@]2(C)[C@@H]3CC=C4[C@@H](CC[C@H](O)C4(C)C)[C@]3(C)[C@H](O)C[C@]12C
ZINC000072123057,COc1ccc([C@H]2Oc3cc(O)cc(O)c3C(=O)[C@H]2[C@@H]2C(=O)c3c(O)cc(O)cc3O[C@H]2c2ccc(O)cc2)cc1
ZINC000072124782,C[C@@H](CC(=O)[C@@H]1OC1(C)C)[C@@H]1CC[C@]2(C)C3=CC[C@H]4C(C)(C)C(=O)CC[C@]4(C)[C@H]3CC[C@@]12C
ZINC000072126028,CC1(C)C(=O)CC[C@]2(C)[C@H]3CC[C@@]4(C)[C@H](C5=CC(=O)NC5=O)CC[C@]4(C)C3=CC[C@@H]12
ZINC000072127552,CC1(C)[C@H](O)CC[C@]2(C)[C@H]3CC[C@@]4(C)[C@H](C5=CC(=O)NC5=O)CC[C@]4(C)C3=CC[C@@H]12
ZINC000072127826,CC1(C)C(=O)CC[C@]2(C)[C@H]3CC[C@@]4(C)[C@H]([C@H]5COC(=O)C5)CC[C@]4(C)C3=CC[C@@H]12
ZINC000072129809,CC(C)=CCC[C@](C)(O)[C@H]1CC[C@]2(C)[C@@H]1[C@H](O)C[C@@H]1[C@@]3(C)CC[C@H](O[C@@H]4O[C@H](CO)[C@@H](O)[C@H](O)[C@H]4O)C(C)(C)[C@@H]3CC[C@]12C
ZINC000072129824,CC(C)=CCC[C@@](C)(O)[C@H]1CC[C@]2(C)[C@@H]1[C@H](O)C[C@@H]1[C@@]3(C)CC[C@H](O[C@@H]4O[C@H](CO)[C@@H](O)[C@H](O)[C@H]4O)C(C)(C)[C@@H]3CC[C@]12C
ZINC000072170975,CC1(C)CC[C@]2(C(=O)O)CC[C@]3(C)C(=CC[C@@H]4[C@@]5(C)CCC(=O)[C@@](C)(CO)[C@@H]5CC[C@]43C)[C@@H]2C1
ZINC000072175944,CCCCCCCCCCCCCCCCCCCc1cc(O)cc(O)c1
ZINC000072176181,CCCCCCCCCCCCCCCCCCCCCc1cc(O)cc(O)c1
ZINC000072176874,COc1c(O)cc2c(c1O)[C@@H]1O[C@H](COC(=O)c3cc(O)c(O)c(O)c3)[C@@H](O)[C@H](O)[C@H]1OC2=O
ZINC000072177032,CCCCCCCCCCCCCCCCCCCCCCCc1cc(O)cc(O)c1
ZINC000072180374,CC(C)[C@@H](C)/C=C/[C@@H](C)[C@H]1CC[C@H]2C3=CC=C4C[C@@H](O[C@@H]5O[C@H](CO)[C@@H](O)[C@H](O)[C@H]5O)CC[C@]4(C)[C@H]3CC[C@@]21C
ZINC000072181388,CC(=O)O[C@H](CCc1ccc(O)cc1)C[C@@H](CCc1ccc(O)c(O)c1)OC(C)=O
ZINC000072184053,CC(=O)O[C@H](CCc1ccc(O)cc1)C[C@H](O)CCc1ccc(O)cc1
ZINC000072266948,COc1cc(/C=C/C(=O)O[C@H]2CC[C@@]3(C)[C@@H](CC[C@]4(C)[C@@H]3C=C[C@]35OC(=O)[C@@]6(CC[C@@H](C)[C@H](C)[C@H]63)CC[C@]54C)C2(C)C)ccc1O
ZINC000072320238,C=C[C@@H](O)C#CC#C/C=C/[C@@H](O)CCCCCCC
ZINC000072320239,C=C[C@@H](O)C#CC#C/C=C/[C@H](O)CCCCCCC
ZINC000072320248,O=C(CCc1ccc(O)c(O)c1)C[C@H](CCc1ccc(O)c(O)c1)O[C@@H]1O[C@H](CO)[C@@H](O)[C@H](O)[C@H]1O
ZINC000072320516,COc1c(O)cc2c(=O)oc3c(OC)c(O[C@@H]4O[C@H](CO)[C@@H](O)[C@H](O)[C@H]4O)cc4c(=O)oc1c2c34
ZINC000072320533,O=C(c1c(O)cc(O)cc1O)[C@H](c1coc2cc(O)cc(O)c2c1=O)C(c1ccc(O)cc1)c1ccc(O)cc1
ZINC000072320534,O=C(c1c(O)cc(O)cc1O)[C@@H](c1coc2cc(O)cc(O)c2c1=O)C(c1ccc(O)cc1)c1ccc(O)cc1
ZINC000072937984,C[C@H](CC/C=C(\CO)C(=O)O)[C@H]1CC[C@@]2(C)[C@@H]3CC[C@H]4C(C)(C)[C@@H](O)CC[C@@]45C[C@@]35CC[C@]12C
ZINC000072938014,C/C(=C\CC[C@@H](C)[C@H]1CC[C@@]2(C)[C@@H]3CC[C@H]4C(C)(C)[C@H](O)CC[C@@]45C[C@@]35CC[C@]12C)C(=O)O
ZINC000072940742,C[C@H](CC/C=C(\CO)C(=O)O)[C@H]1CC[C@@]2(C)[C@@H]3CC[C@H]4C(C)(C)C(=O)CC[C@@]45C[C@@]35CC[C@]12C
ZINC000073162060,C[C@H](CC(=O)C[C@@H](C)[C@H]1CC(=O)[C@@]2(C)C3=C(C(=O)[C@@H](O)[C@]12C)[C@@]1(C)CC[C@H](O)C(C)(C)[C@@H]1C[C@@H]3O)C(=O)O
ZINC000073162063,C[C@@H](CC(=O)C[C@@H](C)[C@H]1CC(=O)[C@@]2(C)C3=C(C(=O)[C@@H](O)[C@]12C)[C@@]1(C)CC[C@H](O)C(C)(C)[C@@H]1C[C@@H]3O)C(=O)O
ZINC000073220104,CCCCCCCCCCCCCCCCCCCCCCOC(=O)/C=C/c1ccc(O)c(O)c1
ZINC000073407472,C/C(=C\[C@@H](O)C[C@@H](C)[C@H]1CC[C@@]2(C)[C@@H]3CC[C@H]4C(C)(C)C(=O)CC[C@@]45C[C@@]35CC[C@]12C)C(=O)O
ZINC000073407474,C/C(=C\[C@H](O)C[C@@H](C)[C@H]1CC[C@@]2(C)[C@@H]3CC[C@H]4C(C)(C)C(=O)CC[C@@]45C[C@@]35CC[C@]12C)C(=O)O
ZINC000073413521,C/C(=C\CC[C@@H](C)[C@H]1CC[C@@]2(C)[C@@H]3CC[C@H]4C(C)(C)[C@@H](O)CC[C@@]45C[C@@]35CC[C@]12C)C(=O)O
ZINC000076164213,O=C(O)c1cccc(C[C@H](O)C(=O)O)c1
ZINC000077031588,Oc1ccc2c(c1)OCC(Cc1ccc(O)c(O)c1)=C2
ZINC000077031593,CC1=CC(=O)C[C@H](c2ccc(O)cc2)O1
ZINC000077031599,CC1=CC(=O)C[C@@H](c2ccc(O)cc2)O1
ZINC000077031606,COc1c(O)cc(O)c2c(=O)c3ccccc3n(C)c12
ZINC000077031611,O=C1C[C@@H](O)[C@@H](O)c2ccccc21
ZINC000077031618,O=C1C[C@@H](O)[C@H](O)c2ccccc21
ZINC000077031623,O=C1C[C@H](O)[C@@H](O)c2ccccc21
ZINC000077031627,O=C1C[C@H](O)[C@H](O)c2ccccc21
ZINC000077031632,CC(=O)Oc1ccc(/C=C/C(N)=O)cc1OC(C)=O
ZINC000077031639,CC(=O)Oc1cc(O)cc2oc(-c3ccccc3)cc(=O)c12
ZINC000077031686,COc1cc(C[C@H](O)CO)cc(OC)c1O
ZINC000077031689,COc1cc(C[C@@H](O)CO)cc(OC)c1O
ZINC000077031696,COc1c(OC(C)=O)cc(OC(C)=O)c2c(=O)cc(-c3ccccc3)oc12
ZINC000077256922,C[C@@H]1O[C@@H](OC[C@H]2O[C@@H](Oc3c(-c4ccc(O)c(O)c4)oc4cc(O)cc(O)c4c3=O)[C@H](O)[C@@H](O)[C@H]2O)[C@H](O)[C@H](O)[C@H]1O
ZINC000077268879,CC1(C)CC[C@]2(C(=O)O[C@@H]3O[C@H](CO)[C@@H](O)[C@H](O)[C@H]3O)CC[C@]3(C)C(=CC[C@@H]4[C@@]5(C)C[C@@H](O)[C@H](O)[C@@](C)(CO)[C@@H]5CC[C@]43C)[C@@H]2C1
ZINC000077272190,CC(=O)O[C@H]1C[C@@]2(O)[C@@H](OC(=O)c3ccccc3)[C@@H]3[C@]4(OC(C)=O)CO[C@@H]4C[C@@H](OC(C)=O)[C@@]3(C)[C@@H](OC(C)=O)[C@@H](OC(C)=O)C(=C1C)C2(C)C
ZINC000077311619,COc1ccc(-c2cc(=O)c3c(O)cc(O[C@@H]4O[C@H](CO)[C@@H](O)[C@H](O)[C@H]4O[C@@H]4O[C@@H](C)[C@H](O)[C@@H](O)[C@H]4O)cc3o2)cc1O
ZINC000078938681,C[C@H](CCC(=O)NCC(=O)O)[C@H]1CC[C@H]2[C@H]3[C@@H](O)C[C@@H]4C[C@H](O)CC[C@]4(C)[C@H]3CC[C@@]21C
ZINC000079216652,CO[C@H]1C[C@H](O[C@H]2CC[C@]3(C)[C@H]4CC[C@]5(C)[C@@H](C6=CC(=O)OC6)CC[C@]5(O)[C@@H]4CC[C@]3(O)C2)O[C@H](C)[C@H]1O[C@@H]1O[C@H](CO)[C@@H](O)[C@H](O)[C@H]1O
ZINC000079216653,C=C1C[C@@]23CC[C@H]4[C@@](C)(CCC[C@@]4(C)C(=O)O)[C@@H]2CC[C@]1(O[C@@H]1O[C@H](CO)[C@@H](O)[C@H](O)[C@H]1O[C@@H]1O[C@H](CO)[C@@H](O)[C@H](O)[C@H]1O)C3
ZINC000079216850,COc1ccc([C@@H]2CC(=O)c3c(O)cc(O[C@@H]4O[C@H](CO[C@@H]5O[C@@H](C)[C@H](O)[C@@H](O)[C@H]5O)[C@@H](O)[C@H](O)[C@H]4O)cc3O2)cc1OC
ZINC000080444472,CC1(C)CC[C@]2(C)CC[C@]3(C)C(=CC[C@@H]4[C@@]5(C)CC[C@H](O)[C@@](C)(CO)[C@H]5CC[C@]43C)[C@H]2C1
ZINC000082046436,CC(C)[C@@H]1[C@H]2C[C@@]3(C)[C@H](O)CC[C@](C)(O)[C@@H]3[C@H]21
ZINC000082048449,Cc1cc(O)cc(O[C@H]2O[C@H](CO)[C@@H](O)[C@H](O)[C@H]2O)c1
ZINC000082071923,N=C(O)NCCC(=O)O
ZINC000082092694,CC1(C)CCC[C@](C)([C@H]2CC[C@]3(C)[C@@H]2[C@H](O)C[C@@H]2[C@@]4(C)CC[C@H](O)C(C)(C)[C@@H]4[C@H](O)C[C@]23C)O1
ZINC000082123162,C[C@@]12CC(=O)[C@H]3C[C@]1(O)O[C@@H](O2)[C@H]3COC(=O)c1ccccc1
ZINC000082157710,C[C@@H]1C[C@H](O)C=C2C(=O)C=C[C@@H](O)[C@]21C
ZINC000084153866,COc1cc([C@@H]2c3c(cc(OC)c(O)c3OC)C[C@H](CO)[C@H]2CO[C@@H]2O[C@H](CO)[C@@H](O)[C@H](O)[C@H]2O)cc(OC)c1O
ZINC000084441937,CN(C)[C@@H]1C(O)=C(C(N)=O)C(=O)[C@@]2(O)C(O)=C3C(=O)c4c(O)cccc4[C@@](C)(O)[C@H]3C[C@@H]12
ZINC000084538298,COc1cc(OC)c(C(=O)[C@@H](C)O)cc1OC
ZINC000084596358,COC(=O)[C@]12OC[C@@]34[C@H]1[C@@H](OC(C)=O)C(=O)O[C@@H]3C[C@H]1[C@H](C)C(=O)C(O[C@@H]3O[C@H](CO)[C@@H](O)[C@H](O)[C@H]3O)=C[C@]1(C)[C@H]4[C@@H](O)[C@@H]2O
ZINC000084605258,COc1cc([C@@H]2OC[C@@H]3[C@H]2CO[C@H]3c2ccc3c(c2)OCO3)ccc1O
ZINC000084615182,COC(=O)C1=C2Nc3cc(OC)ccc3[C@@]23CCN2CC=C[C@@]([C@@H](C)O)(C1)[C@H]23
ZINC000084616331,CC(=O)[C@]1(O)CC[C@]2(O)[C@]3(O)CC=C4C[C@@H](O)CC[C@]4(C)[C@H]3C[C@@H](OC(=O)/C=C(\C)C(C)C)[C@]12C
ZINC000084652785,C=C(C=O)[C@@H]1CC[C@]2(C)CC[C@]3(C)[C@H](CC[C@@H]4[C@@]5(C)CC[C@H](O)C(C)(C)[C@@H]5CC[C@]43C)[C@@H]12
ZINC000084652884,COC(=O)C1=CO[C@@H](O[C@@H]2O[C@H](CO)[C@@H](O)[C@H](O)[C@H]2O)[C@@H]2[C@@]3(C)O[C@H]3[C@@H](O)[C@]12O
ZINC000084670401,CC[C@H](CC[C@@H](C)[C@H]1CC[C@H]2[C@@H]3[C@H](O)C=C4C[C@@H](O[C@@H]5O[C@H](CO)[C@@H](O)[C@H](O)[C@H]5O)CC[C@]4(C)[C@H]3CC[C@@]21C)C(C)C
ZINC000084709278,C=C(C)[C@@H](O)Cc1cc(-c2oc3cc(O)c(OC)c(O)c3c(=O)c2OC)cc(CC[C@H](C)CO)c1O
ZINC000084709280,C=C(C)[C@@H](O)Cc1cc(-c2oc3cc(O)c(OC)c(O)c3c(=O)c2OC)cc(CC[C@@H](C)CO)c1O
ZINC000084709282,C=C(C)[C@H](O)Cc1cc(-c2oc3cc(O)c(OC)c(O)c3c(=O)c2OC)cc(CC[C@H](C)CO)c1O
ZINC000084709284,C=C(C)[C@H](O)Cc1cc(-c2oc3cc(O)c(OC)c(O)c3c(=O)c2OC)cc(CC[C@@H](C)CO)c1O
ZINC000084711472,COc1c(-c2cc(CC=C(C)C)c(O)c(CC[C@H](C)CO)c2)oc2cc(O)cc(O)c2c1=O
ZINC000084711473,COc1c(-c2cc(CC=C(C)C)c(O)c(CC[C@@H](C)CO)c2)oc2cc(O)cc(O)c2c1=O
ZINC000084711474,COc1c(-c2ccc(O)c(CC[C@H](C)CO)c2)oc2cc(O)cc(O)c2c1=O
ZINC000084711477,COc1c(-c2ccc(O)c(CC[C@@H](C)CO)c2)oc2cc(O)cc(O)c2c1=O
ZINC000084713610,COc1c(O)cc2oc(-c3cc(CC=C(C)C)c(O)c(CC=C(C)C)c3)c(OC)c(=O)c2c1O
ZINC000084713616,COc1c(O)cc2oc(-c3cc(CC=C(C)C)c(O)c(CC[C@H](C)CO)c3)c(OC)c(=O)c2c1O
ZINC000084713617,COc1c(O)cc2oc(-c3cc(CC=C(C)C)c(O)c(CC[C@@H](C)CO)c3)c(OC)c(=O)c2c1O
ZINC000084730381,C=C1CC[C@]2(C(=O)O)CC[C@]3(C)C(=CC[C@@H]4[C@@]5(C)C[C@@H](O)[C@H](O)[C@@](C)(CO)[C@@H]5CC[C@]43C)[C@@H]2[C@H]1C
ZINC000085221717,CC1(C)CC[C@]2(C)CC[C@]3(C)C(=C2C1)CC[C@@H]1[C@@]2(C)CCC(=O)C(C)(C)[C@H]2CC[C@]13C
ZINC000085221721,CC(C)[C@@H](C)/C=C/[C@@H](C)[C@H]1CCC2=C3C=C[C@@]45C[C@@H]4CC[C@]5(C)[C@H]3CC[C@@]21C
ZINC000085221723,CC(C)[C@@H](C)/C=C/[C@@H](C)[C@H]1CCC2=C3C=C[C@]45C[C@H]4CC[C@]5(C)[C@H]3CC[C@@]21C
ZINC000085224969,O=C(O)[C@@H](O)[C@@H](O)c1ccc(O)cc1
ZINC000085224972,O=C(O)[C@@H](O)[C@H](O)c1ccc(O)cc1
ZINC000085224974,O=C(O)[C@H](O)[C@@H](O)c1ccc(O)cc1
ZINC000085224978,O=C(O)[C@H](O)[C@H](O)c1ccc(O)cc1
ZINC000085427689,COC1=C(OC)C(=O)C(C/C=C(\C)CC/C=C(\C)CC/C=C(\C)CC/C=C(\C)CC/C=C(\C)CC/C=C(\C)CC/C=C(\C)CC/C=C(\C)CC/C=C(\C)CCC=C(C)C)=C(C)C1=O
ZINC000085432544,CC[C@]1(O)C[C@@H]2CN(CCc3c([nH]c4ccccc34)[C@@](C(=O)OC)(c3cc4c(cc3OC)N(C)[C@H]3[C@@](O)(C(=O)OC)[C@H](OC(C)=O)[C@]5(CC)C=CCN6CC[C@]43[C@@H]65)C2)C1
ZINC000085475807,NC(=O)/C=C\c1ccc(O)cc1
ZINC000085486983,COc1cc([C@@H]2OC[C@@H]3[C@H]2CO[C@H]3c2cc(OC)c(O[C@@H]3O[C@H](CO)[C@@H](O)[C@H](O)[C@H]3O)c(OC)c2)cc(OC)c1O[C@@H]1O[C@H](CO)[C@@H](O)[C@H](O)[C@H]1O
ZINC000085488959,COC(=O)[C@]12OC[C@@]34[C@H]1[C@@H](OC(=O)/C=C(\C)C(C)C)C(=O)O[C@@H]3C[C@H]1C(C)=C(O[C@@H]3O[C@H](CO)[C@@H](O)[C@H](O)[C@H]3O)C(=O)C[C@]1(C)[C@H]4[C@@H](O)[C@@H]2O
ZINC000085491596,COc1ccc(-c2cc(=O)c3c(O)c(Oc4ccc(-c5cc(=O)c6c(O)cc(O)cc6o5)cc4)c(OC)cc3o2)cc1
ZINC000085492224,COc1cc2c(cc1O)[C@@H](Cc1ccc(O)c(Oc3ccc(C[C@@H]4c5cc(OC)c(OC)cc5CCN4C)cc3)c1)N(C)CC2
ZINC000085493565,CN1C[C@]2(C)CCC[C@@]34[C@@H]5C[C@@H]6CC[C@]5([C@H](O)[C@]6(O)CO)[C@@H](C[C@@H]32)[C@@H]14
ZINC000085493567,CC(=O)O[C@@]12CO[C@@H]1C[C@H](O)[C@]1(C)[C@H]2[C@H](OC(=O)c2ccccc2)[C@]2(C(C)(C)O)C[C@H](O)C(C)=C2[C@@H](O)[C@@H]1O
ZINC000085504689,C[C@@H]1O[C@@H](O[C@@H]2[C@@H](O)[C@H](OCCc3ccc(O)c(O)c3)O[C@H](CO[C@@H]3O[C@H](CO)[C@@H](O)[C@H](O)[C@H]3O)[C@H]2OC(=O)/C=C/c2ccc(O)c(O)c2)[C@H](O)[C@H](O)[C@H]1O
ZINC000085504938,CC(C)=CCc1c(O[C@@H]2O[C@H](CO)[C@@H](O)[C@H](O)[C@H]2O)cc(O)c2c(=O)c(O[C@@H]3O[C@@H](C)[C@H](O)[C@@H](O)[C@H]3O)c(-c3ccc(O)cc3)oc12
ZINC000085507930,C[C@@H]1O[C@@H](O[C@H]2[C@H](O[C@H]3CC[C@@]4(C)[C@@H](CC[C@]5(C)[C@@H]4CC=C4[C@@H]6CC(C)(C)CC[C@]6(C(=O)O)CC[C@]45C)C3(C)C)OC[C@H](O)[C@@H]2O)[C@H](O)[C@H](O)[C@H]1O
ZINC000085508101,CCCCCCCCCCCCCCCCCCCCCCCCCCOC(=O)/C=C/c1ccc(O)c(OC)c1
ZINC000085508124,CCCCCCCCCCCCCCCC(=O)OCC1=C[C@@H]2C(=O)[C@]3(C=C(C)[C@H](O)[C@@]3(O)[C@@H]1O)[C@H](C)C[C@@H]1[C@H]2C1(C)C
ZINC000085511731,CC1(C)[C@H](O)CC[C@]2(C)[C@H]3CC[C@H]4[C@@](C)(CC[C@H]5[C@@](C)(CO)[C@H](O)CC[C@]45C)CC3=CC[C@@H]12
ZINC000085529959,COc1cc(C[C@H]2c3cc(OC)c(OC)c(OC)c3CCN2C)c(Oc2cc3c(cc2OC)-c2c(OC)c(OC)c(OC)c4c2[C@H](C3)N(C)CC4)cc1OC
ZINC000085531309,C[C@@]12C[C@@]3(O)O[C@@H](O1)[C@]1(COC(=O)c4ccc(O)cc4)[C@H]3C[C@]21O[C@@H]1O[C@H](CO)[C@@H](O)[C@H](O)[C@H]1O
ZINC000085531601,COc1cc2c(=O)c3c(O)c([C@@H]4O[C@H](CO[C@@H]5OC[C@](O)(CO)[C@H]5O)[C@@H](O)[C@H](O)[C@H]4O)c(O)cc3oc2cc1O
ZINC000085534336,CC[C@H]1OC(=O)[C@H](C)[C@@H](O[C@H]2C[C@@](C)(OC)[C@@H](O)[C@H](C)O2)[C@H](C)[C@@H](O[C@@H]2O[C@H](C)C[C@H](N(C)C)[C@H]2O)[C@](C)(O)C[C@@H](C)C(=O)[C@H](C)[C@@H](O)[C@]1(C)O
ZINC000085536932,CO[C@H]1C[C@H]2OC[C@@]2(OC(C)=O)[C@H]2[C@H](OC(=O)c3ccccc3)[C@]3(O)C[C@H](OC(=O)[C@H](O)[C@@H](NC(=O)OC(C)(C)C)c4ccccc4)C(C)=C([C@@H](OC)C(=O)[C@]12C)C3(C)C
ZINC000085537026,CC[C@H]1OC(=O)[C@H](C)[C@@H](O[C@H]2C[C@@](C)(OC)[C@@H](O)[C@H](C)O2)[C@H](C)[C@@H](O[C@@H]2O[C@H](C)C[C@H](N(C)C)[C@H]2O)[C@](C)(O)C[C@@H](C)CN(C)[C@H](C)[C@@H](O)[C@]1(C)O
ZINC000085537042,C[C@H]1O[C@H](O[C@@H]2[C@@H](CO)O[C@H](O[C@@H]3[C@@H](CO)O[C@@H](O)[C@H](O)[C@H]3O)[C@H](O)[C@H]2O)[C@H](O)[C@@H](O)[C@@H]1N[C@H]1C=C(CO)[C@@H](O)[C@H](O)[C@H]1O
ZINC000085537053,CC(=O)O[C@@]12CO[C@@H]1C[C@H](O)[C@@]1(C)C(=O)[C@H](O)C3=C(C)[C@@H](OC(=O)[C@H](O)[C@@H](NC(=O)OC(C)(C)C)c4ccccc4)C[C@@](O)([C@@H](OC(=O)c4ccccc4)[C@@H]12)C3(C)C
ZINC000085539971,COc1cc2oc(-c3ccc(O)cc3)cc(=O)c2c(O)c1[C@@H]1O[C@H](CO)[C@@H](O)[C@H](O)[C@H]1O[C@@H]1O[C@H](CO)[C@@H](O)[C@H](O)[C@H]1O
ZINC000085540908,O=C(OC[C@H]1O[C@@H](OC(=O)c2cc(O)c(O)c(O)c2)[C@H](OC(=O)c2cc(O)c(O)c(O)c2)[C@@H](OC(=O)c2cc(O)c(O)c(O)c2)[C@@H]1O)c1cc(O)c(O)c(O)c1
ZINC000085541011,COc1ccc2cc1Oc1ccc(cc1)C[C@@H]1c3cc(c(OC)cc3CCN1C)Oc1c(OC)c(OC)c(O)c3c1[C@@H](C2)N(C)CC3
ZINC000085541027,COc1ccc2cc1Oc1ccc(cc1)C[C@H]1c3c(c(OC)c(OC)c(OC)c3Oc3cc4c(cc3OC)CCN(C)[C@@H]4C2)CCN1C
ZINC000085541135,COc1ccc(C[C@H]2COC(=O)[C@]2(O)Cc2ccc(O[C@@H]3O[C@H](CO)[C@@H](O)[C@H](O)[C@H]3O)c(OC)c2)cc1OC
ZINC000085542170,COC(=O)[C@]12OC[C@@]34[C@H]1[C@@H](OC(=O)CC(C)C)C(=O)O[C@@H]3C[C@H]1[C@H](C)C(=O)C(O[C@@H]3O[C@H](CO)[C@@H](O)[C@H](O)[C@H]3O)=C[C@]1(C)[C@H]4[C@@H](O)[C@@H]2O
ZINC000085542179,COC(=O)[C@]12OC[C@@]34[C@H]1[C@@H](OC(=O)/C=C(\C)C(C)(C)O)C(=O)O[C@@H]3C[C@H]1[C@H](C)C(=O)C(O[C@@H]3O[C@H](CO)[C@@H](O)[C@H](O)[C@H]3O)=C[C@]1(C)[C@H]4[C@@H](O)[C@@H]2O
ZINC000085542204,COC(=O)[C@]12OC[C@@]34[C@H]1[C@@H](OC(=O)/C=C(\C)C(C)(C)OC(C)=O)C(=O)O[C@@H]3C[C@H]1[C@H](C)C(=O)C(O[C@@H]3O[C@H](CO)[C@@H](O)[C@H](O)[C@H]3O)=C[C@]1(C)[C@H]4[C@@H](O)[C@@H]2O
ZINC000085542207,COC(=O)[C@]12OC[C@@]34[C@H]1[C@@H](OC(C)=O)C(=O)O[C@@H]3C[C@H]1C(C)=C(O[C@@H]3O[C@H](CO)[C@@H](O)[C@H](O)[C@H]3O)C(=O)C[C@]1(C)[C@H]4[C@@H](O)[C@@H]2O
ZINC000085542227,COC(=O)[C@]12OC[C@@]34[C@H]1[C@@H](OC(=O)/C=C(\C)C(C)(C)O)C(=O)O[C@@H]3C[C@H]1C(C)=C(O[C@@H]3O[C@H](CO)[C@@H](O)[C@H](O)[C@H]3O)C(=O)C[C@]1(C)[C@H]4[C@@H](O)[C@@H]2O
ZINC000085544384,OC[C@H]1O[C@@](CO)(O[C@H]2O[C@H](CO[C@H]3O[C@H](CO[C@H]4O[C@H](CO)[C@H](O)[C@H](O)[C@H]4O)[C@H](O)[C@H](O)[C@H]3O)[C@@H](O)[C@H](O)[C@H]2O)[C@@H](O)[C@@H]1O
ZINC000085544559,C[C@H](CCC(=O)NCCS(=O)(=O)O)[C@H]1CC[C@H]2[C@@H]3[C@H](C[C@H](O)[C@@]21C)[C@@]1(C)CC[C@@H](O)C[C@H]1C[C@H]3O
ZINC000085545180,CCCCCCCC/C=C\CCCCCCCC(=O)OCC(COC(=O)CCCCCCC/C=C\CCCCCCCC)OC(=O)CCCCCCC/C=C\CCCCCCCC
ZINC000085552699,C[C@@H]1O[C@@H](OC[C@H]2O[C@@H](Oc3c(-c4ccc(OCCO)c(OCCO)c4)oc4cc(OCCO)cc(O)c4c3=O)[C@H](O)[C@@H](O)[C@@H]2O)[C@H](O)[C@H](O)[C@H]1O
ZINC000085559653,CC1(C)CC(=O)[C@]2(C)CC[C@]3(C)C(=CC[C@@H]4[C@@]5(C)CCC(=O)[C@](C)(CO)[C@@H]5CC[C@]43C)[C@@H]2C1
ZINC000085564437,CC1(C)O[C@@]23CC[C@@]4(C)[C@@](O)(CC[C@H]5Cc6c([nH]c7ccccc67)[C@@]54C)C2=CC(=O)[C@@H]1O3
ZINC000085566876,CC1=C2NC(C)(C)CC2=NC(C)(C)C1=O
ZINC000085570799,COc1ccc(-c2cc(=O)c3c(O)cc(O)c(-c4cc([C@@H]5CC(=O)c6c(O)cc(O)cc6O5)ccc4O)c3o2)cc1
ZINC000085570811,COc1cc(O)c2c(c1)O[C@H](c1ccc(OC)c(-c3c(O)cc(O)c4c(=O)cc(-c5ccc(O)cc5)oc34)c1)CC2=O
ZINC000085570830,COc1ccc(-c2cc(=O)c3c(O)cc(O)c(-c4cc([C@@H]5CC(=O)c6c(O)cc(OC)cc6O5)ccc4OC)c3o2)cc1
ZINC000085586087,CC(=O)O[C@H]1C[C@H]([C@H](C)CC/C=C(\C)C(=O)O)[C@@]2(C)CC=C3C(=CC[C@H]4C(C)(C)C(=O)CC[C@]34C)[C@]12C
ZINC000085591205,CCCCCCCCCCCCCC(=O)OCC(COC(=O)CCCCCCCCCCCCC)OC(=O)CCCCCCCCCCCCC
ZINC000085592174,OC[C@H]1O[C@H](O[C@]2(CO[C@]3(CO[C@]4(CO)O[C@H](CO)[C@@H](O)[C@@H]4O)O[C@H](CO)[C@@H](O)[C@@H]3O)O[C@H](CO)[C@@H](O)[C@@H]2O)[C@H](O)[C@@H](O)[C@@H]1O
ZINC000085594027,COC(=O)c1c(O)cc(Cl)c2oc3cc(C)cc(O)c3c(=O)c12
ZINC000085596838,CC(C)C1=C(c2c[nH]c3ccccc23)[C@@H]2[C@H](C)C[C@@H](O)[C@@]3(C)[C@H](C)CC[C@H](O)[C@@]23CC1
ZINC000085599858,CC(C)=CCC[C@]1(C)CC[C@]2(C)[C@@H]3CC[C@]4(C)[C@H](C)C(=O)CC[C@@H]4[C@@]3(C)CC[C@@]2(C)C1
ZINC000085602366,C=C[C@]1(C)C=C2CC[C@H]3C(C)(C)[C@@H](O)CC[C@]3(C)[C@H]2CC1
ZINC000085613199,CCCCCCCCCCCCCCCCCCCCOC(=O)/C=C/c1ccc(O)c(O)c1
ZINC000085616853,CC[C@H](O)[C@H](O)C/C=C/C/C=C/CCCCCCCC(=O)O
ZINC000085636470,C=C1C(=O)O[C@@H]2CC(C)=C([C@@H](C)CCCOC(C)=O)[C@@H](O)[C@H]12
ZINC000085636476,C=C1C(=O)O[C@@H]2CC(C)=C([C@@H](C)CCCOC(C)=O)[C@@H](OC(C)=O)[C@H]12
ZINC000085637445,CC1=CC(=O)C[C@H](C)[C@]12CC[C@H]([C@](C)(O)CO)C2
ZINC000085643336,C[C@H]1O[C@@H](O[C@H]2CC[C@@]3(C)[C@@H](CC[C@]4(C)[C@@H]3C=CC3=C5CC(C)(C)CC[C@]5(CO)[C@H](O)C[C@]34C)[C@]2(C)CO)[C@H](O)[C@@H](O[C@@H]2O[C@H](CO)[C@@H](O)[C@H](O)[C@H]2O)[C@H]1O
ZINC000085643348,C[C@H]1O[C@@H](O[C@H]2CC[C@@]3(C)[C@@H](CC[C@]4(C)[C@@H]3C=CC3=C5CC(C)(C)CC[C@]5(CO)[C@@H](O)C[C@]34C)[C@]2(C)CO)[C@H](O)[C@@H](O[C@@H]2O[C@H](CO)[C@@H](O)[C@H](O)[C@H]2O)[C@H]1O
ZINC000085643466,CC1(C)CC[C@]2(C(=O)O[C@@H]3O[C@H](CO)[C@@H](O)[C@H](O)[C@H]3O)CC[C@]3(C)C(=CC[C@@H]4[C@@]5(C)CC[C@H](O[C@@H]6O[C@H](C(=O)O)[C@@H](O)[C@H](O)[C@H]6O)C(C)(C)[C@@H]5CC[C@]43C)[C@@H]2C1
ZINC000085643640,O=C(O)C[C@@](O)(CC(=O)OCc1ccc(O[C@@H]2O[C@H](CO)[C@@H](O)[C@H](O)[C@H]2O)cc1)C(=O)OCc1ccc(O[C@@H]2O[C@H](CO)[C@@H](O)[C@H](O)[C@H]2O)cc1
ZINC000085643762,CC(C)=CCC[C@@](C)(O)[C@H]1CC[C@]2(C)[C@@H]1[C@H](O)C[C@@H]1[C@@]3(C)CC[C@H](O)C(C)(C)[C@@H]3[C@@H](O[C@@H]3O[C@H](CO)[C@@H](O)[C@H](O)[C@H]3O)C[C@]12C
ZINC000085643885,O=C(O)C1=CO[C@@H](O[C@@H]2O[C@H](CO)[C@@H](O)[C@H](O)[C@H]2O)[C@H]2[C@@H](CO)CC[C@H]12
ZINC000085645169,C[C@@H]1CC[C@]2(C(=O)O[C@@H]3O[C@H](CO)[C@@H](O)[C@H](O)[C@H]3O)CC[C@]3(C)C(=CC[C@@H]4[C@@]5(C)C[C@@H](O)[C@@H](O)C(C)(C)[C@@H]5CC[C@]43C)[C@@H]2[C@]1(C)O
ZINC000085645325,C[C@@H]1O[C@@H](O[C@@H]2[C@@H](O)[C@H](OCCc3ccc(O)c(O)c3)O[C@H](CO[C@@H]3OC[C@](O)(CO)[C@H]3O)[C@H]2OC(=O)/C=C/c2ccc(O)c(O)c2)[C@H](O)[C@H](O)[C@H]1O
ZINC000085645395,O=C(O[C@@H]1Cc2c(O)cc(O)c([C@H]3c4c(O)cc(O)cc4O[C@H](c4ccc(O)c(O)c4)[C@@H]3O)c2O[C@@H]1c1ccc(O)c(O)c1)c1cc(O)c(O)c(O)c1
ZINC000085645424,C=C[C@H]1[C@H](O[C@@H]2O[C@H](CO)[C@@H](O)[C@H](O)[C@H]2O)OC=C(C(=O)OC)[C@H]1CC(=O)OC
ZINC000085645840,C=C(C)[C@@H](CC/C(C)=C/COc1c2occc2cc2ccc(=O)oc12)OO
ZINC000085645844,C=C(C)[C@H](CC/C(C)=C/COc1c2occc2cc2ccc(=O)oc12)OO
ZINC000085648179,COc1cc(/C=C/C(=O)OC[C@H]2O[C@H](O[C@]3(CO)O[C@H](CO)[C@@H](O)[C@@H]3OC(=O)/C=C/c3cc(OC)c(O)c(OC)c3)[C@H](O)[C@@H](O)[C@@H]2O)cc(OC)c1O
ZINC000085648406,C=C1CC[C@@H]2[C@H]([C@@H]3[C@H]1CC[C@]3(C)O)C2(C)C
ZINC000085648724,O=C1C[C@H](c2ccc(O)c(O)c2)c2c(cc(O)c3c2O[C@H](c2ccc(O)c(O)c2)[C@H](O)[C@H]3c2c(O)cc(O)c3c2O[C@H](c2ccc(O)c(O)c2)[C@H](O)C3)O1
ZINC000085648732,C[C@@H]1O[C@@H](Oc2c(-c3ccc(O)cc3)oc3cc(O)cc(O)c3c2=O)[C@H](OC(=O)/C=C\c2ccc(O)cc2)[C@H](O)[C@H]1OC(=O)/C=C\c1ccc(O)cc1
ZINC000085650610,C=C1c2cccc(O)c2C(=O)C2=C(O)[C@]3(O)C(=O)C(C(N)=O)=C(O)[C@@H](N(C)C)[C@@H]3[C@@H](O)[C@H]12
ZINC000085659710,COC(=O)[C@@]12C=C[C@H](O)[C@@H]3[C@@](C)(CCc4ccoc4)[C@H](C)CC[C@]31C2
ZINC000085663172,C[C@@H]1CC[C@@]2(C)C(C(=O)O)=CCC[C@@H]2[C@@]1(C)CCC1=CCNC1=O
ZINC000085692947,C[C@@H]1CC[C@@]2(CO)C(C(=O)O)=CC=C[C@@H]2[C@@]1(C)CCc1ccoc1
ZINC000085730803,COc1cc2c(cc1OC)[C@]13C[C@@H](OC)C=CC1=CCN3C[C@@H]2O
ZINC000085733018,CCCCCCCC[C@H]1CCC(=O)c2[nH]c(C)c(OC)c(=O)c21
ZINC000085763068,COc1cc2c(c(O)c1-c1c(OC)cc(O)c3c1C(=O)c1cc(C)cc(O)c1C3=O)C(=O)c1c(O)cc(C)cc1C2=O
ZINC000085809059,CCCCCCCCCCCCCCCCCCCCCCCCCC(=O)OC[C@H](O)CO
ZINC000085809062,CCCCCCCCCCCCCCCCCCCCCCCCCC(=O)OC[C@@H](O)CO
ZINC000085814832,CC1=C[C@@H]2c3c(c(O)c(O)c4oc5cc(O)cc(O)c5c(=O)c34)[C@@H](c3cc(O)c(O)c4oc5cc(O)cc(O)c5c(=O)c34)[C@@H]2C(C)(C)C1
ZINC000085826837,COc1cc([C@H]2Oc3c(OC)cc(/C=C/C(=O)NCCc4ccc(O)cc4)cc3[C@@H]2C(=O)NCCc2ccc(O)cc2)ccc1O
ZINC000085835871,COc1ccc2cc1Oc1ccc(cc1)C[C@H]1c3cc(c(OC)cc3CCN1C)Oc1c(OC)c(OC)c(O)c3c1[C@@H](C2)N(C)CC3
ZINC000085836414,CCCCCCCCCCCCCCCC(=O)NCc1ccccc1
ZINC000085837004,CCO[C@H]1CC(=O)C[C@@H]2OCC[C@]12O
ZINC000085837460,COc1ccc(-c2cc(=O)c3c(O)cc(O)c(-c4c(O)cc(O)c5c(=O)cc(-c6ccc(OC)cc6)oc45)c3o2)cc1
ZINC000085838277,CC(C)(O)[C@@H](COc1c2occc2cc2ccc(=O)oc12)OC(C)(C)[C@H](O)COc1c2occc2cc2ccc(=O)oc12
ZINC000085841965,C[C@@H]1C[C@H](O)[C@@]2(C)C(C(=O)O)=CCC[C@@H]2[C@@]1(C)CCC1=CCOC1=O
ZINC000085855800,C=C1C(=O)O[C@H]2[C@H]1CC[C@]1(C)O[C@@]13C(=O)C=C(C)[C@H]23
ZINC000085865388,COc1cc(/C=C/C(=O)OCCCc2ccc(O[C@H](COC(=O)/C=C/c3ccc(O)c(OC)c3)[C@H](O)c3ccc(O)c(OC)c3)c(O)c2)ccc1O
ZINC000085867362,O=C1C[C@@H](c2ccc(Oc3c(O)cc4oc(-c5ccc(O)cc5)cc(=O)c4c3O)cc2)Oc2cc(O)cc(O)c21
ZINC000085884021,CC1(C)CCC[C@@]2(C)C=C(C=O)[C@@H](O)C[C@H]12
ZINC000085887745,CC(C)=CCc1c(O)cc(O)c2c1O[C@H](c1cc3c(cc1O)O[C@@H](c1ccc(O)cc1)[C@@H]3c1cc(O)cc(O)c1)CC2=O
ZINC000085887747,CC(C)=CCc1c(O)cc(O)c2c1O[C@@H](c1cc3c(cc1O)O[C@@H](c1ccc(O)cc1)[C@@H]3c1cc(O)cc(O)c1)CC2=O
ZINC000085895300,CCCCCCCCC/C=C/CCC[C@@H](O)[C@@H](O)[C@H](CO)NC(=O)[C@H](O)CCCCCCCCCCCCCCCCCCCCCC
ZINC000085910183,CCCCCCCCCCCCCCCCCCCCCCCCCCCC(=O)OCCc1ccc(O)cc1
ZINC000085910679,CCCCCCCCCCCCCCCCCCOC(=O)/C=C/c1ccc(O)cc1
ZINC000085914855,CC(=O)O[C@@]12CO[C@@H]1C[C@H](O)[C@@]1(C)C(=O)[C@H](O)C3=C(C)[C@@H](OC(=O)[C@H](O)[C@@H](/N=C(/O)OC(C)(C)C)c4ccccc4)C[C@@](O)([C@@H](OC(=O)c4ccccc4)[C@H]12)C3(C)C
ZINC000085925372,Cc1ccc2c(c1C)CCCC2(C)C
ZINC000085945710,C=C(C)[C@@H](COC(C)=O)c1c(OC)ccc2ccc(=O)oc12
ZINC000085945712,C=C(C)[C@H](COC(C)=O)c1c(OC)ccc2ccc(=O)oc12
ZINC000085945801,CC1(C)CCc2c(c(O)cc3oc4cc(O)c5c(c4c(=O)c23)OC(C)(C)CC5)O1
ZINC000085968281,CC1=CC(=O)[C@H](O)[C@H](C)[C@]12CC[C@H]([C@](C)(O)CO)C2
ZINC000085977430,COc1ccc2cc1Oc1ccc(cc1)C[C@@H]1c3c(c(OC)c(OC)c(OC)c3Oc3cc4c(cc3OC)CCN(C)[C@H]4C2)CCN1C
ZINC000085977432,COc1ccc2cc1Oc1ccc(cc1)C[C@@H]1c3c(c(OC)c(OC)c(OC)c3Oc3cc4c(cc3OC)CCN(C)[C@@H]4C2)CCN1C
ZINC000085993838,C=C1CC[C@H]2C(C)(C)CCC[C@]2(C)[C@H]1CCC1=CC(=O)OC1
ZINC000085995150,C=CCC1=C[C@](OC)([C@@H](C)Cc2ccc(OC)c(OC)c2)C(OC)=CC1=O
ZINC000085995768,O=C1Oc2cc(O)c3c(c2[C@@]12c1c(O)cc(O)cc1O[C@@H]2c1ccc(O)cc1)O[C@H](c1ccc(O)cc1)[C@H](O)C3
ZINC000085995919,CC(C)=CCc1c(O)c(CC=C(C)C)c2oc3c(O)c4c(cc3c(=O)c2c1O)C=CC(C)(C)O4
ZINC000085996821,CC(C)(O)c1cc2c(O)c3c(=O)c(-c4ccc(O)cc4)coc3cc2o1
ZINC000085996824,CO[C@H]1c2c(cc3occ(-c4ccc(O)cc4)c(=O)c3c2O)O[C@@H]1C(C)(C)O
ZINC000085999364,Cc1cc(O)cc2c1O[C@@](C)(CCC[C@@H](C)CCC[C@@H](C)CCCC(C)C)C=C2
ZINC000085999428,COc1cc(OC)c2ccc(=O)oc2c1[C@@H](O)[C@H]1[C@H](c2c(OC)cc(OC)c3ccc(=O)oc23)C=C(C)CC1(C)C
ZINC000086000044,CC1(C)C=Cc2cc3ccc(=O)oc3c(O)c2O1
ZINC000086022970,C=C1CC[C@H]([C@@H](CC(C)C)c2c(O)c(C=O)c(O)c(C=O)c2O)[C@@]2(C)CC[C@H](C(C)(C)O)C[C@H]12
ZINC000086022972,C=C1CC[C@H]([C@H](CC(C)C)c2c(O)c(C=O)c(O)c(C=O)c2O)[C@@]2(C)CC[C@H](C(C)(C)O)C[C@H]12
ZINC000086030786,COc1cc(C[C@@]2(O)CO[C@H](c3ccc(O)c(OC)c3)[C@H]2COC(C)=O)ccc1O
ZINC000086031671,C[C@H]1[C@@H](O)[C@H](O)CC(C)(C)[C@]1(O)/C=C/[C@@H](C)O
ZINC000086034491,CC(C)[C@@]1(O)CC[C@@](C)(O)[C@H](O)C1
ZINC000086038721,COc1cc(O)c(COc2cc3c(cc2OC)-c2c(OC)c(OC)c(OC)c4ccnc(c24)C3=O)cc1OC
ZINC000086043360,COc1cc([C@H]2c3cc(O)c(OC)cc3C[C@H]3[C@@H](OC)OC[C@H]23)ccc1O
ZINC000086043672,COc1cc([C@@H]2OC[C@@H](Cc3ccc4c(c3)OCO4)[C@H]2CO)ccc1O
ZINC000086048129,COc1ccc(C[C@@H]2C(=O)OC[C@H]2[C@H](O)c2ccc(OC)c(OC)c2)cc1OC
ZINC000086051976,Cc1cc2c(cc1O)[C@@]1(C)CC[C@@H](O)C(C)(C)[C@@H]1CC2
ZINC000086052953,COC(=O)C1=C2Nc3ccccc3[C@@]23CCN2CCC[C@@]([C@@H](C)OC(=O)c4cc(OC)c(OC)c(OC)c4)(C1)[C@H]23
ZINC000087492966,CCCCCc1cc(=O)c2ccccc2n1C
ZINC000087492972,Cc1cc2c(cc1O)[C@@]1(C)CC[C@H](O)C(C)(C)[C@H]1CC2
ZINC000087492973,Cc1cc2c(cc1O)[C@@]1(C)CC[C@@H](O)C(C)(C)[C@H]1CC2
ZINC000087492983,COc1ccc2c(c1)O[C@H](c1ccc(OC)c(OC)c1)CC2
ZINC000087492985,CC(=O)Oc1cc(O)c2c(c1)O[C@H](c1ccccc1)CC2=O
ZINC000087492989,CC(=O)Oc1cc(OC(C)=O)c2c(c1)O[C@H](c1c(OC(C)=O)cccc1OC(C)=O)CC2=O
ZINC000087492990,CC(=O)Oc1cc(OC(C)=O)c2c(c1)O[C@@H](c1c(OC(C)=O)cccc1OC(C)=O)CC2=O
ZINC000087492993,COc1c(OC(C)=O)cc(O)c2c(=O)cc(-c3ccccc3)oc12
ZINC000087492996,COc1ccc(-c2oc3c(OC)c(OC(C)=O)cc(OC(C)=O)c3c(=O)c2OC)cc1
ZINC000087493003,CC(C)=CCc1ccc2ccccc2c1O
ZINC000087493004,CC1(C)CC(=O)C(C)(C)CC1=O
ZINC000087493006,COC(=O)c1c(O)cccc1O[C@@H]1O[C@H](CO)[C@@H](O)[C@H](O)[C@H]1O
ZINC000087493007,COc1ccc(/C=C/[C@H](O)CO)cc1OC
ZINC000087493008,COc1ccc(/C=C/[C@@H](O)CO)cc1OC
ZINC000087493009,CO[C@@H](CO)c1ccc(O)c(O)c1
ZINC000087493010,CO[C@H](CO)c1ccc(O)c(O)c1
ZINC000087493012,CC(C)/C=C/c1c(O)cc(-c2cc3ccc(O)cc3o2)cc1O
ZINC000087493013,CC(C)=CCc1c(O)cc(O)c(C(=O)c2ccccc2)c1O
ZINC000087493014,CC1(C)CCc2c(cc(O)c(C(=O)c3ccccc3)c2O)O1
ZINC000087493015,CC1(C)CCc2c(O)cc(O)c(C(=O)c3ccccc3)c2O1
ZINC000087493016,COc1cc(/C=C/c2ccccc2)cc(OC(C)=O)c1
ZINC000087493018,COc1cc(/C=C/C(=O)OC[C@@H](O)[C@@H](O)[C@H](O)[C@@H](O)C=O)ccc1O
ZINC000087493030,CC[C@H](CC[C@@H](C)[C@H]1CC[C@H]2C3=C(CC[C@@]21C)[C@@]1(C)CC[C@H](O)CC1=CC3)C(C)C
ZINC000087493031,CC[C@H](CC[C@@H](C)[C@H]1CC[C@H]2C3=C(CC[C@@]21C)[C@@]1(C)CC[C@@H](O)CC1=CC3)C(C)C
ZINC000087493035,C=C(C)[C@@H](/C=C/[C@@H](C)[C@H]1CC[C@H]2[C@@H]3CCC4=CC(=O)CC[C@]4(C)[C@H]3CC[C@@]21C)CC
ZINC000087493036,C=C(C)[C@H](CC)CC[C@@H](C)[C@H]1CC[C@H]2[C@@H]3CCC4=CC(=O)CC[C@]4(C)[C@H]3CC[C@@]21C
ZINC000087493082,CC1(C)CC[C@]2(C)CC[C@]3(C)C(=C2C1)CC[C@@H]1[C@@]2(C)CC[C@H](O)C(C)(C)[C@H]2CC[C@]13C
ZINC000087493083,CC1(C)CC[C@]2(C)CC[C@]3(C)C(=C2C1)CC[C@@H]1[C@@]2(C)CC[C@@H](O)C(C)(C)[C@@H]2CC[C@]13C
ZINC000087493084,CC1(C)CC[C@]2(C)CC[C@]3(C)C(=C2C1)CC[C@@H]1[C@@]2(C)CC[C@@H](O)C(C)(C)[C@H]2CC[C@]13C
ZINC000087493089,CC1(C)CC[C@]2(C)CC[C@]3(C)C(=CC[C@@H]4[C@@]5(C)CC[C@H](O)[C@@](C)(CO)[C@@H]5CC[C@]43C)[C@H]2C1
ZINC000087493098,COc1cc(OC/C=C(\C)CCC=C(C)C)cc2oc(=O)ccc12
ZINC000087493099,COc1cc(OC)c2ccc(=O)oc2c1OC/C=C(\C)CCC=C(C)C
ZINC000087493100,CC(C)(O)CCc1c(O)cc(O)c(C(=O)c2ccccc2)c1O
ZINC000087528413,CC1(C)CC[C@]2(C)CC[C@]3(C)C(=C[C@@H](O)[C@@H]4[C@@]5(C)CC[C@H](O)C(C)(C)[C@@H]5CC[C@]43C)[C@@H]2C1
ZINC000090225648,O=C(CO)[C@@H](O)[C@H](O)[C@@H](O)CO
ZINC000090548550,COc1ccc2ccoc(CO)c1-2
ZINC000090755701,CC(C)[C@@H]1CC[C@@]2(C)CC[C@@]3(C)[C@@H]4CC[C@H]5C(C)(C)C(=O)CC[C@]5(C)C4=CC[C@]3(C)[C@H]12
ZINC000091302266,C[C@H]1O[C@H](O[C@@H]2[C@@H](CO)O[C@H](O[C@@H]3[C@@H](CO)O[C@H](O)[C@H](O)[C@H]3O)[C@H](O)[C@H]2O)[C@H](O)[C@@H](O)[C@@H]1N[C@H]1C=C(CO)[C@@H](O)[C@H](O)[C@H]1O
ZINC000091689892,CNC(=O)Oc1ccc2c(c1)[C@]1(C)CCN(C)[C@@H]1N2C
ZINC000094303206,C/C=C(\C)C(=O)N[C@@H](c1ccccc1)[C@@H](O)C(=O)O[C@H]1C[C@@]2(O)[C@@H](OC(=O)c3ccccc3)[C@H]3[C@](C)(C(=O)[C@H](OC(C)=O)C(=C1C)C2(C)C)[C@@H](O)C[C@H]1OC[C@]13OC(C)=O
ZINC000094303246,CC(=O)O[C@@]12CO[C@@H]1C[C@H](O)[C@@]1(C)C(=O)[C@H](O)C3=C(C)[C@@H](OC(=O)[C@H](O)[C@@H](NC(=O)c4ccccc4)c4ccccc4)C[C@@](O)([C@@H](OC(=O)c4ccccc4)[C@H]12)C3(C)C
ZINC000094303247,CC(=O)O[C@@]12CO[C@@H]1C[C@H](O)[C@@]1(C)C(=O)[C@H](O)C3=C(C)[C@@H](OC(=O)[C@H](O)[C@@H](NC(=O)c4ccccc4)c4ccccc4)C[C@@](O)([C@@H](OC(=O)c4ccccc4)[C@@H]12)C3(C)C
ZINC000094303279,CC(=O)O[C@@]12CO[C@@H]1C[C@@H](O)[C@@]1(C)C(=O)[C@H](O)C3=C(C)[C@@H](OC(=O)[C@H](O)[C@@H](NC(=O)c4ccccc4)c4ccccc4)C[C@@](O)([C@@H](OC(=O)c4ccccc4)[C@H]21)C3(C)C
ZINC000094313198,CCCCCC(=O)N[C@@H](c1ccccc1)[C@@H](O)C(=O)O[C@H]1C[C@@]2(O)[C@@H](OC(=O)c3ccccc3)[C@H]3[C@](C)(C(=O)[C@H](OC(C)=O)C(=C1C)C2(C)C)[C@@H](O)C[C@H]1OC[C@]13OC(C)=O
ZINC000095092967,CC1(C)O[C@H]2[C@H](O)CC(C(=O)O)=C[C@H]2O1
ZINC000095098843,C[C@H]1[C@@H]2[C@H](C[C@H]3[C@@H]4CC=C5C[C@@H](O)CC[C@]5(C)[C@H]4CC[C@@]32C)O[C@]12CC[C@@H](C)CO2
ZINC000095098933,CC(=O)OC(C)(C)CCC(=O)[C@](C)(O)[C@H]1[C@H](O)C[C@@]2(C)[C@@H]3CC=C4[C@@H](C[C@H](O)[C@@H](O)C4(C)C)[C@]3(C)C(=O)C[C@]12C
ZINC000095098996,C[C@@H]1O[C@@H](O[C@H]2[C@H](O[C@H]3CC[C@@]4(C)[C@@H](CC[C@]5(C)[C@@H]4CC=C4[C@@H]6CC(C)(C)CC[C@]6(C(=O)O)CC[C@]45C)[C@]3(C)CO)OC[C@H](O)[C@@H]2O)[C@H](O)[C@H](O)[C@H]1O
ZINC000095099046,CC(C)(O)[C@@H]1CC[C@@](C)([C@H]2CC[C@]3(C)[C@@H]2CC[C@@H]2[C@@]4(C)CC[C@@H](O)C(C)(C)[C@@H]4CC[C@]23C)O1
ZINC000095099187,COc1ccc(/C=C/C(=O)O[C@@H]2[C@@H](CO)O[C@@H](OCCc3ccc(O)c(O)c3)[C@H](O)[C@H]2O[C@@H]2O[C@@H](C)[C@H](O)[C@@H](O)[C@H]2O)cc1O
ZINC000095099393,C[C@H]1O[C@@H](O[C@H]2CC[C@@]3(C)[C@@H](CC[C@]4(C)[C@@H]3C=CC3=C5CC(C)(C)CC[C@]5(CO)[C@H](O)C[C@@]34C)[C@]2(C)CO)[C@H](O)[C@@H](O[C@@H]2O[C@H](CO)[C@@H](O)[C@H](O)[C@@H]2O)[C@H]1O
ZINC000095099567,CC1(C)CC[C@]2(C(=O)O)CC[C@]3(COC(=O)/C=C/c4ccc(O)cc4)C(=CC[C@@H]4[C@@]5(C)CC[C@H](O)C(C)(C)[C@@H]5CC[C@]43C)[C@@H]2C1
ZINC000095485926,CCCCCCCCCCCCCCCCCCCCCCCCCCCCOC(=O)/C=C/c1ccc(O)c(OC)c1
ZINC000095539270,COC(=O)C1=CCC[C@H]2[C@](C)(C[C@@H](O[C@@H]3O[C@H](CO[C@@H]4O[C@H](CO)[C@@H](O)[C@H](O)[C@H]4O)[C@@H](O)[C@H](O)[C@H]3O)c3ccoc3)[C@H]3C[C@H](OC3=O)[C@@]12C
ZINC000095540730,C[C@@H]1O[C@@H](O[C@@H]2[C@@H](O)[C@H](OCCc3ccc(O)c(O)c3)O[C@H](CO[C@@H]3O[C@@H](C)[C@H](O)[C@@H](O)[C@H]3O)[C@H]2OC(=O)/C=C/c2ccc(O)c(O)c2)[C@H](O)[C@H](O)[C@H]1O
ZINC000095542486,CCCC(=O)N[C@@H](c1ccccc1)[C@@H](O)C(=O)O[C@H]1C[C@@]2(O)[C@@H](OC(=O)c3ccccc3)[C@H]3[C@](C)(C(=O)[C@H](OC(C)=O)C(=C1C)C2(C)C)[C@@H](O)C[C@H]1OC[C@]13OC(C)=O
ZINC000095542869,COc1cc([C@H]2OC[C@@H]3[C@@H](c4ccc(O[C@@H]5O[C@H](CO)[C@@H](O)[C@H](O)[C@H]5O)c(OC)c4)OC[C@H]23)ccc1O[C@@H]1O[C@H](CO)[C@@H](O)[C@H](O)[C@H]1O
ZINC000095545437,C/C=C(\C)C(=O)N[C@@H](c1ccccc1)[C@@H](O)C(=O)O[C@H]1C[C@@]2(O)[C@@H](OC(=O)c3ccccc3)[C@@H]3[C@](C)(C(=O)[C@H](OC(C)=O)C(=C1C)C2(C)C)[C@@H](O)C[C@H]1OC[C@@]31OC(C)=O
ZINC000095546329,CC(=O)O[C@@]12CO[C@@H]1C[C@@H](O)[C@@]1(C)C(=O)[C@H](O)C3=C(C)[C@@H](OC(=O)[C@H](O)[C@@H](NC(=O)c4ccccc4)c4ccccc4)C[C@@](O)([C@@H](OC(=O)c4ccccc4)[C@@H]21)C3(C)C
ZINC000095546877,CCCCCC(=O)N[C@@H](c1ccccc1)[C@@H](O)C(=O)O[C@H]1C[C@@]2(O)[C@@H](OC(=O)c3ccccc3)[C@@H]3[C@](C)(C(=O)[C@H](OC(C)=O)C(=C1C)C2(C)C)[C@@H](O)C[C@H]1OC[C@@]31OC(C)=O
ZINC000095558566,C[C@@]12C[C@@]3(O)O[C@@H](O1)[C@]1(COC(=O)c4ccc(O)cc4)[C@H]3C[C@]21O[C@@H]1O[C@H](COC(=O)c2ccc(O)cc2)[C@@H](O)[C@H](O)[C@H]1O
ZINC000095559088,C[C@@]12C[C@@]3(O)O[C@@H](O1)[C@]1(CO)[C@H]3C[C@]21O[C@@H]1O[C@H](CO)[C@@H](O)[C@H](O)[C@H]1O
ZINC000095562852,COc1cc(C(=O)OC[C@H]2O[C@@H](O[C@]34C[C@@H]5[C@@]3(COC(=O)c3ccccc3)[C@@H]3O[C@@]4(C)C[C@@]5(O)O3)[C@H](O)[C@@H](O)[C@@H]2O)ccc1O
ZINC000095586882,CC(C)=CCC/C(C)=C/CC[C@]1(C)C=Cc2c(C)cc(O)cc2O1
ZINC000095587606,COc1cc([C@@H]2CC(=O)c3c(O)cc(O[C@@H]4O[C@H](CO)[C@@H](O)[C@H](O)[C@H]4O[C@@H]4OC[C@](O)(CO)[C@H]4O)cc3O2)ccc1O
ZINC000095588252,COC(=O)c1c(O)cc(O)c(C/C=C(\C)CC/C=C(\C)CCC=C(C)C)c1C
ZINC000095592710,COc1cc([C@H]2Oc3c(OC)cc(CCCO)cc3[C@@H]2CO)ccc1O[C@@H]1O[C@H](CO)[C@@H](O)[C@H](O)[C@H]1O
ZINC000095599165,COC(=O)C[C@](O)(CCCC(C)(C)O)C(=O)O[C@@H]1C(OC)=C[C@@]23CCCN2CCc2cc4c(cc2[C@H]13)OCO4
ZINC000095611873,CO[C@H]1CC(=O)O[C@H](C)[C@H]1O[C@@H]1O[C@H](C)[C@@H](O)[C@@H](OC)[C@H]1O
ZINC000095614997,CC(C)C1=CC(=O)[C@](C)([C@H]2[C@H](O)C[C@@]3(C)[C@@H]4CC=C5[C@@H](CC[C@@H](O[C@@H]6OC[C@@H](O)[C@H](O)[C@H]6O[C@@H]6O[C@@H](C)[C@H](O)[C@@H](O)[C@H]6O)C5(C)C)[C@]4(C)C(=O)C[C@]23C)O1
ZINC000095615157,COc1cc(-c2oc3cc(O)cc(O)c3c(=O)c2O[C@@H]2O[C@H](CO[C@@H]3O[C@@H](C)[C@H](O)[C@@H](O)[C@H]3O)[C@@H](O)[C@H](O)[C@H]2O[C@@H]2O[C@@H](C)[C@H](O)[C@@H](O)[C@H]2O)ccc1O
ZINC000095615431,CC1(C)CC[C@]2(C(=O)O)CC[C@]3(C)C(=CC[C@@H]4[C@@]5(C)CC[C@H](O[C@@H]6O[C@H](C(=O)O)[C@@H](O)[C@H](O[C@@H]7OC[C@@H](O)[C@H](O)[C@H]7O)[C@H]6O)C(C)(C)[C@@H]5CC[C@]43C)[C@@H]2C1
ZINC000095619883,CC1(C)O[C@@H]2OC(=O)C=C[C@]23[C@H]1CC(=O)[C@]1(C)[C@@H]3CC[C@@]2(C)[C@H](c3ccoc3)OC(=O)[C@H]3O[C@]321
ZINC000095626782,CN(C)[C@@H]1C(O)=C(C(N)=O)C(=O)[C@@]2(O)C(O)=C3C(=O)c4c(O)cccc4[C@@](C)(O)[C@H]3[C@H](O)[C@@H]12
ZINC000095627757,C=C1C/C(=C/C)C(=O)O[C@@H]2CCN3CC=C(COC(=O)[C@]1(C)O)[C@H]23
ZINC000095627840,CC(=O)O[C@@H]1C[C@@]23C[C@@]24CC[C@H](O[C@@H]2OC[C@@H](O)[C@H](O)[C@H]2O)C(C)(C)[C@@H]4CC[C@H]3[C@]2(C)C[C@@H]3O[C@]4(C[C@@H](C)[C@@H]3[C@@]12C)O[C@H](O)[C@@]1(C)O[C@H]14
ZINC000095627883,O=c1c2cc(O[C@@H]3O[C@H](CO)[C@@H](O)[C@H](O)[C@H]3O)c(O)cc2oc2cc(O)c([C@@H]3O[C@H](CO)[C@@H](O)[C@H](O)[C@H]3O)c(O)c12
ZINC000095627941,COc1cc(/C=C(\Oc2ccc(/C=C/C(=O)NCCc3ccc(O)cc3)cc2OC)C(=O)NCCc2ccc(O)cc2)ccc1O
ZINC000095627961,COc1cc(/C=C/C(=O)OC[C@H]2O[C@@H](O[C@H]3[C@H](c4c(OC)cc5oc(-c6ccc(O)cc6)cc(=O)c5c4O)O[C@H](CO)[C@@H](O)[C@@H]3O)[C@H](O)[C@@H](O)[C@@H]2O)ccc1O
ZINC000095628080,C=C[C@H]1[C@H](O[C@@H]2O[C@H](COC(C)=O)[C@@H](OC(=O)c3cccc(O[C@@H]4O[C@H](CO)[C@@H](O)[C@H](O)[C@H]4O)c3O)[C@H](OC(C)=O)[C@H]2OC(C)=O)OC=C2C(=O)OCC[C@]21O
ZINC000095628094,O=C(O)C[C@](O)(CC(=O)OCc1ccc(O[C@@H]2O[C@H](CO)[C@@H](O)[C@H](O)[C@H]2O)cc1)C(=O)OCc1ccc(O[C@@H]2O[C@H](CO)[C@@H](O)[C@H](O)[C@H]2O)cc1
ZINC000095630244,CC(C)=CCc1cc(CCCc2cc(O)cc(O)c2)ccc1O
ZINC000095636199,CC1(C)CC[C@]2(C)CC[C@]3(C)C(=CC[C@@H]4[C@@]5(C)CC[C@H](O)[C@](C)(CO)[C@@H]5CC[C@]43C)[C@H]2C1
ZINC000095639151,COc1cc([C@H](O)[C@@H](CO)Oc2c(OC)cc(/C=C/CO)cc2OC)ccc1O
ZINC000095680316,CC(=O)O[C@@H]1[C@@H](OC(=O)CC(C)C)[C@]2(C)[C@@H](C(C)=O)CC[C@]2(O)[C@@H]2CC=C3C[C@@H](O)CC[C@]3(C)[C@@H]12
ZINC000095786128,COc1ccc(CCO[C@@H]2O[C@H](CO[C@@H]3OC[C@H](O)[C@H](O)[C@H]3O)[C@@H](OC(=O)/C=C/c3ccc(O)c(OC)c3)[C@H](O[C@@H]3O[C@@H](C)[C@H](O)[C@@H](O)[C@H]3O)[C@H]2O)cc1O
ZINC000095786149,C[C@@H]1O[C@@H](OC[C@H]2O[C@@H](Oc3c(-c4ccc(O)cc4)oc4cc(O)cc(O)c4c3=O)[C@H](O)[C@@H](O)[C@H]2O)[C@H](O)[C@H](O[C@@H]2O[C@@H](C)[C@H](O)[C@@H](O)[C@H]2O)[C@H]1O
ZINC000095788020,CC(C)C[C@](O)(C(=O)OCc1ccc(O[C@@H]2O[C@H](CO)[C@@H](O)[C@H](O)[C@H]2O)cc1)[C@H](O)C(=O)OCc1ccc(O[C@@H]2O[C@H](CO)[C@@H](O)[C@H](O)[C@H]2O)cc1
ZINC000095851257,C/C=C1/C[C@@H](C)[C@@](C)(O)C(=O)OCC2=CCN3CC[C@@H](OC1=O)[C@@H]23
ZINC000095862733,C[C@H]1O[C@@H](O[C@H]2[C@@H](O)C[C@H](O[C@H]3[C@@H](O)C[C@H](O[C@H]4CC[C@]5(C)[C@H]6CC[C@]7(C)[C@@H](C8=CC(=O)OC8)CC[C@]7(O)[C@@H]6CC[C@@H]5C4)O[C@@H]3C)O[C@@H]2C)C[C@H](O)[C@@H]1O
ZINC000095869726,CC1(C)CC[C@]2(C(=O)O)CCC3=C(CC[C@H]4[C@@]3(C)CC[C@H]3[C@](C)(C(=O)O)[C@@H](O)[C@@H](O)C[C@@]34C)[C@@H]2C1
ZINC000095876436,CCCCCCCCCCCCCCCC(=O)OC[C@H]1O[C@@H](O[C@H]2CC[C@@]3(C)C(=CC[C@@H]4[C@@H]3CC[C@@]3(C)[C@H]4CC[C@@H]3[C@H](C)CC[C@@H](CC)C(C)C)C2)[C@H](O)[C@@H](O)[C@@H]1O
ZINC000095889735,COC(=O)C1=CO[C@@H](O[C@@H]2O[C@H](CO)[C@@H](O)[C@H](O)[C@H]2O)[C@H]2[C@H](C)O[C@@H](OC)C[C@H]12
ZINC000095908889,C=C(CO)[C@@H]1CC[C@]2(C(=O)O)CC[C@]3(C)[C@H](CC[C@@H]4[C@@]5(C)CC[C@@H](OC(C)=O)[C@@](C)(C(=O)O)[C@@H]5CC[C@]43C)[C@@H]12
ZINC000095909321,COc1ccc(-c2oc3c4c(cc(O)c3c(=O)c2O[C@@H]2O[C@@H](C)[C@H](O)[C@@H](O)[C@H]2O)OC(C)(C)C=C4)cc1
ZINC000095909669,C=C1C(=O)O[C@H]2[C@H]1CC[C@@](C)(O)[C@]13C=C[C@](C)([C@H]21)[C@@]1(C3)C(=O)O[C@H]2[C@H]1CC[C@]1(C)O[C@@]13CC=C(C)[C@H]23
ZINC000095909704,CC(=O)O[C@H]1C(=O)[C@]2(C)[C@@H](O)C[C@H]3OC[C@@]3(OC(C)=O)[C@H]2[C@H](OC(=O)c2ccccc2)[C@]2(O)C[C@H](OC(=O)/C=C/c3ccccc3)C(C)=C1C2(C)C
ZINC000095909729,C[C@@H]1[C@@H]2[C@](C)(CC[C@H]1C)[C@H](O)C[C@]1(C)C3=CC[C@H]4C(C)(C)[C@@H](O)CC[C@]4(C)[C@H]3CC[C@@]21C
ZINC000095909824,COc1cc(C[C@]2(O)C(=O)OC[C@H]2Cc2cc(OC)c(O)c(-c3cc(C[C@@H]4COC(=O)[C@@]4(O)Cc4ccc(O)c(OC)c4)cc(OC)c3O)c2)ccc1O
ZINC000095909891,C[C@]1(O)C[C@@H](O)[C@]2(O)CC(=O)OC[C@H]12
ZINC000095910019,C=C1C(=O)[C@]23C[C@H]1C[C@@H](O)[C@H]2[C@@]12CO[C@@H](O)[C@@H]1[C@](C)(COC(C)=O)CC[C@@H]2OC3=O
ZINC000095910062,COc1ccc([C@H]2Oc3cc(O)cc(O)c3C(=O)[C@@H]2[C@@H]2C(=O)c3c(O)cc(O)cc3O[C@H]2c2ccc(OC)cc2)cc1
ZINC000095910063,COc1ccc([C@H]2Oc3cc(OC)cc(O)c3C(=O)[C@H]2[C@H]2C(=O)c3c(O)cc(O)cc3O[C@@H]2c2ccc(OC)cc2)cc1
ZINC000095910110,C[C@@H]1C[C@H]2O[C@@]3(O[C@@H]2C(C)(C)O)[C@H](O)[C@@]2(C)[C@@H]4CC[C@H]5C(C)(C)C(=O)CC[C@@]56C[C@@]46CC[C@]2(C)[C@@H]13
ZINC000095910334,C/C=C(\C)C(=O)O[C@@H]1[C@@H]2OC[C@]3(C)[C@H](OC(C)=O)C[C@H](O)[C@](C)([C@H]4C[C@H](O)O[C@H]5C[C@@H](c6ccoc6)C(C)=C5[C@]14C)[C@@H]23
ZINC000095910344,CC(=O)OC[C@@]12[C@@H](O)C[C@H]3OC[C@@]3(OC(C)=O)[C@H]1[C@H](OC(=O)c1ccccc1)[C@]1(C(C)(C)O)C[C@H](O)C(C)=C1[C@@H](O)[C@@H]2O
ZINC000095910514,COc1cc(OC)c2c(c1)O[C@@]1(c3ccc(OC)c(O)c3)[C@H](c3ccccc3)c3c(nc4n(c3=O)CCC4)[C@@]21O
ZINC000095910574,C[C@@H](C[C@@H](O)[C@@H]1OC1(C)C)[C@@H]1CC[C@]2(C)C3=CC[C@H]4C(C)(C)[C@@H](O)CC[C@]4(C)[C@H]3CC[C@@]12C
ZINC000095910675,C[C@@H]1CC[C@]2(C(=O)O)CC[C@]3(C)C(=CC[C@@H]4[C@@]5(C)CC[C@H](O)[C@@](C)(C=O)[C@@H]5C(=O)C[C@]43C)[C@@H]2[C@]1(C)O
ZINC000095910724,COc1cc(/C=C/C(=O)N2CCCC2)cc(OC)c1
ZINC000095911093,CC(C)c1cccc(=O)c(O)c1
ZINC000095911289,C[C@@H]1CC[C@@H]([C@@H](C)C(=O)O)[C@@H]2[C@H]1CC[C@@]1(C)O[C@@H]21
ZINC000095911393,O=C(O)c1cccc2c1CCOC2=O
ZINC000095911669,C=C(C)[C@@H]1CC[C@]2(C)CC[C@]3(C)[C@H](CC[C@@H]4[C@]5(C)[C@@H](CC[C@]43C)C(C)(C)[C@H](O)C[C@H]5O)[C@@H]12
ZINC000095911777,CC(=O)O[C@H](c1ccccc1)[C@@H](O)[C@H]1CC=CC(=O)O1
ZINC000095912108,C=C1CC[C@H]2[C@@](C)(CCC[C@@]2(C)C(=O)O)[C@@H]1CCC1=CC(=O)O[C@@H]1O
ZINC000095912310,C/C=C(/C)C(=O)O[C@@H]1CC(C)(C)C[C@H]2C3=CC[C@@H]4[C@@]5(C)CCC(=O)[C@](C)(CO)[C@@H]5CC[C@@]4(C)[C@]3(C)CC[C@]21C(=O)O
ZINC000095912414,C=C1C(=O)[C@]23C[C@H]1CC[C@H]2[C@@]12CO[C@@H](O)[C@@H]1C(C)(C)CC[C@@H]2OC3=O
ZINC000095912696,C=C1CC[C@H]2[C@@](C)(CCC[C@@]2(C)C(=O)O)[C@@H]1CCC1=CCOC1=O
ZINC000095912745,C=C1C(=O)[C@]23C[C@H]1C[C@H](O)[C@H]2[C@@]12CO[C@]3(O)[C@@H](O)[C@@H]1C(C)(C)CC[C@@H]2O
ZINC000095912822,C=C1C(=O)[C@@]23[C@@H](CC[C@@H]1[C@H]2O)[C@]1(C)C=CC(=O)C(C)(C)[C@H]1C[C@H]3O
ZINC000095912877,CCCCCCCCC/C=C/CCC[C@@H](O)[C@@H](O)[C@H](CO[C@@H]1O[C@H](CO)[C@@H](O)[C@H](O)[C@H]1O)NC(=O)[C@H](O)CCCCCCCCCCCCCCCCCCCCCC
ZINC000095913340,C[C@@H]1C[C@@H]2C3=CCCN4CCC[C@H]([C@H](O)[C@H]2O)[C@@]34C1
ZINC000095913348,C=C(C)[C@@H]1CC[C@]2(C)CC[C@]3(C)[C@H](CC[C@@H]4[C@]5(C)[C@@H](CC[C@]43C)C(C)(C)[C@@H](O)C[C@H]5O)[C@@H]12
ZINC000095913349,C=C(C)[C@@H]1CC[C@]2(C)CC[C@]3(C)[C@H](CC[C@@H]4[C@@]5(C)CC[C@@H](O)[C@@](C)(CO)[C@@H]5CC[C@]43C)[C@@H]12
ZINC000095913452,CC(=O)OC[C@]1(O)[C@@H](O)[C@]23C[C@H]1CC[C@H]2[C@@]12CO[C@]3(O)[C@@H](OC(C)=O)[C@@H]1C(C)(C)CC[C@H]2O
ZINC000095913457,COc1cc([C@H]2Oc3c(O)cc(CCCO)cc3[C@@H]2CO)ccc1O[C@@H]1O[C@@H](C)[C@H](O)[C@@H](O)[C@H]1O
ZINC000095913725,C=C(C)[C@@H]1CC[C@@H]2C(=CC[C@]3(C)C(=O)CC[C@@]23C)[C@@]1(C)CCC(=O)O
ZINC000095913782,C[C@@H]1CC[C@]2(C(=O)O)CC[C@]3(C)C(=CC[C@@H]4[C@@]5(C)C[C@@H](O)[C@@H](O)[C@@](C)(CO)[C@@H]5CC[C@]43C)[C@@H]2[C@]1(C)O
ZINC000095913786,CC1(C)CC[C@]2(C(=O)O)CC[C@]3(COC(=O)/C=C/c4ccc(O)c(O)c4)C(=CC[C@@H]4[C@@]5(C)CC[C@H](OC(=O)/C=C/c6ccc(O)c(O)c6)C(C)(C)[C@@H]5CC[C@]43C)[C@@H]2C1
ZINC000095913892,C[C@@H](C[C@@H](O)[C@@H]1OC1(C)C)[C@@H]1CC[C@]2(C)C3=CC[C@H]4C(C)(C)C(=O)CC[C@]4(C)[C@H]3CC[C@@]12C
ZINC000095913937,C=C1CC[C@H]2C(C)(C)[C@@H](O)CC[C@]2(C)[C@H]1CC[C@H]1C(=O)CC[C@H]2C(C)(C)[C@@H](O)CC[C@]12C
ZINC000095913979,C=C1[C@@H]2CC[C@H]3[C@@]45CO[C@](O)([C@@H](OC(C)=O)[C@@H]4C(C)(C)C=CC5=O)[C@]3(C2)[C@@H]1OC(C)=O
ZINC000095914017,Cc1c(O)c2c(c(C)c1CCO[C@@H]1O[C@H](CO)[C@@H](O)[C@H](O)[C@H]1O)C(=O)C(C)(C)C2
ZINC000095914322,CC1=C2[C@@H](O)C3=C(C[C@H]2OC1=O)[C@]1(C)CCC[C@@](C)(CO)[C@H]1CC3
ZINC000095914324,CC1=C2[C@@H](O)C3=C(C[C@H]2OC1=O)[C@]1(C)CCC[C@@](C)(CO[C@@H]2O[C@H](CO)[C@@H](O)[C@H](O)[C@H]2O)[C@H]1CC3
ZINC000095914579,C[C@]1(CO)CCC[C@]2(C)[C@@H]1CC[C@]13C=C(C(=O)O)[C@H](CC[C@@H]21)C3
ZINC000095914600,C=C1CC[C@@H](O)[C@]2(C)CC[C@@H](C(C)(C)O)C[C@@H]12
ZINC000095914618,Cc1cc2c(c(C)c1CCO[C@@H]1O[C@H](CO)[C@@H](O)[C@H](O)[C@H]1O)C(=O)[C@@](C)(CO)[C@@H]2O
ZINC000095914837,COc1cc(O[C@@H]2O[C@H](CO[C@@H]3O[C@@H](C)[C@H](O)[C@@H](O)[C@H]3O)[C@@H](O)[C@H](O)[C@H]2O)cc(OC)c1OC
ZINC000095914878,C=C1C(=O)[C@@]23CC[C@@H]4[C@](C)(CO)CCC[C@@]4(C)[C@@H]2[C@@H](OC(C)=O)C[C@]1(O)C3
ZINC000095914879,C=C1C(=O)[C@]23C[C@@]1(O)C[C@H](OC(C)=O)[C@H]2[C@]1(C)CCC[C@@](C)(COC(C)=O)[C@H]1C[C@H]3O
ZINC000095914926,CC(=O)O[C@H]1CC[C@@]2(C)[C@@H](CC[C@]3(C)[C@@H]2CC(=O)[C@]2(O)[C@@H]4CC(C)(C)CC[C@]4(C)CC[C@]23C)C1(C)C
ZINC000095918631,CC1(C)O[C@H]2CC(=O)OC[C@@]23[C@H]1CC(=O)[C@]1(C)[C@@H]3CC[C@@]2(C)[C@H](C3=C[C@@H](O)OC3=O)OC(=O)[C@H]3O[C@]321
ZINC000095918648,C[C@@]12C=C3OC(=O)C(CO)=C3C[C@H]1[C@H](CO)[C@H]1C[C@H]12
ZINC000095918683,CCCCCCCCCCCCCCCC(=O)O[C@H]1CC[C@@]2(C)C(=CC[C@@H]3[C@@H]2CC[C@@]2(C)[C@H]3CC[C@@H]2[C@H](C)CC[C@@H](CC)C(C)C)C1
ZINC000095918703,CCCCCCCCC/C=C/CC/C=C/[C@@H](O)[C@H](CO[C@@H]1O[C@H](CO)[C@@H](O)[C@H](O)[C@H]1O)NC(=O)[C@H](O)CCCCCCCCCCCCCC
ZINC000095933318,COc1cc(/C=C/C(=O)OCC[N+](C)(C)C)c(OC)cc1O
ZINC000095933324,CC(C)=CCC/C(C)=C/CC/C(C)=C/CC/C=C(\C)CC/C=C(\C)CC/C=C(\CO)C(O)(O)O
ZINC000095933331,COc1ccc([C@H]2CC(=O)c3c(O)cc(O)c(CC=C(C)C)c3O2)cc1O
ZINC000095933341,COc1c(O)c(/C=C/C(=O)c2ccccc2)c(OC)c(OC)c1OC
ZINC000095933354,C=C[C@@H](O)C#CC#C[C@H](/C=C/CCCCC)OC(C)=O
ZINC000095933355,C=C[C@@H](O)C#CC#C[C@@H](/C=C/CCCCC)OC(C)=O
ZINC000095933356,C=C[C@H](O)C#CC#C[C@H](/C=C/CCCCC)OC(C)=O
ZINC000095933357,C=C[C@H](O)C#CC#C[C@@H](/C=C/CCCCC)OC(C)=O
ZINC000095933383,CC(C)(O)[C@@H]1CC[C@]2(C(=O)O)CC[C@]3(C)[C@H](CC[C@@H]4[C@@]5(C)CCC(=O)C(C)(C)[C@@H]5CC[C@]43C)[C@@H]12
ZINC000095933392,CC1(C)CCc2c(cc(O)c3c2O[C@H](c2ccccc2)CC3=O)O1
ZINC000095933394,CC(=O)Oc1ccc(-c2coc3cc4c(c(O)c3c2=O)C=CC(C)(C)O4)cc1
ZINC000096006016,CC[C@H]1OC(=O)[C@H](C)[C@@H](O[C@H]2C[C@@](C)(OC)[C@@H](O)[C@H](C)O2)[C@H](C)[C@@H](O[C@@H]2O[C@H](C)C[C@H](N(C)C)[C@H]2O)[C@](C)(O)C[C@@H](C)/C(=N\OCOCCOC)[C@H](C)[C@@H](O)[C@]1(C)O
ZINC000096006020,CC(=O)O[C@H]1C(=O)[C@]2(C)[C@@H](O)C[C@H]3OC[C@@]3(OC(C)=O)[C@H]2[C@H](OC(=O)c2ccccc2)[C@]2(O)C[C@H](OC(=O)[C@H](O)[C@@H](NC(=O)c3ccccc3)c3ccccc3)C(C)=C1C2(C)C
ZINC000096015174,CC1(C)[C@@H](O[C@H]2O[C@H](C(=O)O)[C@@H](O)[C@H](O)[C@H]2O[C@@H]2O[C@H](C(=O)O)[C@@H](O)[C@H](O)[C@H]2O)CC[C@@]2(C)[C@H]1CC[C@]1(C)[C@@H]2C(=O)C=C2[C@@H]3C[C@@](C)(C(=O)O)CC[C@]3(C)CC[C@]21C
ZINC000096023577,C=C1CC[C@H]2[C@H](CS(=O)(=O)O)C(=O)O[C@@H]2[C@H]2C(=C)CC[C@@H]12
ZINC000096023578,C=C1CC[C@@H]2[C@H](OC(=O)[C@@H]2CS(=O)(=O)O)[C@H]2C(=C)CC[C@@H]12
ZINC000096023579,CC(=O)CC[C@@H]1[C@@]2(C)CO[C@]1(C)C[C@@H](O[C@@H]1O[C@H](CO)[C@@H](O)[C@H](O)[C@H]1O)C2
ZINC000096023582,O=C(O[C@@H]1C=C(CO)[C@H]2[C@H](O[C@@H]3O[C@H](CO)[C@@H](O)[C@H](O)[C@H]3O)OC=C[C@@H]12)c1ccc(O)cc1
ZINC000096023583,CC(=O)O[C@H]1CC[C@@]2(C)[C@@H](CC[C@]3(C)[C@@H]2C=C[C@]24OC(=O)[C@@]5(CC[C@@H](C)[C@H](C)[C@@H]52)CC[C@]43C)C1(C)C
ZINC000096023587,C=C(C)[C@H](/C=C/[C@@H](C)[C@H]1CC[C@H]2[C@@H]3CC=C4C[C@@H](OC(C)=O)CC[C@]4(C)[C@H]3CC[C@@]21C)CC
ZINC000096023591,CCCCCCCCCCCCCCCCCCCCCC[C@@H](O)C(=O)OCC
ZINC000096023595,C=C(C)[C@@H]1CC[C@]2(C(=O)OC)CC[C@]3(CO)[C@H](CC[C@@H]4[C@@]5(C)CC[C@@H](OC(C)=O)C(C)(C)[C@@H]5CC[C@]43C)[C@@H]12
ZINC000096023597,CC(C)[C@H]1CC[C@H]2[C@]3(C)CCC4=C(CC[C@@H](C(C)(C)C=O)[C@]4(C)CC(=O)O)[C@@]3(C)CC[C@]12C
ZINC000096023599,CC(C)=CC(=O)OC[C@@]1(O)C[C@]23C[C@H]1CC[C@H]2[C@]1(C)CCCC(C)(C)[C@H]1C[C@@H]3O
ZINC000096023601,C=C1CC[C@H]2[C@@](C)(CCC[C@@]2(C)C(=O)O[C@@H]2O[C@H](CO)[C@@H](O)[C@H](O)[C@H]2O)[C@@H]1CCC1=CCOC1=O
ZINC000096023604,CC1(C)OC[C@H]([C@](C)(O)CO)O1
ZINC000096023605,CC(=O)O[C@H]1C[C@](C)(OC(C)=O)C[C@@H]2[C@@]1(OC(C)=O)C[C@@]1(C)[C@H](OC(C)=O)[C@H]3[C@@H](OC(=O)c4ccccc4)[C@@H](C)C[C@]3(O)[C@H](OC(C)=O)[C@@]21C
ZINC000096023608,C=C(C)[C@H](/C=C/[C@@H](C)[C@H]1CC[C@H]2[C@@H]3CC=C4C[C@@H](O[C@@H]5O[C@H](CO)[C@@H](O)[C@H](O)[C@H]5O)CC[C@]4(C)[C@H]3CC[C@@]21C)CC
ZINC000096023610,C[C@@H]1CC[C@]2(C(=O)O)CC[C@]3(C)C(=CC[C@@H]4[C@@]5(C)CCC(=O)C(C)(C)[C@@H]5[C@H](O)C[C@]43C)[C@@H]2[C@]1(C)O
ZINC000096023611,C[C@@H]([C@H]1[C@@H](O)C[C@@]2(C)[C@@H]3CC[C@H]4C(C)(C)C(=O)C=C[C@@]45C[C@@]35CC[C@]12C)N(C)C
ZINC000096023614,CC1(C)[C@H](O)CC[C@]2(C)[C@H]3CC[C@H]4C(=CC(=O)[C@H]5C(C)(C)[C@H](O)CC[C@]45C)C[C@]3(C)CC[C@@H]12
ZINC000096023615,CC[C@H]1[C@@H]2OC(=O)[C@H](C)[C@@H]2[C@H]2C[C@@H]([C@@H]3C[C@H](C)C(=O)O3)N3[C@@H]4CCC[C@H]1[C@]23O4
ZINC000096023616,COc1cc(O)c([C@H]2C[C@H](c3ccccc3)Oc3c(OC)c(O)cc(OC)c32)c(O)c1C(=O)/C=C/c1ccccc1
ZINC000096023617,CC1(C)C=C(CO)[C@@]2(C)[C@H]1CC[C@]1(C)[C@@H]2CC=C2[C@@H]3[C@H](O)C(C)(C)CC[C@]3(C(=O)O)CC[C@]21C
ZINC000096023619,CC(=O)O[C@H]1C[C@H]2OC[C@@]2(OC(C)=O)[C@H]2[C@H](O)[C@]3(O)[C@@H](OC(=O)c4ccccc4)[C@H](OC(C)=O)C(C)=C([C@@H](OC(C)=O)[C@H](OC(C)=O)[C@]12C)C3(C)C
ZINC000096023622,CCCCCCCCCCCCCCCCCCCCCCCC(=O)OCCCc1ccc(O)c(OC)c1
ZINC000096023623,C/C(=C/CC[C@@H](C)[C@H]1CC[C@@]2(C)[C@@H]3CC[C@H]4C(C)(C)C(=O)CC[C@]4(C)C3=CC[C@]12C)C(=O)O
ZINC000096023628,CC(=O)O[C@@H]1CC[C@@]2(C)[C@@H](CC[C@]3(C)[C@@H]2CC[C@@H]2[C@@H]([C@]4(C)CC[C@@H](C(C)(C)O)O4)CC[C@]23C)C1(C)C
ZINC000096023629,C=C(CC[C@@H](C)[C@H]1[C@@H](O)C[C@H]2[C@@H]3[C@H](O)C=C4C[C@@H](O)CC[C@]4(C)[C@H]3CC[C@@]21C)C(C)C
ZINC000096023630,CC(=O)O[C@H]([C@@H]1C[C@H](C)C(=O)O1)[C@@H](C)[C@@H]1[C@@H]2[C@]3(O)O[C@@]4(CC[C@@]21C)[C@H](O)[C@]12OC(=O)C[C@H]1OC(C)(C)[C@@H]2CC[C@H]4C3=O
ZINC000096023631,COc1cc([C@H]2c3cc(O)c(OC)cc3C[C@H]3COC(C)(C)OC[C@H]23)ccc1O
ZINC000096023634,COc1cc2oc(=O)ccc2cc1[C@H]1O[C@@H](O)[C@]2(C)O[C@H]12
ZINC000096023636,C[C@@H]1CN2C[C@H]3CCC4=C5[C@H](CC4)[C@H](C(=O)O)C[C@@]54C(=O)[C@@H]1C[C@@H]2[C@@]34C
ZINC000096023643,COc1ccc(C[C@H]2CO[C@H](c3ccc(OC)c(OC)c3)[C@H]2COC(C)=O)cc1OC
ZINC000096023644,COc1c(OC(C)=O)ccc(OC(C)=O)c1-c1cc(=O)c2c(OC(C)=O)cc(OC(C)=O)c(OC)c2o1
ZINC000096023655,C=C1CC[C@H]2O[C@@]2(C)CC[C@@H]2[C@@H]1OC(=O)C2(C)C
ZINC000096023659,C=C(CC[C@@H]1OC1(C)C)[C@H]1CC[C@]2(C)[C@@H]1CC[C@@H]1[C@@]3(C)CCC(=O)C(C)(C)[C@@H]3CC[C@]12C
ZINC000096023664,CC1(C)O[C@H]2CC(=O)OC[C@@]23[C@H]1C[C@@H](O)[C@]1(C)[C@@H]3CC[C@@]2(C)[C@H](c3ccoc3)OC(=O)[C@H]3O[C@]321
ZINC000096023666,COC(=O)N1c2ccccc2[C@]23[C@H]4N5CCC[C@@]4(CC[C@]12C(=O)OC)CC(=O)[C@H]3C5
ZINC000096023667,C=C1CC[C@H]2[C@@](C)(COC(C)=O)CCC[C@]2(C)[C@H]1CC/C(C)=C/COC(C)=O
ZINC000096023669,CC(=O)Oc1cc(O)c2c(c1)O[C@H](c1ccccc1)[C@@H](OC(C)=O)C2=O
ZINC000096023673,C=C(C)[C@@H]1CC[C@@](C)([C@H]2CC[C@]3(C)[C@@H]2CC[C@@H]2[C@@](C)(CCC(=O)O)[C@H](C(=C)C)CC[C@]23C)O1
ZINC000096023677,CC(C)(O[C@@H]1O[C@H](CO)[C@@H](O)[C@H](O)[C@H]1O)[C@H](O)COc1c2occc2cc2ccc(=O)oc12
ZINC000096023681,C[C@@H]1CO[C@@]2(C[C@@H]1OC(=O)c1ccc(O)cc1)O[C@@H]1C[C@@H](C(=O)O)C[C@H](O)[C@]1(O)C2=O
ZINC000096023682,COc1cc(C(=O)OCC2=C[C@@H](O)[C@@H]3C=CO[C@@H](O[C@@H]4O[C@H](CO)[C@@H](O)[C@H](O)[C@H]4O)[C@H]23)ccc1O
ZINC000096023683,CC1(C)OC[C@]2(C[C@@]34CC[C@@H]5C(C)(C)CCC[C@@]5(C)[C@@H]3CC[C@@H]2C4)O1
ZINC000096023686,C=C1[C@H](O)[C@]23C[C@H]1CC[C@H]2[C@]1(C)C[C@H](O)CC(C)(C)[C@H]1[C@H](O)C3
ZINC000096023687,C=C[C@]12C=CCN3CC[C@@]4(c5cc(OC(C)=O)ccc5NC(=O)[C@@]4(C(=O)OC)C1)[C@@H]32
ZINC000096023690,COc1cc(C[C@@H](CO)c2cc(/C=C/CO)cc(OC)c2O[C@@H]2O[C@H](CO)[C@@H](O)[C@H](O)[C@H]2O)ccc1O
ZINC000096023691,C[C@H]1[C@@H](O)C[C@@H]2[C@@H](CO)C(=O)OC[C@@H]21
ZINC000096023692,C[C@@H]1C[C@H]2O[C@@]3(O[C@@H]2C(C)(C)O)[C@H](O)[C@@]2(C)[C@@H]4CC[C@H]5C(C)(C)[C@@H](O[C@@H]6OC[C@H](O)[C@H](O)[C@H]6O)CC[C@@]56C[C@@]46CC[C@]2(C)[C@@H]13
ZINC000096023695,CC(C)(O)[C@@H]1Cc2c(cc3oc(CO[C@@H]4O[C@H](CO)[C@@H](O)[C@H](O)[C@H]4O)cc(=O)c3c2O)O1
ZINC000096023697,CC(C)(O[C@@H]1O[C@H](CO[C@@H]2OC[C@](O)(CO)[C@H]2O)[C@@H](O)[C@H](O)[C@H]1O)[C@H](O)COc1c2occc2cc2ccc(=O)oc12
ZINC000096023698,CC(=O)O[C@H]1[C@H](OC(C)=O)[C@@]2(C)C(C)=CC[C@@H](OC(=O)C(C)C)[C@@H]2[C@@]2(C)CC[C@]3(COC(=O)C3)O[C@@]12C
ZINC000096023699,COC(=O)C1=CCC[C@@H]2[C@@](C)(CCC3=CC(=O)OC3)[C@H](C)CC[C@@]12C
ZINC000096023701,COC1=C[C@@H](C)[C@@H]2C[C@H]3O[C@@H](O)C[C@H]4[C@@H](C)[C@@H]5OCO[C@H]5[C@H]([C@@]2(C)C1=O)[C@]43C
ZINC000096023705,CC1=CCC[C@H]2[C@@]1(C)[C@@H](OC(=O)c1cccnc1)[C@H](OC(=O)c1cccnc1)[C@](C)(O)[C@]2(C)/C=C/C1=CC(=O)OC1
ZINC000096023707,C[C@@H]1CC[C@]2(C(=O)O)CC[C@]3(C)C(=CC[C@@H]4[C@@]5(C)CC[C@H](O)[C@@](C)(C=O)[C@@H]5[C@H](O)C[C@]43C)[C@@H]2[C@]1(C)O
ZINC000096023709,COC(=O)C1=CO[C@@H](O[C@@H]2O[C@H](CO)[C@@H](O)[C@H](O)[C@H]2O)[C@@H]2[C@@](C)(OC(C)=O)C[C@@H](O)[C@]12O
ZINC000096023711,C[C@@H]1[C@H]2C3=CC[C@@H]4[C@@]5(C)CC[C@H](O)C(C)(C)[C@@H]5CC[C@@]4(C)[C@]3(C)CC[C@@]2(C(=O)O)CC[C@H]1COC(=O)/C=C/c1ccc(O)cc1
ZINC000096023713,C=C1CC[C@H]2C(C)(C)CCC[C@]2(C)[C@H]1/C=C/C1=CC(=O)O[C@H]1O
ZINC000096023714,CO[C@@H]1C=C(CC[C@@]2(C)[C@H](C)CC[C@@]3(C)C(C(=O)O)=CCC[C@H]23)C(=O)O1
ZINC000096023715,C=C1CC[C@H]2C(C)(C)CCC[C@]2(C)[C@H]1/C=C/C1=C[C@@H](OC)OC1=O
ZINC000096023718,CC(C)(O)C[C@H]1CC[C@@]2(C)[C@H](O)CC[C@](C)(O)[C@H]12
ZINC000096023725,COc1ccc(CCO[C@@H]2O[C@H](CO)[C@@H](OC(=O)/C=C/c3ccc(O)c(OC)c3)[C@H](O)[C@H]2O)cc1O
ZINC000096023726,COC(=O)[C@@]1(C)[C@@H](O)CC[C@]2(C)[C@H]3CC[C@H]4C(=CC[C@H]5C(C)(C)[C@H](O)CC[C@]45C)C[C@]3(C)CC[C@H]21
ZINC000096023729,CC(C)[C@@H]1CC[C@]2(C)[C@@H]([C@H]1O)[C@@](C)(O)CC[C@H]2O
ZINC000096023731,C[C@@H]1CC[C@]2(C(=O)O)CC[C@]3(C)C(=CC[C@@H]4[C@@]5(C)CC[C@H](O[C@@H]6OC[C@H](O)[C@H](O)[C@H]6O)C(C)(C)[C@@H]5CC[C@]43C)[C@@H]2[C@]1(C)O
ZINC000096023732,C=C(C)[C@@H]1CC[C@]2(C(=O)O)CC[C@]3(C)[C@H](CC[C@@H]4[C@@]5(C)[C@@H](C(=O)O)[C@H](OC(C)=O)C(C)(C)[C@@H]5CC[C@]43C)[C@@H]12
ZINC000096023733,C=C1CC[C@H]2C(C)(C)CCC[C@]2(C)[C@H]1C/C=C1\C[C@@H](OC)OC1=O
ZINC000096023739,C=C1CC[C@H]2C(C)(C)CCC[C@]2(C)[C@H]1C/C=C1\C[C@@H](OCC)OC1=O
ZINC000096023742,CC1(C)O[C@H](CC#Cc2ccc(O)c(O)c2)[C@@H](c2ccc(O)c(O)c2)O1
ZINC000096023743,CC(C)C1=CC(=O)C2=C(CC[C@H]3[C@@](C)(CO)C(=O)CC[C@]23C)C1=O
ZINC000096023745,C[C@@]12C[C@@H](c3ccoc3)OC(=O)[C@H]1CC(=O)[C@@]1(O)[C@H]2C[C@@H](O)C[C@H]1C(=O)O
ZINC000096023747,CCO[C@H]1C=C(CO)[C@H]2[C@H](O[C@@H]3O[C@H](CO)[C@@H](O)[C@H](O)[C@H]3O)OC=C(C(=O)OC)[C@H]21
ZINC000096023749,C[C@@]12C[C@@H](c3ccoc3)OC(=O)[C@H]1CC(=O)[C@@H]1[C@H](C(=O)O)C[C@H](O)C[C@H]12
ZINC000096023753,COc1c2c(cc3c(=O)c4c(O)ccc(O)c4oc13)CCC(C)(C)O2
ZINC000096023755,COC(=O)/C(C)=C1\C(=O)[C@H](O)[C@]2(C)C3=C(C[C@@H]4[C@]5(OC(=O)C(CO)=C5C[C@H]5[C@H](COC(C)=O)[C@H]6C[C@H]6[C@@]54C)[C@H]31)[C@H]1C[C@H]12
ZINC000096023756,C=C(C)[C@@H]1CC[C@]2(C)CC[C@]3(C)[C@H](CC[C@@H]4[C@@]5(C)CC[C@H](OC(=O)/C=C/c6ccc(O)c(O)c6)C(C)(C)[C@@H]5CC[C@]43C)[C@@H]12
ZINC000096023757,C[C@@H]1O[C@@H](Oc2cc(O)cc(O)c2C(=O)c2ccc(O)cc2)[C@H](O)[C@H](O)[C@H]1O
ZINC000096023758,COC(C)(C)[C@@H](O)[C@H](O)C[C@H](C)[C@@H]1CC[C@]2(C)C3=CC[C@H]4C(C)(C)C(=O)CC[C@]4(C)[C@H]3CC[C@@]12C
ZINC000096023761,CCCCCCCCCCCCCCCCCCCCCc1cc(O)cc(OC)c1
ZINC000096023763,COc1cc2c(cc1OC)[C@]13C[C@H](OC)C=C[C@]14O[C@@H]4CN3CCC2
ZINC000096023768,COC1=C(C)[C@@H]2CC(=O)O[C@@H]3C[C@H]4[C@H](C)C[C@H](OC(C)=O)C(=O)[C@]4(C)[C@@H](C1=O)[C@@]32C
ZINC000096023772,COc1cc(C[C@H]2CO[C@H](c3cc(OC)c(O)c(OC)c3)[C@H]2CO)cc(OC)c1O
ZINC000096023777,CC1(C)CCc2c(O)cc3occ(-c4ccc(O)cc4)c(=O)c3c2O1
ZINC000096023779,CC(C)[C@H]1CC[C@@]2(C)[C@@H]3CC[C@]45CCC[C@H]4[C@@]2(CCC(=O)[C@]2(C)CO[C@@]4(C)CC[C@@H]2O4)[C@H]1N5C3
ZINC000096023780,C[C@H](O)/C=C\C[C@H]1C(=O)CC[C@@H]1CC(=O)O
ZINC000096023783,CC[C@H](CC[C@@H](C)[C@H]1CC[C@H]2[C@@H]3C[C@H](O)[C@H]4C[C@@H](O)CC[C@]4(C)[C@H]3CC[C@@]21C)C(C)C
ZINC000096023793,C=C(CC[C@@H](O)C(=C)C)[C@H]1CC[C@]2(C)[C@@H]1CC[C@@H]1[C@@]3(C)CC[C@H](OC(C)=O)C(C)(C)[C@@H]3CC[C@]12C
ZINC000096023800,CC(C)=CCC[C@H]1C(=O)O[C@H]2C[C@]3(C)C4=CC(=O)[C@H]5C(C)(C)C(=O)CC[C@]5(C)[C@H]4CC[C@@]3(C)[C@@H]21
ZINC000096023801,COC1=CC[C@]23CCN(C)[C@]2(C[C@H](O)c2ccc(OC)c(OC)c23)C1=O
ZINC000096023805,C=C1CC[C@]2(C(=O)O)CC[C@]3(C)C(=CC[C@@H]4[C@@]5(C)CC[C@@H](O)C(C)(C)[C@@H]5CC[C@]43C)[C@@H]2C1
ZINC000096023807,C[C@@H]1CN2[C@H]3[C@@H]1CC[C@]31CCC(=O)O[C@@]1(C)[C@H]1CC[C@H]3CCC=C3[C@@H]12
ZINC000096023808,CCC(=O)[C@@H]1C[C@@H](C)[C@]2(CC[C@@]3(C)C4=C(CC[C@@]32C)[C@@]2(C)CCC(=O)[C@](C)(CO)[C@@H]2CC4)O1
ZINC000096023809,CCC(=O)[C@@H]1C[C@@H](C)[C@]2(CC[C@@]3(C)C4=C(CC[C@@]32C)[C@@]2(C)CC[C@H](O)[C@](C)(CO)[C@@H]2CC4)O1
ZINC000096023812,CC(C)=CCC[C@H]1C(=O)O[C@H]2C[C@]3(C)C4=CC(=O)[C@H]5C(C)(C)[C@@H](O)CC[C@]5(C)[C@H]4CC[C@@]3(C)[C@@H]21
ZINC000096023815,COc1c(O)cc2oc3c(OC)c(O)cc(C)c3c(=O)c2c1O
ZINC000096023818,COC(=O)C1=C2CCC3=C2[C@@]2(C1)C(=O)[C@@H]1C[C@H]4N(C[C@H]1C)C[C@@H](CC3)[C@]42C
ZINC000096023820,COc1ccc([C@@H]2Oc3c(OC)cc(/C=C/CO[C@@H]4O[C@H](CO)[C@@H](O)[C@H](O)[C@H]4O)cc3[C@H]2CO)cc1OC
ZINC000096023826,C=Cc1ccc(O[C@@H]2O[C@H](CO[C@@H]3OC[C@](O)(CO)[C@H]3O)[C@@H](O)[C@H](O)[C@H]2O)cc1
ZINC000096023827,CC1=C2[C@H]3[C@@H]([C@@H](O)C[C@@H](C)[C@H]2CC1)C3(C)C
ZINC000096023830,C/C=C1/[C@H](O[C@@H]2O[C@H](CO)[C@@H](O)[C@H](O)[C@H]2O)OC=C(C(=O)O)[C@H]1CC(=O)O
ZINC000096023832,CC(=O)O[C@@H]1CC[C@@]2(C)[C@@H](CC[C@]3(C)[C@@H]2CC[C@@H]2[C@@H]([C@]4(C)CCC(=O)O4)CC[C@]23C)C1(C)C
ZINC000096023833,COC(=O)[C@@H](O)[C@@H]1[C@@]2(C)[C@H]3CC[C@@]4(C)[C@H](c5ccoc5)OC(=O)C[C@@]45O[C@@]4(O)C(=O)[C@]1(C)C[C@]2(O)[C@@H]4[C@@]35O
ZINC000096023834,C[C@@H]1O[C@@H](Oc2ccc(-c3cc(=O)c4c(O)cc(O)cc4o3)cc2)[C@H](O)[C@H](O)[C@H]1O
ZINC000096023837,CC(C)[C@@H]1CC[C@@](C)(O)[C@@H]2CC[C@](C)(O)[C@H]2[C@@H]1O
ZINC000096023839,CSCO[C@H]1C[C@@H](CC=C(C)C)C(=O)c2ccccc21
ZINC000096023840,COC(=O)[C@@]1(C)CC[C@]2(C(=O)O)CC[C@]3(C)C(=CC[C@@H]4[C@@]5(C)C[C@H](O)[C@H](O)[C@@](C)(CO)[C@@H]5CC[C@]43C)[C@@H]2C1
ZINC000096023841,COc1cc(/C=C/C(=O)OC[C@H]2O[C@H](O[C@]3(CO)O[C@H](CO)[C@@H](O)[C@@H]3O)[C@H](O)[C@@H](O)[C@@H]2O)ccc1O
ZINC000096023844,CC1(C)[C@@H](O)CC[C@@]2(C)[C@H]1CC[C@]1(C)[C@@H]2CC[C@@H]2[C@@H]([C@]3(C)CCC(=O)O3)CC[C@]21C
ZINC000096023847,CC1=C2C[C@H]3[C@](C)(O)CCC[C@]3(C)C[C@]2(O)OC1=O
ZINC000096023848,CO[C@H]1O[C@](C)([C@H]2CC[C@]3(C)[C@@H]2CC[C@@H]2[C@@]4(C)CCC(=O)C(C)(C)[C@@H]4CC[C@]23C)CCC1(C)C
ZINC000096023849,C=C1CC[C@H]2[C@](C)(OC(C)=O)CC[C@@H](C(C)C)[C@]2(O)C1
ZINC000096023850,C=C([C@@H]1CC=C(C)C(=O)O1)[C@H]1CC[C@]2(C)[C@@H]1CC[C@@H]1[C@]34CC[C@](O)(OC3)C(C)(C)[C@@H]4CC[C@]12C
ZINC000096023851,CCCCCc1cc(O)cc(O[C@@H]2O[C@H](CO)[C@@H](O)[C@H](O)[C@H]2O)c1
ZINC000096023852,COc1c(O)ccc2c1[C@H](CC(C)=O)N(C)c1c-2ccc2cc3c(cc12)OCO3
ZINC000096023854,O=C(/C=C/c1ccc(O)cc1)OC[C@H]1O[C@@H](Oc2cc(O)c3c(=O)cc(-c4ccc(O)cc4)oc3c2)[C@H](O)[C@@H](OC(=O)/C=C/c2ccc(O)cc2)[C@@H]1O
ZINC000096023856,CCO[C@@H]1O[C@H](CO)[C@@H](O)C(=O)[C@H]1O
ZINC000096023857,CC(C)=CCC/C(C)=C/CC/C(C)=C/CC/C(C)=C/CC/C(C)=C\CC/C(C)=C\CC/C(C)=C\CC/C(C)=C\CC/C(C)=C\CC/C(C)=C\CC/C(C)=C\CO
ZINC000096023860,C[C@@H]1CC[C@H]2[C@@H](C)C(=O)O[C@@]23[C@H]1CC[C@@](C)(O)[C@H]3O
ZINC000096023862,C=C1CC[C@@H]2[C@@](C)(C(=O)O)CCC[C@@]2(C)[C@@H]1/C=C/C(C)=O
ZINC000096023863,COc1cc(C[C@H]2CO[C@H](c3cc(OC)c(O[C@@H]4O[C@H](CO)[C@@H](O)[C@H](O)[C@H]4O)c(OC)c3)[C@H]2CO)cc(OC)c1O
ZINC000096023864,COc1cc(/C=C/C(=O)OC[C@@H]2[C@@H](c3ccc(O)c(OC)c3)OC[C@@H]2Cc2ccc(O)c(OC)c2)ccc1O
ZINC000096023869,C/C=C(\C)C(=O)OC[C@]1(O)[C@H]2C[C@H]2[C@]2(C)[C@@H]3CC4=C5[C@H](/C(=C(\C)C(=O)OC)C(=O)[C@H](O)[C@@]5(C)[C@@H]5C[C@H]45)[C@@]34OC(=O)C(CO)=C4C[C@@H]12
ZINC000096023876,CC(C)C1=C2CC[C@]3(C)[C@H](CC[C@@H]4[C@@]5(C)CC[C@H](O)C(C)(C)[C@@H]5CC[C@]43C)[C@@]2(C)CC1
ZINC000096023878,COc1ccc(/C=C/C(=O)O[C@@H]2[C@@H]3O[C@]3(CO)[C@H]3[C@H](O[C@@H]4O[C@H](CO)[C@@H](O)[C@H](O)[C@H]4O)OC=C[C@@H]23)cc1OC
ZINC000096023879,COc1ccc(/C=C/C(=O)O[C@@H]2[C@@H]3O[C@]3(CO)[C@H]3[C@H](O[C@@H]4O[C@H](CO)[C@@H](O)[C@H](O)[C@H]4O)OC=C[C@@H]23)cc1
ZINC000096023882,COC(=O)[C@@H](O)[C@@H]1[C@@]2(C)[C@H]3CC[C@@]4(C)[C@H](c5ccoc5)OC(=O)C[C@@]45O[C@H]4C(=O)[C@]1(C)C[C@]2(O)[C@@H]4[C@@]35O
ZINC000096023884,C=C1C[C@@H](OC(=O)c2ccccc2)[C@H]2[C@](C)(CO)CCC[C@]2(C)[C@H]1CC/C(C)=C/CO
ZINC000096023885,C=C(C)[C@@H]1CC[C@]2(C)[C@H](CC[C@@H]3[C@@H]([C@]4(C)CC[C@@H](C(C)(C)O)O4)CC[C@]32C)[C@@]1(C)CCC(=O)OC
ZINC000096023887,C=C1[C@@H]2CC[C@H]3[C@]4(C)CCC[C@@](C)(C(=O)O[C@@H]5O[C@H](CO)[C@@H](O)[C@H](O)[C@H]5O)[C@H]4CC[C@]3(C2)[C@@H]1O
ZINC000096023891,CC(C)(O)CCc1c(-c2ccc(O)cc2O)oc2c3c(cc(O)c2c1=O)OC(C)(C)CC3
ZINC000096023893,CC1(C)CCC[C@H]2[C@]3(C)CC[C@@](C)([C@H](O)CO)C[C@H]3CC[C@@]21O
ZINC000096023894,CC(=O)O[C@@H]1CC[C@]2(C)[C@H]3CC[C@@]4(C)[C@H]([C@@H]5C[C@H]([C@@H]6OC6(C)C)O[C@H]5O)CC[C@]4(C)C3=CC[C@H]2C1(C)C
ZINC000096023895,CO[C@H]1C(=O)C[C@]23CCN(C)[C@@]24C[C@H](O[C@@]14OC)c1cc2c(cc13)OCO2
ZINC000096023897,CC1(C)OCC2=CC[C@H]3C(C)(C)CCC[C@]3(C)[C@H]2CO1
ZINC000096023898,CC1=C(CO)C(=O)O[C@@H]([C@@H](C)[C@H]2CC[C@H]3[C@@H]4[C@H](O)C=C5CC=CC(=O)[C@]5(C)[C@H]4CC[C@@]32C)C1
ZINC000096023899,C=C(C)[C@@H]1CC[C@]2(C)CC[C@]3(C)[C@H](CC[C@@H]4[C@]5(C)[C@@H](CC[C@]43C)C(C)(C)[C@@H](OC(C)=O)C[C@H]5OC(C)=O)[C@@H]12
ZINC000096023901,CO[C@@H]1C(=O)C[C@]23CCN(C)[C@@]24C[C@H](O[C@@]14OC)c1cc2c(cc13)OCO2
ZINC000096023902,COc1cc(/C=C/C(=O)OCCCc2cc(OC)c3c(c2)[C@@H](COC(=O)/C=C/c2ccc(O)c(OC)c2)[C@H](c2ccc(O)c(OC)c2)O3)ccc1O
ZINC000096023906,Cc1c(O)c2c(c(C)c1CCO[C@@H]1O[C@H](CO)[C@@H](O)[C@H](O)[C@H]1O)C(=O)[C@](C)(CO)C2
ZINC000096023908,CC1=C(CO[C@@H]2O[C@H](CO)[C@@H](O)[C@H](O)[C@H]2O)C(=O)O[C@@H]([C@@H](C)[C@H]2CC[C@H]3[C@@H]4[C@H](O)C=C5C=CCC(=O)[C@]5(C)[C@H]4CC[C@@]32C)C1
ZINC000096023912,C=CCc1ccc(O[C@@H]2O[C@H](CO[C@@H]3O[C@@H](C)[C@H](O)[C@@H](O)[C@H]3O)[C@@H](O)[C@H](O)[C@H]2O)c(OC)c1
ZINC000096023916,C[C@@H]1[C@@H](O)CC[C@]23C[C@]24CC[C@]2(C)[C@@H]([C@H](C)C/C=C/C(C)(C)O)CC[C@@]2(C)[C@@H]4CC[C@@H]13
ZINC000096023917,C=C(C)[C@@H]1CC[C@@H]2[C@]3(CC[C@]4(C)[C@@H]([C@H](C)CC[C@@H](O)C(C)(C)OCC)CC[C@@]24C)C[C@]13CCC(=O)OC
ZINC000096023918,C=C[C@H]1[C@H](O[C@@H]2O[C@H](CO)[C@@H](O)[C@H](O)[C@H]2O)OC=C(C(=O)OC)[C@H]1C[C@H]1CC(OC)(OC)C[C@H](CC(=O)CCc2ccc(O)cc2)O1
ZINC000096023924,C=C(C)[C@@H](C)CC[C@@H](C)[C@H]1CC[C@@]2(C)[C@@H]3CC[C@H]4[C@H](C)C(=O)CC[C@@]45C[C@@]35CC[C@]12C
ZINC000096023925,C=C1CC[C@H]2[C@@](C)(CC[C@@H](O)[C@@]2(C)CO)[C@@H]1C[C@@H](C1=CCOC1=O)[C@H]1C=C(/C=C/[C@@H]2C(=C)CC[C@@H]3[C@](C)(CO)[C@H](O)CC[C@]32C)C(=O)O1
ZINC000096054715,C=C1[C@H](OC(=O)/C=C(\C)CC)C[C@@H](C(C)C)[C@@H]2[C@@H]([C@@H](C)OC(C)=O)C(=O)C[C@@H]12
ZINC000096085409,COc1ccc(-c2cc(=O)c3c(O)cc(O)c(-c4cc([C@@H]5CC(=O)c6c(O)cc(O)cc6O5)ccc4OC)c3o2)cc1
ZINC000096085750,CC(=O)O[C@H]1C[C@@H](OC(C)=O)[C@@]2(C)CO[C@H]3[C@@H](O)[C@@]4(C)C5=CC[C@@H](c6ccoc6)[C@]5(C)CC[C@@H]4[C@]1(C)[C@@H]32
ZINC000096085756,C/C=C(\C)C(=O)O[C@H]1C[C@@H](O)[C@@]2(C)CO[C@H]3[C@H]4O[C@@H]5C[C@@H](c6ccoc6)C(C)=C5[C@@]4(C)[C@H](CC(=O)OC)[C@]1(C)[C@@H]32
ZINC000096085899,CC(C)=CCC[C@@](C)(O)[C@H]1CC[C@]2(C)[C@@H]1[C@H](O)C[C@@H]1[C@@]3(C)CC[C@H](O[C@@H]4O[C@H](CO)[C@@H](O)[C@H](O)[C@H]4O[C@@H]4O[C@H](CO)[C@@H](O)[C@H](O)[C@H]4O)C(C)(C)[C@@H]3CC[C@]12C
ZINC000096085900,CC(C)=CCC[C@](C)(O)[C@H]1CC[C@]2(C)[C@@H]1[C@H](O)C[C@@H]1[C@@]3(C)CC[C@H](O[C@@H]4O[C@H](CO)[C@@H](O)[C@H](O)[C@H]4O[C@@H]4O[C@H](CO)[C@@H](O)[C@H](O)[C@H]4O)C(C)(C)[C@@H]3CC[C@]12C
ZINC000096086218,C=C1CC[C@@]23CC[C@]4(C)[C@](OC2=O)([C@H]2O[C@H]2[C@@H]2[C@@]5(C)CC[C@H](O)[C@@](C)(CO)[C@@H]5CC[C@]24C)[C@@H]3C1
ZINC000096086279,Cc1coc2c1[C@@H](OC(=O)C(C)C)[C@]1(C)[C@@H](C)CC[C@H]3O[C@]31C2=O
ZINC000096086293,CC1(C)OC[C@H]([C@@H](/C=C/c2ccc(O)cc2)c2ccc(O)cc2)O1
ZINC000096086415,C/C=C1/CN2CC[C@@]34c5ccccc5N[C@@]23[C@@H](O)C[C@@H]1[C@@]4(CO)C(=O)OC
ZINC000096086444,C/C=C/c1cc(OC)c(O[C@@H]2O[C@H](CO)[C@@H](O)[C@H](O)[C@H]2O)c(OC)c1
ZINC000096086453,COc1cc(/C=C/C(=O)OCCCc2cc(OC)c3c(c2)[C@@H](COC(=O)/C=C/c2ccc(O)c(OC)c2)[C@@H](c2ccc(O)c(OC)c2)O3)ccc1O
ZINC000096086454,COc1cc(/C=C/C(=O)OCCCc2cc(OC)c3c(c2)[C@H](COC(=O)/C=C/c2ccc(O)c(OC)c2)[C@@H](c2ccc(O)c(OC)c2)O3)ccc1O
ZINC000096086455,COc1cc(/C=C/C(=O)OCCCc2cc(OC)c3c(c2)[C@H](COC(=O)/C=C/c2ccc(O)c(OC)c2)[C@H](c2ccc(O)c(OC)c2)O3)ccc1O
ZINC000096095372,Oc1cc(O)c2c(c1)O[C@H](c1ccc(O)c(O)c1)[C@H](O)[C@H]2c1c(O)cc(O)c2c1O[C@H](c1ccc(O)c(O)c1)[C@H](O)[C@H]2c1c(O)cc(O)c2c1O[C@H](c1ccc(O)c(O)c1)[C@H](O)C2
ZINC000096095464,Oc1ccc(/C=C/c2cc(O)cc3c2[C@H](c2cc(O)cc4c2[C@@H](c2cc(O)cc(O)c2)[C@H](c2ccc(O)cc2)O4)[C@@H](c2ccc(O)cc2)O3)cc1
ZINC000096095534,CC(C)=CCC[C@](C)(O[C@@H]1O[C@H](CO)[C@@H](O)[C@H](O)[C@H]1O)[C@H]1CC[C@]2(C)[C@@H]1[C@H](O)C[C@@H]1[C@@]3(C)CC[C@H](O[C@@H]4O[C@H](CO)[C@@H](O)[C@H](O)[C@H]4O)C(C)(C)[C@@H]3CC[C@]12C
ZINC000096095535,CC(C)=CCC[C@](C)(O[C@@H]1O[C@H](CO)[C@@H](O)[C@H](O)[C@H]1O)[C@H]1CC[C@]2(C)[C@@H]1[C@H](O)C[C@@H]1[C@@]3(C)CC[C@H](O)C(C)(C)[C@@H]3CC[C@]12C
ZINC000096095661,CC[C@H]1OC(=O)[C@H](C)[C@@H](O[C@H]2C[C@@](C)(OC)[C@@H](O)[C@H](C)O2)[C@H](C)[C@@H](O[C@@H]2O[C@H](C)C[C@H](N(C)C)[C@H]2O)[C@](C)(O)C[C@@H](C)[C@@H]2N[C@@H](COCCOC)O[C@H]([C@H]2C)[C@]1(C)O
ZINC000096282634,CC/C=C\C/C=C\C/C=C\CCCCCCCC(=O)NCc1ccccc1
ZINC000096282638,CCCCC/C=C\C/C=C\CCCCCCCC(=O)NCc1ccccc1
ZINC000096306285,Cc1c([C@H](C)[C@H]2NC[C@@H](C)C[C@H]2O)ccc2c1C[C@H]1[C@H]2CC=C2C[C@@H](O)CC[C@@]21C
ZINC000096901442,C/C=C(/C)C(=O)O[C@@H]1C[C@H](C)[C@H]2CC(=O)C(C)=C2C[C@@H]1C(C)(C)OC(C)=O
ZINC000096903077,CC(=O)O[C@H]1C[C@]2(O)C(COC(=O)[C@H](OC(=O)CC(C)C)C(C)C)=CO[C@@H](OC(=O)CC(C)C)[C@@H]2[C@@]1(O)COC(=O)CC(C)C
ZINC000096903078,CC(=O)O[C@H]1C[C@]2(O)C(COC(=O)[C@@H](OC(=O)CC(C)C)C(C)C)=CO[C@@H](OC(=O)CC(C)C)[C@@H]2[C@@]1(O)COC(=O)CC(C)C
ZINC000096903423,CC(C)C[C@@H]1c2c(O)c(C=O)c(O)c(C=O)c2O[C@]2(C)C=C[C@@H](C(C)C)C[C@H]12
ZINC000096904609,CC(C)=CC(=O)O[C@@H]1CC(C)(C)C[C@H]2C3=CC[C@@H]4[C@]56CC[C@](O)(OC5)C(C)(C)[C@@H]6CC[C@@]4(C)[C@]3(C)CC[C@]21C(=O)O
ZINC000096908777,CC1=CC(=O)C[C@@]2(C)C[C@H]3OC(=O)C(C)=C3C[C@H]12
ZINC000096923938,CC(=O)O[C@H]1CCC(C)(C)[C@]2(O)[C@@H](OC(C)=O)[C@H](OC(C)=O)[C@@H]3[C@H](C=C4OC(=O)C=C4[C@@]3(C)O)[C@@]12C
ZINC000096934667,COc1cc(CC[C@@H](O)C[C@@H](O)CCc2ccc(O)cc2)cc(OC)c1O
ZINC000096941624,C[C@H](CCC(=O)O)[C@@H]1CC[C@H]2[C@H]3[C@@H](O)C[C@@H]4C[C@H](O)CC[C@]4(C)[C@H]3CC[C@@]21C
ZINC000097971832,CC(=O)O[C@H]1CC[C@@]2(C)[C@@H](CC[C@@H]3[C@@H]2CC[C@@]2(C)[C@H]3C[C@@H]3O[C@]4(CC[C@@H](C)CO4)[C@@H](C)[C@@H]32)C1
ZINC000097978537,CC(C)(O)[C@H]1CC[C@@](C)([C@H]2[C@@H](O)C[C@@]3(C)[C@@H]4C[C@H](O)[C@H]5C(C)(C)[C@@H](O)CC[C@@]56C[C@@]46CC[C@]23C)O1
ZINC000098043719,COC(=O)C1=CO[C@@H](O[C@@H]2O[C@H](CO)[C@@H](O)[C@H](O)[C@H]2O)[C@@H]2[C@@H]1[C@H](O)C[C@]2(C)O
ZINC000098052859,CC(=O)O[C@H]1C(=O)[C@]2(C)[C@@H](O)C[C@H]3OC[C@@]3(OC(C)=O)[C@@H]2[C@H](OC(=O)c2ccccc2)[C@]2(O)C[C@H](OC(=O)[C@H](O)[C@@H](NC(=O)c3ccccc3)c3ccccc3)C(C)=C1C2(C)C
ZINC000098214404,COc1c(O)ccc2c1[C@@H](CC(C)=O)N(C)c1c-2ccc2cc3c(cc12)OCO3
ZINC000098214406,COc1ccc2c(c1OC)[C@@]13CCN(C)[C@@]14C[C@@H]2O[C@@]4(OC)[C@@H](OC)C(=O)C3
ZINC000098214408,CC(C)C1=C[C@H]2[C@@H]3[C@@H](C(C(C)C)=CC(=O)[C@]3(C)O)[C@@H]1C(=O)[C@]2(C)O
ZINC000098214409,CC1(C)CCC[C@H]2[C@]3(C)CC[C@@](C)([C@@H](O)CO)C[C@H]3CC[C@@]21O
ZINC000098214416,CC1(C)C[C@@H](O)C[C@]2(C)[C@@H]1CC[C@@]13C[C@@H](CC[C@H]12)[C@](C)(O)C3
ZINC000098214422,C=C1[C@@H]2C[C@H](O)[C@H]3[C@]4(C)CCC[C@@](C)(C(=O)O)[C@H]4CC[C@]3(C2)[C@@H]1O
ZINC000098214428,C=C1CC[C@H]2C(C)(C)CCC[C@]2(C)[C@H]1C/C=C1\C[C@H](OCC)OC1=O
ZINC000098214437,COc1ccc(C[C@H]2C(=O)OC[C@@H]2[C@@H](OC(C)=O)c2ccc(OC)c(OC)c2)cc1OC
ZINC000098214443,C=C1CC[C@@H]2O[C@]2(C)CC[C@@H]2[C@@H]1OC(=O)C2(C)C
ZINC000098214444,C=C1CC[C@@H]2O[C@@]2(C)CC[C@@H]2[C@@H]1OC(=O)C2(C)C
ZINC000098214445,C=C1CC[C@H]2O[C@]2(C)CC[C@@H]2[C@@H]1OC(=O)C2(C)C
ZINC000098214446,CC(C)(O)[C@@H]1CC[C@]2(C)CCC[C@](C)(O)[C@H]2C1
ZINC000098214460,CC(C)=CCC/C(C)=C/CC/C(C)=C/CC/C=C(\C)CC/C=C(\C)CC[C@@H](O)C(C)(C)O
ZINC000098214465,CC1(C)C(=O)CC[C@]2(C)[C@H]3CC[C@@]4(C)[C@@H]([C@H]5COC(=O)C5)CC[C@]4(C)C3=CC[C@@H]12
ZINC000098214467,C[C@@H](CC(=O)[C@H]1OC1(C)C)[C@@H]1CC[C@]2(C)C3=CC[C@H]4C(C)(C)C(=O)CC[C@]4(C)[C@H]3CC[C@@]12C
ZINC000100003619,Cn1cnc(N)c2ncnc1-2
ZINC000100006770,O=C1O[C@H]([C@@H](O)CO)C(O)=C1O
ZINC000100006772,O=C1O[C@H]([C@H](O)CO)C(O)=C1O
ZINC000100009278,CN1[C@H]2CC[C@@H]1C[C@H](OC(=O)[C@@H](CO)c1ccccc1)C2
ZINC000100009280,CN1[C@H]2CC[C@@H]1C[C@H](OC(=O)[C@H](CO)c1ccccc1)C2
ZINC000100009542,O=C(O)[C@@]1(O)C[C@@H](O)[C@H](O)[C@H](O)C1
ZINC000100009863,c1ccc2c(c1)[nH]c1ccccc12
ZINC000100014157,COc1ccc2c3c([nH]c2c1)C(C)=NCC3
ZINC000100014196,O=C1/C(=C2\Nc3ccccc3C2=O)Nc2ccccc21
ZINC000100014205,OC[C@H](O)[C@H](O)[C@H](O)CO
ZINC000100014731,CC(/C=C/C(=O)NO)=C\[C@@H](C)C(=O)c1ccc(N(C)C)cc1
ZINC000100015048,C=C1/C(=C\C=C2/CCC[C@@]3(C)[C@H]2CC[C@@H]3[C@H](C)CCCC(C)(C)O)C[C@@H](O)C[C@@H]1O
ZINC000100016113,CO[C@@H]1[C@@H](O)[C@@H](O)[C@H](O)[C@H](O)[C@H]1O
ZINC000100016123,CC(=O)c1c(O)c(C)c(O)c2c1OC1=CC(=O)[C@H](C(C)=O)C(=O)[C@@]12C
ZINC000100016127,CC(=O)c1c(O)c(C)c(O)c2c1OC1=CC(=O)[C@H](C(C)=O)C(=O)[C@]12C
ZINC000100016128,CC(=O)c1c(O)c(C)c(O)c2c1OC1=CC(=O)[C@@H](C(C)=O)C(=O)[C@@]12C
ZINC000100016131,CC(=O)c1c(O)c(C)c(O)c2c1OC1=CC(=O)[C@@H](C(C)=O)C(=O)[C@]12C
ZINC000100017511,C[C@@H]1C(=O)O[C@H]2C[C@@]34[C@H]5C[C@@H](C(C)(C)C)[C@@]36[C@@H](OC(=O)[C@@H]6O)O[C@@]4(C(=O)O5)[C@]21O
ZINC000100018343,O=C1c2c(O)cc(O)cc2O[C@H](c2ccc(O)c(O)c2)[C@H]1O
ZINC000100018557,O=C1c2c(O)cccc2[C@H]([C@@H]2O[C@H](CO)[C@@H](O)[C@H](O)[C@H]2O)c2cc(CO)cc(O)c21
ZINC000100018612,OC[C@H](O)[C@@H](O)[C@H](O)CO
ZINC000100018867,O[C@H]1[C@H](O)[C@@H](O)[C@H](O)[C@@H](O)[C@H]1O
ZINC000100020477,C=C1[C@H]2CC[C@@H](C2)C1(C)C
ZINC000100024175,CC1=CC[C@H]2C[C@H]1C2(C)C
ZINC000100030812,O=C(O)[C@@H]1[C@H]2CC[C@@H](O2)[C@@H]1C(=O)O
ZINC000100030817,O=C(O)[C@H]1[C@H](C(=O)O)[C@H]2CC[C@H]1O2
ZINC000100035092,C=C1C[C@]23C[C@@]1(O)CC[C@H]2[C@@]12C=C[C@H](O)[C@](C)(C(=O)O1)[C@H]2[C@@H]3C(=O)O
ZINC000100035100,C=C1C[C@]23C[C@@]1(O)CC[C@H]2[C@@]12C=C[C@H](O)[C@](C)(C(=O)O1)[C@@H]2[C@@H]3C(=O)O
ZINC000100036924,CN(C)[C@@H]1C(O)=C(C(N)=O)C(=O)[C@@]2(O)C(O)=C3C(=O)c4c(O)ccc(Cl)c4[C@@H](O)[C@H]3C[C@@H]12
ZINC000100037020,CN1[C@H]2C[C@H](OC(=O)[C@H](CO)c3ccccc3)C[C@@H]1[C@H]1O[C@@H]21
ZINC000100037272,COc1cc(C(=S)N2CCOCC2)ccc1O
ZINC000100037586,O=C(/C=C/c1ccc(O)c(O)c1)O[C@@H]1C[C@@](O)(C(=O)O)C[C@@H](OC(=O)/C=C/c2ccc(O)c(O)c2)[C@@H]1O
ZINC000100037633,O=C1c2c(O)cc(O)cc2O[C@H](c2cc(O)c(O)c(O)c2)[C@H]1O
ZINC000100038169,COc1cc([C@@H]2Oc3ccc([C@@H]4Oc5cc(O)cc(O)c5C(=O)[C@H]4O)cc3O[C@@H]2CO)ccc1O
ZINC000100038173,COc1cc([C@@H]2Oc3ccc([C@@H]4Oc5cc(O)cc(O)c5C(=O)[C@H]4O)cc3O[C@H]2CO)ccc1O
ZINC000100038257,O=C(/C=C/c1ccc(O)c(O)c1)O[C@@H]1[C@H](O)C[C@@](O)(C(=O)O)C[C@H]1O
ZINC000100038347,OC[C@H]1O[C@@H](Oc2cc(O)cc(/C=C/c3ccc(O[C@H]4O[C@H](CO)[C@@H](O)[C@H](O)[C@H]4O)cc3O)c2)[C@H](O)[C@@H](O)[C@@H]1O
ZINC000100040119,C=C1CC[C@H]2C[C@H]1C2(C)C
ZINC000100042156,O=C1O[C@H]([C@@H](O)CO)C(O)=C1OP(=O)(O)O
ZINC000100042889,C[C@H]1O[C@H](O[C@@H]2[C@@H](O)[C@@H](O)[C@H](O)[C@H](O)[C@H]2O)[C@@H](N)C[C@@H]1NC(=N)C(=O)O
ZINC000100051847,O[C@H]1CCN2Cc3ccccc3N=C12
ZINC000100052581,O=C1O[C@@H]([C@H](O)CO)[C@@H](O)[C@H]1O
ZINC000100055342,O[C@H]1[C@H](O)C[C@@H](O)[C@@H](O)[C@@H]1O
ZINC000100057102,O=C1OC(=O)[C@H]2[C@H]1[C@H]1CC[C@H]2O1
ZINC000100057105,O=C1OC(=O)[C@@H]2[C@H]1[C@H]1CC[C@H]2O1
ZINC000100058015,C=C[C@@]12CN(C)[C@H]3C[C@@]14C(=Nc1ccccc14)[C@H]1C[C@@H]2[C@@H]3CO1
ZINC000100058075,C=C1C[C@]23CC[C@H]1C[C@H]2[C@@]12CCC[C@@]4(C)[C@@H]5OCCN5[C@H]1O[C@@H]3[C@@H](OC(C)=O)[C@H]42
ZINC000100058108,COc1cc(OC)c2c(c1)O[C@@]1(c3ccc(OC)c(OC)c3)[C@H](c3ccccc3)[C@@H](C(=O)N(C)C)[C@@H](O)[C@@]21O
ZINC000100058134,CC(=O)O[C@@H]1[C@H]2[C@@H]3C[C@@]14C(=Nc1ccccc14)[C@@H]1C[C@H]2[C@@H](C=O)[C@H](C)N13
ZINC000100058388,COC1=CC(=O)/C(=C(O)\C=C\c2ccccc2)C1=O
ZINC000100058567,C[C@@H]1C(=O)O[C@H]2[C@H](O)[C@]34[C@H]5C[C@@H](C(C)(C)C)[C@]36[C@@H](OC(=O)[C@@H]6O)O[C@@]4(C(=O)O5)[C@@]12O
ZINC000100058576,C[C@@H]1C(=O)O[C@H]2[C@H](O)[C@@]34[C@@H]5OC(=O)[C@]3(O[C@@H]3OC(=O)[C@H](O)[C@@]34[C@H](C(C)(C)C)[C@H]5O)[C@@]12O
ZINC000100058649,C=C1[C@@H]2CC[C@H]3[C@@]45CO[C@@](O)([C@@H](O)[C@@H]4C(C)(C)C=CC5=O)[C@]3(C2)[C@@H]1OC(C)=O
ZINC000100058673,C=C1C(=O)[C@]23C[C@H]1[C@@H](O)[C@H](OC(C)=O)[C@H]2[C@]1(C)[C@@H](OC(C)=O)C[C@H](OC(C)=O)C(C)(C)[C@H]1C[C@@H]3OC(C)=O
ZINC000100058724,C[C@@]12CCC[C@@]3(COC1=O)[C@H]1CC[C@@H]4C[C@@]1(CC[C@H]23)C[C@@]4(C)O
ZINC000100059120,COC(=O)C1=CO[C@@H](O[C@@H]2O[C@H](CO)[C@@H](O)[C@H](O)[C@H]2O)[C@@H]2[C@@](C)(OC(C)=O)C[C@@H](OC(=O)c3ccccc3)[C@]12O
ZINC000100059124,COC(=O)C1=CO[C@@H](O[C@@H]2O[C@H](CO)[C@@H](O)[C@H](O)[C@H]2O)[C@@H]2[C@@](C)(OC(C)=O)C[C@@H](OC(=O)/C=C/c3ccccc3)[C@]12O
ZINC000100059134,COC(=O)C1=CO[C@@H](O[C@@H]2O[C@H](CO)[C@@H](O)[C@H](O)[C@H]2O)[C@H]2[C@@H]1[C@H](OC(=O)/C=C/c1ccc(O)cc1)C[C@]2(C)O
ZINC000100059326,COc1cc([C@H]2OC[C@]3(O[C@@H]4O[C@H](CO)[C@@H](O)[C@H](O)[C@H]4O)[C@@H](c4cc(OC)c(O)c(OC)c4)OC[C@H]23)ccc1O
ZINC000100059350,CCCCCCCCCCCCCCCCCCCCCC[C@H](O)C(=O)OCC
ZINC000100059407,O=C(O)C[C@@]1(O)CC[C@H](O)CC1
ZINC000100059931,CC(C)=C1C[C@H]2O[C@]2(C)CC[C@H]2O[C@@]2(C)CC1=O
ZINC000100060037,CC1(C)CC[C@@]23C=C[C@@]4(OO2)[C@@](C)(CC[C@@H]2[C@@]5(C)C[C@@H](O)[C@H](O)C(C)(C)[C@@H]5CC[C@]24C)[C@@H]3C1
ZINC000100060212,COC(=O)[C@@H](OC(C)=O)[C@H]1C(C)(C)C(=O)[C@@H]2C=C3[C@H](CC[C@]4(C)[C@H]3CC(=O)O[C@H]4c3ccoc3)[C@@]1(C)C2=O
ZINC000100060215,COC(=O)[C@@H](O)[C@@H]1[C@@]2(C)[C@H]3CC[C@@]4(C)[C@H](c5ccoc5)OC(=O)C[C@@]45O[C@@]4(O)C(=O)[C@]1(C)C[C@]2(O)[C@H]4[C@@]35O
ZINC000100060223,COC(=O)[C@@H](O)[C@@H]1[C@@]2(C)[C@H]3CC[C@@]4(C)[C@H](c5ccoc5)OC(=O)C[C@@]45O[C@H]4C(=O)[C@]1(C)C[C@]2(O)[C@H]4[C@@]35O
ZINC000100060346,CCOC(/C=C/c1ccccc1)=C1/C(=O)C=C(OC)C1=O
ZINC000100060352,COC(=O)C1=CO[C@@H](O[C@@H]2O[C@H](CO)[C@@H](OC(=O)/C=C/c3ccc(O)cc3)[C@H](O)[C@H]2O)[C@H]2[C@@H]1CC[C@]2(C)O
ZINC000100062020,C[C@@H]1C(=O)O[C@H]2[C@H](O)[C@]34[C@@H]5OC(=O)[C@@]3(O[C@@H]3OC(=O)[C@H](O)[C@@]34[C@H](C(C)(C)C)[C@H]5O)[C@@]12O
ZINC000100064387,O=C1OC[C@@H](Cc2ccc3c(c2)OCO3)/C1=C\c1ccc2c(c1)OCO2
ZINC000100064968,O=c1c2ccccc2nc2n1CC[C@@H]2O
ZINC000100067315,O=C(/C=C(O)/C=C/c1ccc(O)cc1)/C=C/c1ccc(O)cc1
ZINC000100067332,C[C@@H]1C(=O)O[C@H]2[C@H](O)[C@]34[C@H]5C[C@@H](C(C)(C)C)[C@@]36[C@@H](OC(=O)[C@@H]6O)O[C@@]4(C(=O)O5)[C@@]12O
ZINC000100067334,C[C@@H]1C(=O)O[C@H]2[C@H](O)[C@@]34[C@H]5C[C@@H](C(C)(C)C)[C@@]36[C@@H](OC(=O)[C@@H]6O)O[C@@]4(C(=O)O5)[C@@]12O
ZINC000100068378,CN1[C@H]2C[C@@H](OC(=O)[C@H](CO)c3ccccc3)C[C@H]1C[C@@H]2O
ZINC000100068422,C=C1[C@@H](O)C[C@H](OC(C)=O)[C@]2(C)[C@@H]1C[C@@H]1C[C@H](OC(C)=O)C(C)=C([C@@H](OC(C)=O)[C@@H]2OC(C)=O)C1(C)C
ZINC000100068959,C[C@]12C(=O)OC(=O)[C@@]1(C)[C@H]1CC[C@H]2O1
ZINC000100070359,C/C=C/C(=O)C1=C(C)C=CCC1(C)C
ZINC000100073495,C=C[C@@H]1[C@@H](O[C@@H]2O[C@H](CO)[C@@H](O)[C@H](O)[C@H]2O)OC=C(C(=O)OC)[C@@H]1CCOC(=O)c1cc(O)c(O)c(O)c1
ZINC000100090046,O=C1c2c(O)cccc2[C@H]([C@H]2O[C@H](CO)[C@@H](O)[C@H](O)[C@H]2O)c2cc(CO)cc(O)c21
ZINC000100091446,Cc1cccc2c3c(ccc12)C(O)=C([C@@H](C)CO)C(=O)C3=O
ZINC000100091452,Cc1cccc2c3c(ccc12)C(O)=C([C@H](C)CO)C(=O)C3=O
ZINC000100145066,C[C@@H]1CC[C@]2(C(=O)O)CC[C@]3(C)C(=CC[C@@H]4[C@@]5(C)CC[C@H](O)[C@@](C)(C=O)[C@H]5[C@H](O)C[C@]43C)[C@@H]2[C@]1(C)O
ZINC000100145143,CC(=O)O[C@H]1CC[C@@]2(C)[C@@H](CC[C@]3(C)[C@@H]2C=C[C@]24OC(=O)[C@@]5(CC[C@@H](C)[C@H](C)[C@H]52)CC[C@]43C)C1(C)C
ZINC000100158073,O=C(/C=C/c1ccc(O)c(O)c1)O[C@@H]1[C@H](O)C[C@@](OC(=O)/C=C/c2ccc(O)c(O)c2)(C(=O)O)C[C@H]1O
ZINC000100159215,CC(C)=CCC/C(C)=C/C[C@@H](O)/C(C)=C/CC[C@@]1(C)[C@H](CCCO)/C(=C(/C)C=O)CC[C@]1(C)O
ZINC000100194925,O=C1O[C@@H]([C@@H](O)CO)C(O)=C1OP(=O)(O)O
ZINC000100302128,C[C@H]1c2cccc(O)c2C(O)=C2C(=O)[C@]3(O)C(O)=C(C(N)=O)C(=O)[C@@H](N(C)C)[C@H]3[C@@H](O)[C@@H]21
ZINC000100302137,C[C@H]1c2cccc(O)c2C(O)=C2C(=O)[C@]3(O)C(O)=C(C(N)=O)C(=O)[C@@H](N(C)C)[C@@H]3[C@@H](O)[C@@H]21
ZINC000100371497,C=CC[C@]12C=C(OC)C(=O)[C@H](C1=O)[C@H](c1ccc(OC)c(OC)c1)[C@H]2C
ZINC000100463273,Oc1ccc2ccccc2c1/N=N/c1ccc(/N=N\c2ccccc2)cc1
ZINC000100472977,C=C1[C@@H]2C[C@]3([C@@H]1O)[C@H]1C[C@@H]4[C@@]5(C)CC[C@H](O)[C@@]4([C@H]1N(CC)C5)[C@@H]3CC2=O
ZINC000100519658,C[C@@H]1C(=O)O[C@H]2[C@H](O)[C@@]34[C@@H]5OC(=O)[C@]3(O[C@@H]3OC(=O)[C@H](O)[C@]34[C@H](C(C)(C)C)[C@H]5O)[C@@]12O
ZINC000100519663,C[C@@H]1C(=O)O[C@H]2[C@H](O)[C@]34[C@@H]5OC(=O)[C@]3(O[C@@H]3OC(=O)[C@H](O)[C@]34[C@H](C(C)(C)C)[C@H]5O)[C@@]12O
ZINC000100622510,C=C1CC[C@H](O)C/C1=C\C=C1/CCC[C@]2(C)[C@H]([C@H](C)CCCC(C)C)CC[C@@H]12
ZINC000100732483,C/C(=C\C(=O)OCCCCCCCCC(=O)O)C[C@@H]1OC[C@H](C[C@@H]2O[C@@H]2[C@@H](C)[C@H](C)O)[C@@H](O)[C@H]1O
ZINC000100772650,CC(C)C[C@@H]1c2c(O)c(C=O)c(O)c(C=O)c2O[C@]2(C)C=C[C@@H](C(C)C)C[C@@H]12
ZINC000100780996,CC1(C)C[C@H]2C(=O)CC[C@@H]3O[C@@]3(C)CC[C@@H]21
ZINC000100822245,COc1cc([C@@H]2Oc3ccc([C@@H]4Oc5cc(O)cc(O)c5C(=O)[C@@H]4O)cc3O[C@H]2CO)ccc1O
ZINC000100826366,CC1=CC(=O)[C@H](O)[C@H](C)[C@]12CC[C@H]([C@@](C)(O)CO)C2
ZINC000100828831,O=C1c2c(-c3ccc(O)cc3)ccc3ccc4c(c23)[C@H]2[C@@H]3c5c(ccc6ccc(-c7ccc(O)cc7)c(c56)C(=O)[C@]3(O)O4)O[C@@]12O
ZINC000100859875,C=C1c2cccc(O)c2C(=O)C2=C(O)[C@]3(O)C(=O)C(C(N)=O)=C(O)[C@@H](N(C)C)[C@H]3[C@@H](O)[C@H]12
ZINC000100867016,C[C@@H]1O[C@@H](O[C@H]2[C@H](Oc3cc(O)c(C(=O)CCc4ccc(O)cc4)c(O)c3)O[C@H](CO)[C@@H](O)[C@@H]2O)[C@H](O)[C@H](O)[C@H]1O
ZINC000100900279,O=C1CCC[C@@H]2[C@@H]3C[C@@H](CN12)[C@@H]1CCCCN1C3
ZINC000100908278,O=C1OC(=O)[C@H]2[C@H]3CC[C@@H](O3)[C@H]12
ZINC000101151209,CC(C)=CCC/C(C)=C/Cc1c(O)c(CC=C(C)C)cc([C@@H]2CC(=O)c3c(O)cc(O)cc3O2)c1O
ZINC000101151211,CC(C)=CCC/C(C)=C/Cc1c(O)c(CC=C(C)C)cc([C@H]2CC(=O)c3c(O)cc(O)cc3O2)c1O
ZINC000101153269,O=C(O[C@H]1C[C@@H]2N[C@H](C1)[C@H]1O[C@@H]21)[C@H](CO)c1ccccc1
ZINC000101188294,CC1=C[C@H](O)[C@@H](O)[C@@]2(C)[C@H]1C[C@H]1OC(=O)[C@H](O)[C@@]3(O)[C@@]4(C)OC[C@]13[C@@H]2[C@@H](O)[C@@H]4O
ZINC000101188301,CC1=CC(=O)[C@@H](O)[C@@]2(C)[C@H]1C[C@H]1OC(=O)[C@H](O)[C@@]3(O)[C@@]4(C)OC[C@]13[C@@H]2[C@@H](O)[C@@H]4O
ZINC000101252741,C=C1[C@@H](OC(=O)/C=C/c2ccccc2)CC[C@]2(C)[C@@H]1[C@H](OC(C)=O)[C@@H]1CC(=O)C(C)=C([C@@H](OC(C)=O)[C@@H]2OC(C)=O)C1(C)C
ZINC000101260753,C=C1[C@@H](O)C[C@H](OC(C)=O)[C@@]2(C)[C@@H](OC(C)=O)[C@H](OC(C)=O)C3=C(C)[C@@H](OC(C)=O)C[C@@H]([C@@H](OC(C)=O)[C@H]12)C3(C)C
ZINC000101320077,C=C1[C@@H](OC(=O)/C=C/c2ccccc2)CC[C@]2(C)[C@@H]1C[C@@H]1C[C@H](OC(C)=O)C(C)=C([C@@H](OC(C)=O)[C@@H]2OC(C)=O)C1(C)C
ZINC000101379579,C=C(C)/C=C\c1c(OC)ccc2ccc(=O)oc12
ZINC000101416910,Oc1cc(O)c2c(c1)O[C@H](c1ccc(O)c(O)c1)[C@H](O[C@]1(c3ccc(O)c(O)c3)Oc3cc(O)cc(O)c3[C@H](O)[C@@H]1O)C2
ZINC000101556410,COc1cc(/C=C2/C(=O)OC[C@H]2Cc2ccc(O)c(OC)c2)ccc1O
ZINC000101579783,CC(=O)O[C@@H]1CC[C@]2(C)[C@H](CC[C@@]3(C)[C@H]2CC=C2[C@H]4CC(C)(C)CC[C@@]4(C)CC[C@@]23C)C1(C)C
ZINC000101677843,C[C@@]12CCC[C@@](C)(C(=O)O)[C@H]1CC[C@@]13C[C@H](CC[C@H]12)[C@H](CO)C3
ZINC000101706220,CC1(C)CC[C@]2(C)CC[C@]3(C)C(=CC[C@@H]4[C@@]5(C)CC[C@H](O)[C@](C)(CO)[C@H]5CC[C@]43C)[C@H]2C1
ZINC000101773702,COc1cc(/C=C/C(=O)OC/C=C(\C)CCC=C(C)C)ccc1O
ZINC000101775787,COc1c(O)cc2oc(-c3ccc(O)c(CC=C(C)C)c3)c(OC)c(=O)c2c1O
ZINC000102165645,COc1c(O)cc2oc(-c3cc(CC[C@H](C)COC=O)c4c(c3)CCC(C)(C)O4)c(OC)c(=O)c2c1O
ZINC000102165650,COc1c(O)cc2oc(-c3cc(CC[C@@H](C)COC=O)c4c(c3)CCC(C)(C)O4)c(OC)c(=O)c2c1O
ZINC000102227431,C=CC[C@@]12C=C(OC)C(=O)[C@@H](C1=O)[C@H](c1cc(OC)c(OC)c(OC)c1)[C@@H]2C
ZINC000102906449,C[C@]12C[C@@H](O)[C@@H]3C[C@@]1(O[C@@H]1O[C@H](CO)[C@@H](O)[C@H](O)[C@H]1O)[C@@]3(COC(=O)c1ccccc1)C(=O)O2
ZINC000102941999,CCCC#CC[C@@H]1CCC(=O)O1
ZINC000102942001,CCCC#CC[C@H]1CCC(=O)O1
ZINC000102990818,CCCCCCCC(=O)/C=C/c1ccc(O)cc1
ZINC000103148839,CCCCCCCCCCCCCCCC(=O)O[C@H]1C(C)=C[C@]23C(=O)[C@@H](C=C(CO)[C@@H](O)[C@]12O)[C@H]1[C@@H](C[C@H]3C)C1(C)C
ZINC000103237835,C[C@@H]1CC[C@H]2C(C)(C)[C@H](O)CC[C@]2(C)[C@@]12Cc1c(O)cc3c(c1O2)C(=O)NC3=O
ZINC000103282012,COc1cc([C@H](O)[C@@H](CO)Oc2c(OC)cc([C@@H]3Oc4c(OC)cc(/C=C/CO)cc4[C@H]3CO)cc2OC)ccc1O
ZINC000103293168,C=C[C@H]1CN2CC[C@H]1C[C@@H]2[C@@]12Nc3ccccc3[C@]1(O)CCO2
ZINC000103395327,C[C@@H]1CC[C@]2(C(=O)O)CC[C@]3(C)C(=CC[C@@H]4[C@@]5(C)C[C@@H](O)[C@H](O)[C@@](C)(CO)[C@H]5CC[C@]43C)[C@H]2[C@]1(C)O
ZINC000103395330,C[C@@H]1CC[C@]2(C(=O)O)CC[C@]3(C)C(=CC[C@@H]4[C@@]5(C)C[C@@H](O)[C@H](O)[C@@](C)(CO)[C@@H]5CC[C@]43C)[C@H]2[C@]1(C)O
ZINC000103540777,CC1=CC(=O)[C@H](O)[C@@]2(C)[C@H]1C[C@H]1OC(=O)[C@H](O)[C@@]3(O)[C@]4(C)OC[C@]13[C@@H]2[C@@H](O)[C@@H]4O
ZINC000103550758,CN1C2=C3N=c4ccccc4=C3CCN2C(=O)c2ccccc21
ZINC000103651436,C=C1CC[C@H]2C(C)(C)[C@@H](OC(C)=O)CC[C@]2(C)[C@H]1CC[C@H]1C(=C)CC[C@H]2C(C)(C)[C@@H](OC(C)=O)CC[C@]12C
ZINC000103974646,COc1c2[nH]ccc3c-2n(c(=O)c1=O)c1ccccc31
ZINC000104532447,CC(C)(O)[C@@H]1Cc2c(cc3cc(CO)oc(=O)c3c2O)O1
ZINC000104532454,CC(C)(O)[C@H]1Cc2c(cc3cc(CO)oc(=O)c3c2O)O1
ZINC000104784456,COc1c(O)c2c(=O)cc(OC)c3c4c(OC)cc(=O)c5c(O)c(OC)c6c(c(c1C[C@](C)(O)[C@H]6C(C)=O)c23)c54
ZINC000104818056,O=C(O)[C@H]1[C@H]2CC[C@@H](O2)[C@@H]1C(=O)O
ZINC000104892608,C/C=C1\CN2[C@@H]3C[C@@H]1[C@@H](CO)[C@H]2Cc1c3[nH]c2ccccc12
ZINC000104892612,C/C=C1/CN2[C@@H]3C[C@@H]1[C@@H](CO)[C@H]2Cc1c3[nH]c2ccccc12
ZINC000104892624,C/C=C1/CN2[C@@H]3C[C@@H]1[C@@H](C=O)[C@H]2Cc1c3[nH]c2ccccc12
ZINC000104895471,CCCCCCCCCCCCCCCCCCCCCC[C@H](O)C(=O)N[C@H](CO)[C@@H](O)[C@@H](O)CCCCCCCCCCCCCC
ZINC000104966326,CCC1=N[C@H]2C[C@@]3(C(=O)N(OC)c4ccccc43)[C@H]3OC[C@H]2[C@H]1[C@H]3O
ZINC000105354554,COc1ccc2cc1Oc1ccc(cc1)C[C@@H]1c3cc(c(OC)cc3CCN1C)Oc1c(OC)c(OC)c(O)c3c1[C@H](C2)N(C)CC3
ZINC000105364686,C=C1C(=O)[C@@]23C[C@H]1C[C@H](O)[C@@H]2[C@]12CO[C@H](O)[C@H]1C(C)(C)CC[C@@H]2OC3=O
ZINC000105424960,C=C1C(=O)O[C@@H]2C[C@]3(C)O[C@@H]3CC[C@]3(C)O[C@@H]3C[C@@H]12
ZINC000105561263,C=C1[C@H]2[C@H](O)OC[C@H]3[C@H]2[C@@H](C(C)C)CC[C@@]13C
ZINC000105640348,COc1cc2oc3c(OC)ccc(O)c3c(=O)c2c(O)c1OC
ZINC000105741014,COc1cc(O)cc2oc(=O)c(-c3ccc(O)cc3O)cc12
ZINC000105931569,COc1cc2c3c(c1)COc1cc(O)cc(c1-3)CC2
ZINC000105955657,COc1cc2cc(-c3cc(O)cc(O)c3)oc2cc1O
ZINC000105991268,COc1cc2oc3c(OC)ccc(O)c3c(=O)c2c(OC)c1OC
ZINC000106886788,COc1ccc(/C=C/C(=O)c2c(OC)cc(O)c(C)c2O)cc1
ZINC000108646259,CC(=O)Oc1ccc(/C=C\C(N)=O)cc1OC(C)=O
ZINC000110786850,CC1(C)CC[C@]2(C)CC[C@]3(C)C(=CC[C@@H]4[C@]5(C)CC[C@H](O)[C@](C)(C(=O)O)[C@H]5CC[C@]43C)[C@@H]2C1
ZINC000110786854,CC1(C)CC[C@]2(C)CC[C@]3(C)C(=CC[C@@H]4[C@]5(C)CC[C@H](O)[C@@](C)(C(=O)O)[C@H]5CC[C@]43C)[C@@H]2C1
ZINC000112023320,CN1C[C@]2(C)CCC[C@]34[C@H]1[C@H](C[C@@H]32)[C@@]12CC[C@@H](C[C@H]41)[C@@](O)(CO)[C@H]2O
ZINC000113114730,CC(C)C[C@@H](c1c(O)c(C=O)c(O)c(C=O)c1O)[C@@]1(C)CC[C@@H]2[C@H]1[C@H]1[C@@H](CC[C@@]2(C)O)C1(C)C
ZINC000113114733,CC(C)C[C@H](c1c(O)c(C=O)c(O)c(C=O)c1O)[C@@]1(C)CC[C@@H]2[C@H]1[C@H]1[C@@H](CC[C@@]2(C)O)C1(C)C
ZINC000114233870,CC[C@@H](C)c1cc(=O)c2c(O)cc(O)c([C@@H]3O[C@H](CO)[C@@H](O)[C@H](O)[C@H]3O)c2o1
ZINC000114233871,CC[C@H](C)c1cc(=O)c2c(O)cc(O)c([C@@H]3O[C@H](CO)[C@@H](O)[C@H](O)[C@H]3O)c2o1
ZINC000114358461,COc1cc([C@H](O)[C@H](CO)Oc2c(OC)cc([C@@H](O)[C@@H](O)CO)cc2OC)ccc1O
ZINC000114889424,COC(=O)c1cccc(O[C@@H]2O[C@H](CO)[C@@H](O)[C@H](O)[C@H]2O)c1O
ZINC000116139657,C[C@]12O[C@H]1[C@H](O)[C@]1(O)C=CO[C@@H](O[C@@H]3O[C@H](CO)[C@@H](O)[C@H](O)[C@H]3O)[C@@H]12
ZINC000120413145,C[C@H]1[C@H]2[C@H](C[C@H]3[C@@H]4CC[C@@H]5C[C@H](O)CC[C@]5(C)[C@H]4CC[C@@]32C)O[C@]12CC[C@@H](C)CO2
ZINC000135696282,C[C@H](O[C@H]1C[C@@H](O)[C@H](O)[C@@H](C)O1)[C@@]1(O)CC[C@H]2[C@@H]3CC=C4C[C@@H](O)CC[C@]4(C)[C@H]3CC[C@@]21C
ZINC000135760605,C[C@@H]1CC(=O)CC(C)(C)[C@@]1(O)/C=C/[C@H](CO)O[C@@H]1O[C@H](CO)[C@@H](O)[C@H](O)[C@H]1O
ZINC000136163915,C[C@@H]1O[C@@H](O[C@@H]2C(=O)c3c(O)cc(O)cc3O[C@@H]2c2ccc(O)c(O)c2)[C@H](O)[C@H](O)[C@H]1O
ZINC000136327916,C=C1CC[C@H]2[C@@](C)(CCC[C@@]2(C)C(=O)O)[C@@H]1CCC1=CC(=O)O[C@H]1O
ZINC000136413921,COC(=O)[C@]12OC[C@@]34[C@H]1[C@@H](OC(=O)/C=C(\C)C(C)(C)OC(C)=O)C(=O)O[C@@H]3C[C@H]1C(C)=C(O)C(=O)C[C@]1(C)[C@@H]4[C@@H](O)[C@@H]2O
ZINC000136448559,C=CCC1=C[C@@]2(OC)C(=O)C(OC)(OC)[C@H]1[C@@H]1C(OC)(OC)C(=O)C(OC)=C[C@@]12CC=C
ZINC000136465674,CC1=C(CCc2ccoc2)[C@@]2(C)CCCC(C)(C)[C@@H]2C(=O)[C@@H]1O[C@H]1C(=O)[C@@H]2C(C)(C)CCC[C@]2(C)[C@](O)(CCc2ccoc2)[C@@H]1C
ZINC000136580067,C/C=C1/[C@H](O[C@@H]2O[C@H](CO)[C@@H](O)[C@H](O)[C@H]2O)OC=C2C(=O)OC[C@H](C)[C@@H]3[C@@H](O)C[C@H](C)[C@H]3COC(=O)C[C@H]21
ZINC000136591148,C/C=C(/C)C(=O)O[C@@H]1C[C@H](C)[C@@]2(O)CC(=O)C(C)=C2C[C@@H]1C(C)(C)OC(C)=O
ZINC000136671447,CC(=O)/C=C/C1=C(C)[C@@H](O)[C@@H](O)CC1(C)C
ZINC000136682346,CC(=O)O[C@@]12CO[C@@H]1C[C@H](O)[C@@]1(C)[C@@H](O)[C@H](O)C3=C(C)[C@@H](O)C[C@@]3(C(C)(C)O)[C@@H](OC(=O)c3ccccc3)[C@H]21
ZINC000136767614,COC(=O)c1c(O)c2ccccc2c2oc([C@@]3(C)C[C@@H]4c5c(c(O)c6ccccc6c5O3)C(=O)O[C@H]4C(C)(C)O)cc12
ZINC000136812537,CC1(C)O[C@H]2CC(=O)OC[C@@]23[C@H]1CC(=O)[C@]1(C)[C@@H]3CC[C@@]2(C)[C@H](C3=C[C@H](O)OC3=O)OC(=O)[C@H]3O[C@]321
ZINC000136823217,C=C1[C@@H](OC(=O)/C=C/c2ccccc2)CC[C@]2(C)[C@@H]1[C@H](O)[C@@H]1C[C@H](OC(C)=O)C(C)=C([C@@H](OC(C)=O)[C@@H]2OC(C)=O)C1(C)C
ZINC000137085270,C=C1[C@@H](OC(C)=O)CC[C@@]2(C)C[C@H](O)C3=C(C)C[C@H](OC(=O)[C@H](C)[C@H](C)O)[C@@H]([C@@H](OC(C)=O)[C@H]12)C3(C)C
ZINC000137124382,C[C@@]12C[C@@]3(O)O[C@@H](O1)[C@]1(COC(=O)c4ccccc4)[C@H]3C[C@]21O[C@@H]1O[C@H](COC(=O)c2ccc(O)cc2)[C@@H](O)[C@H](O)[C@H]1O
ZINC000137192488,CC(C)C1=C(O)C2=C(C(=O)C1=O)[C@@]1(C)CCCC(C)(C)[C@@H]1CC2
ZINC000137212516,C=C1[C@H]2[C@H](O)OC[C@H]3[C@H]2[C@H](C(C)C)CC[C@@]13C
ZINC000137376946,CC1(C)C=Cc2cc3c(cc2O1)O[C@H](c1ccc(O)cc1)CC3=O
ZINC000137459842,C[C@@H]1[C@@H](CO)[C@@H]2C[C@@H]3c4[nH]c5ccccc5c4C[C@H]([C@H]2CO)N31
ZINC000137529947,CC(C)=CC(=O)C[C@H](C)c1ccc(O)c(C)c1
ZINC000137750365,O=c1cc(-c2ccc(O)cc2)oc2c([C@@H]3OC[C@@H](O)[C@H](O)[C@H]3O)c(O)c([C@@H]3O[C@H](CO)[C@@H](O)[C@H](O)[C@H]3O)c(O)c12
ZINC000137814088,C=C1[C@H]2CC[C@]3([C@H]1OC(C)=O)[C@H]1C[C@@H]4[C@]5(C)CCC[C@@]4([C@@H](O1)N1CCO[C@@H]15)[C@@H]3C2
ZINC000137875996,COC(=O)C1=CCC[C@H]2[C@](C)(C[C@@H](O[C@@H]3O[C@H](CO)[C@@H](O)[C@H](O)[C@H]3O)c3ccoc3)[C@H]3C[C@H](OC3=O)[C@@]12C
ZINC000137986274,CC1(C)CC[C@]2(C(=O)O)CC[C@]3(C)C(=CC[C@@H]4[C@@]5(C)CC[C@H](OC(=O)/C=C/c6ccc(O)cc6)C(C)(C)[C@@H]5CC[C@]43C)[C@@H]2C1
ZINC000138083264,CC1=C(CCc2ccoc2)[C@@]2(C)CCCC(C)(C)[C@@H]2[C@@H](O)C1=O
ZINC000138112754,CC(C)=CC(=O)NC1=CC[C@]2(C)[C@H]3CC[C@@]4(C)[C@@H](CC[C@@H]4[C@H](C)N(C)C)[C@@H]3CC[C@H]2C1=O
ZINC000138184744,CC1=C(CO)C(=O)O[C@H]([C@@H](C)[C@H]2CC[C@H]3[C@@H]4[C@H](O)C=C5CC=CC(=O)[C@]5(C)[C@H]4CC[C@@]32C)C1
ZINC000138190632,COc1ccc([C@@H]2CC(=O)c3c(O)cc(O)cc3O2)cc1CC=C(C)C
ZINC000138240880,C[C@@H]1C[C@H](O)[C@@]2(C)C(CO)=CCC[C@@H]2[C@@]1(C)CCC1=CC(=O)O[C@@H]1O
ZINC000138240963,C[C@@H]1C[C@H](O)[C@@]2(C)C(CO)=CCC[C@@H]2[C@@]1(C)CCC1=CC(=O)O[C@H]1O
ZINC000138249657,C[C@@H]1O[C@@H](Oc2cc(O)c3c(c2)O[C@H](c2ccc(O)c(O)c2)[C@@H](O)C3=O)[C@H](O)[C@H](O)[C@H]1O
ZINC000138252519,CC1=C(C)C(=O)O[C@H]([C@](C)(O)[C@]2(O)CC[C@@]3(O)[C@@H]4C[C@H]5O[C@]56[C@@H](O)C=CC(=O)[C@]6(C)[C@H]4CC[C@]23C)C1
ZINC000138254009,COC(=O)[C@]12OC[C@@]34[C@H]1[C@@H](OC(=O)/C=C(\C)C(C)(C)OC(C)=O)C(=O)O[C@@H]3CC1=C(C)C(=O)C(O)=C[C@]1(C)[C@H]4[C@@H](O)[C@@H]2O
ZINC000138272666,CC(=O)O[C@@H]1C2=C([C@H]3OC(=O)/C(=C/O[C@H]4C=C(C)C(=O)O4)[C@@H]13)C(C)(C)CCC2
ZINC000138394421,COc1cc(C[C@H]2C(=O)OC[C@@H]2Cc2cc(OC)c(OC)c(OC)c2)ccc1O[C@@H]1O[C@H](CO)[C@@H](O)[C@H](O)[C@H]1O
ZINC000138429651,CC(C)=CCCc1c(C)ccc2c1C(=O)C(=O)C(C(C)C)=C2O
ZINC000138512795,Cc1ccc2c(c1CCCC(C)(C)O)C(=O)C(=O)C(C(C)C)=C2O
ZINC000138614807,CC1=C(C)C(=O)O[C@@H]([C@](C)(O)[C@]2(O)CC[C@@]3(O)[C@@H]4CC=C5[C@@H](O)C=CC(=O)[C@]5(C)[C@H]4CC[C@]23C)C1
ZINC000138786519,CC1=CC(=O)C[C@@H](C)[C@@]12CC[C@@H]([C@](C)(O)CO)C2
ZINC000139159090,CC[C@@]12CCc3c(c4ccccc4n3C)CCN(C[C@H]3O[C@H]31)C2
ZINC000139203427,CCO[C@@H]1O[C@H](CO[C@@H]2O[C@@H](C)[C@H](O)[C@@H](O)[C@H]2O)[C@@H](O)[C@H](O)[C@H]1O
ZINC000139296578,CC1=C(O)c2cc(C)ccc2C(=O)C1=O
ZINC000139314632,COC(=O)C1=C2CCOC3=C2C2=C1C(=O)[C@@H]1C[C@H]4N(C[C@H]1C)C[C@@H](CC3)[C@@]24C
ZINC000139462557,C=C1C[C@@]23CC[C@H]4[C@@](C)(CC[C@@H](OC(=O)/C(C)=C\C)[C@@]4(C)C(=O)O)[C@@H]2CC[C@@H]1C3
ZINC000139508391,COC(=O)C1=CC=CC2=C(CC[C@@H](C)[C@]2(C)CCc2ccoc2)C1
ZINC000139633638,CC1=CC[C@@H](OC(=O)c2cccnc2)[C@H]2[C@@]1(C)[C@@H](OC(=O)c1cccnc1)[C@H](O)[C@]1(C)O[C@@]3(CC[C@]21C)COC(=O)C3
ZINC000139645677,CC(=O)O[C@@H](CC1=C(O)C(=O)OC1)[C@]1(C)[C@H]2CCC=C(C)[C@]2(C)[C@@H](OC(=O)c2cccnc2)[C@H](OC(=O)c2cccnc2)[C@]1(C)O
ZINC000139708036,COc1c2cc(c(OC)c1OC)-c1cc(ccc1O)[C@H](O)CC(=O)CCCC2
ZINC000139708160,COc1c2cc(c(OC)c1OC)-c1cc(ccc1O)[C@@H](O)CC(=O)CCCC2
ZINC000139743334,CC1(C)C=Cc2cc(-c3ccccc3)oc(=O)c2O1
ZINC000139807989,CC1=CC[C@@H](OC(=O)c2ccccc2)[C@H]2[C@@]1(C)[C@@H](OC(=O)c1cccnc1)[C@H](O)[C@]1(C)O[C@@]3(CC[C@]21C)COC(=O)C3
ZINC000139836561,COc1ccc2cc1Oc1ccc(cc1)C[C@H]1c3cc(c(OC)cc3CCN1C)Oc1c(OC)c(OC)c(O)c3c1[C@H](C2)N(C)CC3
ZINC000140364094,CC(C)(O[C@@H]1O[C@H](CO)[C@@H](O)[C@H](O)[C@H]1O)[C@H](O)Cc1cc2ccc(=O)oc2cc1O
ZINC000140565820,COC(=O)C1=C[C@H](O)C[C@H]2[C@]3(C)C[C@@H](c4ccoc4)OC(=O)[C@H]3C[C@@H](O[C@@H]3O[C@H](CO)[C@@H](O)[C@H](O)[C@H]3O)[C@@]12C
ZINC000140695133,CC(C)C[C@H](c1c(O)c(C=O)c(O)c(C=O)c1O)[C@H]1CC[C@](C)(O)[C@H]2C[C@@H](C(C)(C)O)CC[C@@]21C
ZINC000140894656,O=C(CC[N+](=O)[O-])OC[C@H]1O[C@H](O)[C@H](OC(=O)CC[N+](=O)[O-])[C@@H](OC(=O)CC[N+](=O)[O-])[C@@H]1O
ZINC000140932602,C=C1C(=O)[C@]23C[C@H]1CC[C@H]2[C@]12[C@H](CCC(C)(C)[C@H]1[C@H](OCC)O[C@H]2O)OC3=O
ZINC000140932781,C=C1C(=O)[C@]23C[C@H]1CC[C@H]2[C@@]12[C@@H](O)O[C@@H](OCC)[C@@H]1C(C)(C)CC[C@@H]2OC3=O
ZINC000140945386,C/C=C(/C)C(=O)O[C@@H]1C[C@H](C)[C@]2(O)CC(=O)C(C)=C2C[C@@H]1C(C)(C)OC(C)=O
ZINC000141368911,CC(C)=CC[C@]12C[C@H](COC1=O)C[C@@H]2O
ZINC000141662219,CC1(C)CC[C@]2(C(=O)O)CC[C@]3(C)C(=CC[C@@H]4[C@@]5(C)CC[C@H](OC(=O)/C=C/c6ccc(O)c(O)c6)C(C)(C)[C@@H]5CC[C@]43C)[C@@H]2C1
ZINC000142577301,CCC1=N[C@H]2C[C@@]3(C(=O)N(OC)c4ccccc43)[C@H]3C[C@@H]1[C@H]2CO3
ZINC000142803199,COC1=C[C@@H](c2ccccc2)C2(C(=O)C(OC)=C(OC)C2=O)C(OC)=C[C@@H](c2ccccc2)C12C(=O)C(OC)=C(OC)C2=O
ZINC000143165797,C=CC[C@@]1(OC)C=C2C(=CC1=O)O[C@@H](c1ccc3c(c1)OCO3)[C@@H]2C
ZINC000143329710,COC(=O)C1=CO[C@@H](O[C@@H]2O[C@H](CO)[C@@H](O)[C@H](O)[C@H]2O)[C@@H]2[C@H]3CN4CCc5c([nH]c6ccccc56)[C@]4(C[C@H]12)O3
ZINC000145012024,COC(=O)C1=CCC[C@H]2[C@]3(C)C[C@@H](c4ccoc4)OC(=O)C3=C[C@H](O[C@@H]3O[C@H](CO)[C@@H](O)[C@H](O)[C@H]3O)[C@@]12C
ZINC000146803900,O=C1c2c(O)cc(O)cc2O[C@H](c2ccc(O)cc2)[C@@H]1[C@@H]1C(=O)c2c(O)cc(O)cc2O[C@H]1c1ccc(O)cc1
ZINC000146809581,COc1cc(C[C@H]2COC(=O)[C@@H]2Cc2cc(OC)c(O)c([C@@H]3O[C@H](CO)[C@@H](O)[C@H](O)[C@H]3O)c2)ccc1O
ZINC000147565515,C=C[C@@]12CN(C)[C@H]3C[C@@]14C(=Nc1ccccc14)[C@H]1C[C@@H]2[C@H]3CO1
ZINC000148357893,O=C(/C=C/c1ccc(O)cc1)O[C@H]1[C@H](Oc2c(-c3ccc(O)cc3)oc3cc(O)cc(O)c3c2=O)O[C@@H](CO)[C@@H]1O
ZINC000150010718,Cc1ccc([C@@H](C)CC(=O)CC(C)(C)O)cc1
ZINC000150338838,C=C1[C@@H](OC(=O)/C=C/c2ccccc2)C[C@H](OC(C)=O)[C@]2(C)[C@@H]1C[C@@H]1C[C@H](OC(C)=O)C(C)=C([C@@H](OC(C)=O)[C@@H]2OC(C)=O)C1(C)C
ZINC000150339352,O=C(O[C@@H]1Cc2c(O)cc(O)c([C@H]3c4c(O)cc(O)cc4O[C@H](c4ccc(O)c(O)c4)[C@@H]3OC(=O)c3cc(O)c(O)c(O)c3)c2O[C@@H]1c1ccc(O)c(O)c1)c1cc(O)c(O)c(O)c1
ZINC000150340779,C=C1[C@@H](OC(=O)/C=C/c2ccccc2)CC[C@]2(C)[C@@H]1[C@H](OC(C)=O)[C@@H]1C[C@H](OC(C)=O)C(C)=C([C@@H](OC(C)=O)[C@@H]2OC(C)=O)C1(C)C
ZINC000150340856,O=c1cc(-c2ccc(O)cc2)oc2c([C@H]3O[C@H](CO)[C@@H](O[C@@H]4O[C@H](CO)[C@@H](O)[C@H](O)[C@H]4O)[C@H](O)[C@H]3O)c(O)cc(O)c12
ZINC000150349645,O=C(O[C@@H]1Cc2c(cc(O)c([C@H]3c4c(O)cc(O)cc4O[C@H](c4ccc(O)c(O)c4)[C@@H]3OC(=O)c3cc(O)c(O)c(O)c3)c2O)O[C@@H]1c1ccc(O)c(O)c1)c1cc(O)c(O)c(O)c1
ZINC000150352315,CCCCCCCCCCCCCCCCCCCCCC[C@H](OC(C)=O)C(=O)N[C@H](COC(C)=O)[C@H](OC(C)=O)[C@@H](CCCCCCCCCCCCCC)OC(C)=O
ZINC000150352328,CC(=O)OC[C@H]1O[C@@H](Oc2cccc3c2C(=O)O[C@H](c2ccc(OC(C)=O)cc2)C3)[C@H](OC(C)=O)[C@@H](OC(C)=O)[C@@H]1OC(C)=O
ZINC000150352471,COc1cc([C@H](O)[C@H]2CO[C@@H](c3cc(OC)c(O)c(OC)c3)[C@@H]([C@@H]3CO[C@H]([C@H](O)c4ccc(O)c(OC)c4)CO[C@@H]3c3cc(OC)c(O)c(OC)c3)CO2)ccc1O
ZINC000150352473,COc1cc([C@@H](O)[C@@H]2CO[C@H](c3cc(OC)c(O)c(OC)c3)[C@H]([C@H]3CO[C@@H]([C@H](O)c4ccc(O)c(OC)c4)CO[C@H]3c3cc(OC)c(O)c(OC)c3)CO2)ccc1O
ZINC000150352475,COc1cc([C@H](O)[C@@H]2CO[C@H](c3cc(OC)c(O)c(OC)c3)[C@H]([C@H]3CO[C@@H]([C@@H](O)c4ccc(O)c(OC)c4)CO[C@H]3c3cc(OC)c(O)c(OC)c3)CO2)ccc1O
ZINC000150352478,COc1cc([C@H](O)[C@@H]2CO[C@H](c3cc(OC)c(O)c(OC)c3)[C@H]([C@H]3CO[C@@H]([C@H](O)c4ccc(O)c(OC)c4)CO[C@H]3c3cc(OC)c(O)c(OC)c3)CO2)ccc1O
ZINC000150371913,COc1cc(O)c2c(=O)c(O[C@@H]3O[C@H](CO[C@@H]4O[C@@H](C)[C@H](O)[C@@H](O)[C@H]4O)[C@@H](O)[C@H](O)[C@H]3O)c(-c3ccc(OC)c(O)c3)oc2c1
ZINC000150528319,O=C(O[C@@H]1[C@@H](c2ccc(O)c(O)c2)Oc2cc(O)cc(O)c2[C@@H]1c1c(O)cc(O)c2c1O[C@H](c1ccc(O)c(O)c1)[C@H](OC(=O)c1cc(O)c(O)c(O)c1)C2)c1cc(O)c(O)c(O)c1
ZINC000150664861,CCCCCCCCCCCCCCCCCCCCCC[C@H](OC(C)=O)C(=O)N[C@H](COC(C)=O)[C@H](OC(C)=O)[C@H](CCCCCCCCCCCCCC)OC(C)=O
ZINC000150670412,O=C(O[C@@H]1O[C@H]2COC(=O)c3cc(O)c(O)c(O)c3-c3c(cc(O)c(O)c3O)C(=O)O[C@@H]([C@H]2O)[C@@H]1O)c1cc(O)c(O)c(O)c1
ZINC000153256643,CC1=C(C)C(=O)O[C@H]([C@](C)(O)[C@]2(O)CC[C@@]3(O)[C@@H]4CC=C5[C@@H](O)C=CC(=O)[C@]5(C)[C@H]4CC[C@]23C)C1
ZINC000154453435,C=CCc1ccc(Oc2cc([C@@H]3Oc4cc(CC=C)cc(Oc5ccc(CC=C)cc5)c4O[C@H]3COc3ccc(CC=C)cc3-c3cc(CC=C)ccc3O)cc(O)c2O)cc1
ZINC000155319216,COc1c(O)cc([C@@H]2Oc3cc(O)ccc3C(=O)[C@H]2O)cc1O
ZINC000161519650,CC(=O)O[C@H]1C[C@H]2OC[C@@]2(OC(C)=O)[C@@H]2[C@H](OC(C)=O)[C@]3(C(C)(C)O)C[C@H](O)C(C)=C3[C@@H](OC(=O)c3ccccc3)[C@H](OC(C)=O)[C@]12C
ZINC000161527600,COc1ccc2cc1Oc1ccc(cc1)C[C@H]1c3c(c(OC)c(OC)c(OC)c3Oc3cc4c(cc3OC)CCN(C)[C@H]4C2)CCN1C
ZINC000162480443,CC(=O)O[C@H]1[C@H](C)O[C@@H](O[C@H]2[C@H](c3c(O)cc(O)c4c(=O)cc(-c5ccc(O)cc5)oc34)O[C@H](CO)[C@@H](O)[C@@H]2O)[C@H](O)[C@@H]1O
ZINC000162674037,O=C1c2c(O)cc(O)cc2O[C@H](c2cc(O)c(O)c(O)c2-c2c([C@H]3Oc4cc(O)cc(O)c4C(=O)[C@@H]3O)cc(O)c(O)c2O)[C@H]1O
ZINC000164595515,O=C1C[C@@H](c2ccc(O)c(O)c2)c2c(cc(O)c3c2O[C@H](c2ccc(O)c(O)c2)[C@H](O)[C@H]3c2c(O)cc(O)c3c2O[C@H](c2ccc(O)c(O)c2)[C@H](O)C3)O1
ZINC000164811870,C/C=C1/[C@@H]2OC=C(C(=O)OC)[C@@H]1CC(=O)OC[C@H](c1ccc(O)c(O)c1)OC[C@@H]1O[C@H](O2)[C@@H](O)[C@H](O)[C@H]1O
ZINC000166052042,COC(=O)[C@@]12C=C[C@H](OC(C)=O)[C@@H]3[C@@](C)(CCc4ccoc4)[C@H](C)CC[C@]31C2
ZINC000166512769,CC1(C)CCC[C@@]2(C)C(CO)=C[C@@H]1[C@@H]2CCO
ZINC000166780122,CC1(C)CC[C@H](O)[C@]2(C)[C@H]3Cc4occc4[C@@](C)(O)[C@@H]3[C@@H](O)[C@H](O)[C@@]12O
ZINC000166796477,CC(=O)O[C@H]1C[C@H]2[C@@H](OC(C)=O)[C@@H]3[C@]4(OC(C)=O)CO[C@@H]4C[C@H](OC(C)=O)[C@@]3(C)[C@@H](OC(C)=O)[C@H](OC(C)=O)C(=C1C)C2(C)C
ZINC000169289506,O=C1O[C@H]2[C@@H]3OC(=O)c4cc(O)c(O)c(O)c4-c4c(cc(O)c(O)c4O)C(=O)OC[C@H]2O[C@@H](OC(=O)c2cc(O)c(O)c(O)c2)[C@@H]3OC(=O)c2cc(O)c(O)c3c2[C@@H]2C1=CC(=O)[C@](O)(O3)C2(O)O
ZINC000169289809,O=P(O)(O)O[C@H]1[C@H](OP(=O)(O)O)[C@@H](OP(=O)(O)O)[C@H](OP(=O)(O)O)[C@@H](OP(=O)(O)O)[C@H]1OP(=O)(O)O
ZINC000169291061,C[C@@H]1[C@H]2C3=CC[C@@H]4[C@@]5(C)CC[C@H](O[C@@H]6O[C@H](C)[C@@H](O)[C@H](O)[C@H]6O)C(C)(C)[C@@H]5CC[C@@]4(C)[C@]3(C(=O)O)CC[C@@]2(C(=O)O[C@@H]2O[C@H](CO)[C@@H](O)[C@H](O)[C@H]2O)CC[C@H]1C
ZINC000169292785,O=C(OC[C@H]1O[C@@H](OC(=O)c2cc(O)c(O)c(O)c2)[C@H](OC(=O)c2cc(O)c(O)c(O)c2)[C@@H](OC(=O)c2cc(O)c(O)c(O)c2)[C@@H]1OC(=O)c1cc(O)c(O)c(O)c1)c1cc(O)c(O)c(O)c1
ZINC000169292837,CCCN1C[C@H](C)[C@@H](O)[C@](C)(O)[C@@H](CC)OC(=O)[C@H](C)[C@@H](O[C@H]2C[C@@](C)(OC)[C@@H](O)[C@H](C)O2)[C@H](C)[C@@H](O[C@@H]2O[C@H](C)C[C@H](N(C)C)[C@H]2O)[C@](C)(O)C[C@H]1C
ZINC000169294236,COC(=O)C1=CO[C@@H](O[C@@H]2O[C@H](CO)[C@@H](O)[C@H](O)[C@H]2O)[C@H]2[C@H](C)O[C@H](O)C[C@H]12
ZINC000169295723,C=C/C(C)=C/C[C@@H]1C(=C)CC[C@@H]2[C@@](C)(C(=O)O)CCC[C@]21C
ZINC000169296903,O=C(O)c1cc(O)c2c(c1)[C@H]([C@H]1c3cc(C(=O)O)cc(O)c3C(=O)c3c(O[C@@H]4O[C@H](CO)[C@@H](O)[C@H](O)[C@H]4O)cccc31)c1cccc(O[C@@H]3O[C@H](CO)[C@@H](O)[C@H](O)[C@H]3O)c1C2=O
ZINC000169300321,CCN1C[C@@]2(COC)[C@H]3[C@@H](OC)[C@H]4[C@H]1[C@]3([C@@H](OC)C[C@H]2O)[C@@H]1C[C@@]2(O)[C@@H](OC)[C@H](O)[C@@]4(OC(C)=O)[C@H]1[C@H]2OC(=O)c1ccccc1
ZINC000169318983,C[C@@H]1CC[C@]2(C(=O)O[C@@H]3O[C@H](CO)[C@@H](O)[C@H](O)[C@H]3O)CC[C@]3(C)C(=CC[C@@H]4[C@@]5(C)CC[C@H](O)C(C)(C)[C@@H]5CC[C@]43C)[C@@H]2[C@]1(C)O
ZINC000169335484,O=C(O)c1cc(O)c2c(c1)[C@@H]([C@H]1c3cc(C(=O)O)cc(O)c3C(=O)c3c(O[C@@H]4O[C@H](CO)[C@@H](O)[C@H](O)[C@H]4O)cccc31)c1cccc(O[C@@H]3O[C@H](CO)[C@@H](O)[C@H](O)[C@H]3O)c1C2=O
ZINC000169345514,O=C(/C=C/c1ccc(O)cc1)C1=C(O)[C@](O)([C@@H]2O[C@H](CO)[C@@H](O)[C@H](O)[C@H]2O)C(O)=C([C@@H]2O[C@H](CO)[C@@H](O)[C@H](O)[C@H]2O)C1=O
ZINC000169345516,O=C(/C=C/c1ccc(O)cc1)C1=C(O)[C@@](O)([C@@H]2O[C@H](CO)[C@@H](O)[C@H](O)[C@H]2O)C(O)=C([C@@H]2O[C@H](CO)[C@@H](O)[C@H](O)[C@H]2O)C1=O
ZINC000169357064,CC(=O)O[C@H]1C(=O)[C@]2(C)[C@H](O)C[C@H]3OC[C@@]3(OC(C)=O)[C@H]2[C@H](OC(=O)c2ccccc2)[C@]2(O)C[C@H](OC(=O)[C@H](O)[C@@H](NC(=O)c3ccccc3)c3ccccc3)C(C)=C1C2(C)C
ZINC000169360236,CC(=O)O[C@H]1C(=O)[C@@]2(C)[C@@H]([C@H](OC(=O)c3ccccc3)[C@]3(O)C[C@H](OC(=O)[C@H](O)[C@@H](NC(=O)c4ccccc4)c4ccccc4)C(C)=C1C3(C)C)[C@]1(OC(C)=O)CO[C@@H]1C[C@H]2O
ZINC000169362322,COC(=O)[C@@]1(C)CC[C@]2(C(=O)O)CC[C@]3(C)C(=CC[C@@H]4[C@@]5(C)C[C@H](O)[C@H](O[C@@H]6OC[C@@H](O[C@@H]7O[C@H](CO)[C@@H](O)[C@H](O)[C@H]7O)[C@H](O)[C@H]6O)[C@@](C)(CO)[C@@H]5CC[C@]43C)[C@@H]2C1
ZINC000169364915,CC1=C(/C=C/C(C)=C/C=C/C(C)=C/C=C\C=C(C)\C=C\C=C(C)\C=C\C2=C(C)C(=O)[C@@H](O)CC2(C)C)C(C)(C)C[C@H](O)C1=O
ZINC000169368408,CCCCCC(=O)N(C)[C@@H](c1ccccc1)[C@@H](O)C(=O)O[C@H]1C[C@@]2(O)[C@@H](OC(=O)c3ccccc3)[C@H]3[C@](C)(C(=O)[C@H](OC(C)=O)C(=C1C)C2(C)C)[C@@H](O)C[C@H]1OC[C@]13OC(C)=O
ZINC000169423391,C=C1CC[C@@H]2[C@@H](c3ccccc3)c3c(O)c(C=O)c(O)c(C=O)c3O[C@@]2(C)CC[C@@H]2[C@@H]1CC2(C)C
ZINC000169466622,COc1cc(C2=NC(C)(C)N=C2C)ccc1O
ZINC000169490424,C=C1C(=O)O[C@@H]2C[C@H](C)[C@@]3(O)C[C@@H](O)[C@@](C)(C[C@@H](OC(=O)C(C)C)[C@@H]12)O3
ZINC000169503604,C=C(C(=O)O)[C@@H]1C=C2[C@H](C)CCC[C@@]2(C)CC1
ZINC000169516241,COc1cc2cc(c1O)-c1cc(ccc1O)C[C@@H](O)[C@H](O)CCCC2
ZINC000169525207,C=C1C[C@@]23CC[C@@H]4C(C)(C)C(=O)CC[C@@]4(C)[C@@H]2C[C@@H]1[C@@H](O)C3=O
ZINC000169621652,C[C@H]1CC[C@@]2(OC1)O[C@H]1C[C@H]3[C@@H]4CC[C@]5(O)[C@@H](O)[C@@H](O)C[C@@H](O)[C@]5(C)[C@H]4CC[C@]3(C)[C@H]1[C@@H]2C
ZINC000169641718,C=C1C(=O)[C@@]23[C@@H](O)[C@@H]1CC[C@@H]2[C@]12CO[C@@]3(O)[C@H](O)[C@H]1C(C)(C)CC[C@H]2OC(C)=O
ZINC000169650001,C=C1CC[C@@H]2[C@H](c3ccccc3)c3c(O)c(C=O)c(O)c(C=O)c3O[C@@]2(C)CC[C@H]2[C@H]1CC2(C)C
ZINC000169652803,CC1(C)CC[C@@]2(C)CC=C3[C@@]4(C)CC[C@@H]5C(C)(C)[C@@H](O)CC[C@@]5(C)[C@@H]4CC[C@]3(C)[C@H]2C1
ZINC000169664073,C[C@@H]1O[C@@H](O[C@H]2[C@H](Oc3cc(O)cc4oc(-c5ccc(O)cc5)cc(=O)c34)O[C@H](CO)[C@@H](O)[C@@H]2O)[C@H](O)[C@H](O)[C@H]1O
ZINC000169670837,C=C1C(=O)O[C@H]2[C@@H](OC(C)=O)[C@]3(C)[C@@H]([C@H](OC(=O)C(C)C)[C@@H]12)[C@](C)(O)CC[C@H]3OC(C)=O
ZINC000169670838,C=C1C(=O)O[C@H]2[C@@H](OC(C)=O)[C@@]3(C)[C@H](OC(C)=O)CC[C@@](C)(O)[C@H]3[C@H](OC(=O)C(C)C)[C@@H]12
ZINC000169673373,CC1(C)CCC[C@@]2(C)[C@H]1CC[C@]1(C)[C@@H]2CC[C@@H]2[C@@]3(C)CCC(=O)[C@@](C)(O)[C@@H]3CC[C@]21C
ZINC000169721173,COc1ccc(-c2oc3c(CC=C(C)C)c(O[C@@H]4O[C@H](CO)[C@@H](O)[C@H](O)[C@H]4O)cc(O)c3c(=O)c2O[C@@H]2O[C@@H](C)[C@H](O)[C@@H](O)[C@H]2O[C@@H]2O[C@@H](C)[C@H](O)[C@@H](O)[C@H]2O)cc1
ZINC000169721177,COc1ccc(-c2oc3c(CC=C(C)C)c(O[C@@H]4O[C@H](CO)[C@@H](O)[C@H](O)[C@H]4O)cc(O)c3c(=O)c2O[C@@H]2O[C@@H](C)[C@H](O)[C@@H](O)[C@H]2O[C@@H]2OC[C@@H](O)[C@H](O)[C@H]2O)cc1
ZINC000169724085,C[C@@H]1O[C@@H](O[C@H]2[C@H](Oc3cc(O)c4c(=O)cc(-c5ccc(O)cc5)oc4c3)O[C@H](CO[C@@H]3O[C@@H](C)[C@H](O)[C@@H](O)[C@H]3O)[C@@H](O)[C@@H]2O)[C@H](O)[C@H](O)[C@H]1O
ZINC000169724091,O=c1cc(-c2ccc(O[C@@H]3O[C@H](CO)[C@@H](O)[C@H](O)[C@H]3O)cc2)oc2cc(O)c([C@@H]3O[C@H](CO)[C@@H](O)[C@H](O)[C@H]3O[C@@H]3OC[C@H](O)[C@H](O)[C@H]3O)c(O)c12
ZINC000169748412,C=CC[C@@]12C=C(OC)C(=O)[C@@H](C1=O)[C@@H](c1cc(OC)c(OC)c(OC)c1)[C@@H]2C
ZINC000169748435,CCCCCCCCCCCCCCCCCCCCCC[C@H](OC(C)=O)C(=O)N[C@H](COC(C)=O)[C@@H](OC(C)=O)[C@@H](CCCCCCCCCCCCCC)OC(C)=O
ZINC000195512900,COc1cc(C(=O)O[C@@H]2C[C@]34CCN[C@@]35C[C@@H](O[C@@]5(OC)[C@@H]2O)c2cc3c(cc24)OCO3)ccc1O
ZINC000195823779,O=c1cc(-c2ccccc2)oc2cc(O[C@@H]3O[C@H](CO[C@@H]4O[C@H](CO)[C@@H](O)[C@H](O)[C@H]4O)[C@@H](O)[C@H](O)[C@H]3O)c(O)c(O)c12
ZINC000195880569,C=C1[C@@H](OC(=O)/C=C/c2ccccc2)CC[C@]2(C)[C@@H]1[C@H](OC(C)=O)[C@@H]1C[C@H](OC(C)=O)C(C)=C([C@@H](OC(C)=O)[C@@H]2O)C1(C)C
ZINC000195952151,CC(=O)O[C@@H]1[C@@H](OC(=O)/C=C/c2ccc(O)cc2)[C@H](Oc2c(-c3ccc(O)cc3)oc3cc(O)cc(O)c3c2=O)O[C@H](COC(=O)/C=C/c2ccc(O)cc2)[C@H]1OC(C)=O
ZINC000195964422,COc1ccc(-c2cc(=O)c3c(O)c(O[C@@H]4O[C@H](CO)[C@@H](O)[C@H](O)[C@H]4O[C@@H]4O[C@@H](C)[C@H](O)[C@@H](O)[C@H]4O)c(OC)cc3o2)cc1
ZINC000195983050,COc1ccc(-c2oc3c(CC=C(C)C)c(O)cc(O)c3c(=O)c2O[C@@H]2O[C@@H](C)[C@H](O)[C@@H](O)[C@H]2O[C@@H]2OC[C@@H](O)[C@H](O)[C@H]2O)cc1
ZINC000196043113,CC(C)=CCC/C(C)=C/CC/C(C)=C/CC/C(C)=C/CC/C(C)=C\CC/C(C)=C\CO
ZINC000196281407,COC(=O)C1=CO[C@@H](O)[C@H]2[C@@H](CO)CC[C@H]12
ZINC000196281423,COC(=O)C1=CO[C@@H](O)[C@@H]2[C@@H](CO)CC[C@H]12
ZINC000196416965,CC1(C)CCC[C@@]1(C)c1ccc(C=O)cc1
ZINC000196512953,CC(C)C1=C(O)c2ccc3c(c2C(=O)C1=O)CCCC3(C)C
ZINC000196523163,O=C1N=CN=C2N=CN=C12
ZINC000196539341,Cc1ccc([C@H](C)CC(=O)CC(C)(C)O)cc1
ZINC000196711983,CCCCCC[C@H](O)C/C=C\CCCCCCCC(=O)OCC(COC(=O)CCCCCCC/C=C\C[C@@H](O)CCCCCC)OC(=O)CCCCCCC/C=C\C[C@@H](O)CCCCCC
ZINC000196711996,CCCCCC[C@H](O)C/C=C\CCCCCCCC(=O)OCC(COC(=O)CCCCCCC/C=C\C[C@@H](O)CCCCCC)OC(=O)CCCCCCC/C=C\C[C@H](O)CCCCCC
ZINC000196741095,C[C@@]12C[C@@H](c3ccoc3)OC(=O)[C@H]1CC(=O)[C@@H]1[C@H]3C[C@@H](C[C@H]12)OC3=O
ZINC000196864765,CC[C@@H](O)[C@H](O)C/C=C/C/C=C/CCCCCCCC(=O)O
ZINC000196865227,CC[C@H](O)[C@@H](O)C/C=C/C/C=C/CCCCCCCC(=O)O
ZINC000197135224,CC1(C)OC[C@@H]([C@](C)(O)CO)O1
ZINC000197135238,CC1(C)OC[C@@H]([C@@](C)(O)CO)O1
ZINC000197277465,C[C@]1(O)C[C@H](C[C@]2(C)O[C@H]2COc2ccc3ccc(=O)oc3c2)OC1=O
ZINC000197396103,C[C@H]1CC[C@@H](O)[C@]2(C)CC[C@H](C(C)(C)O)C=C12
ZINC000197452689,C=C1C(=O)[C@@]23CC[C@@H]4[C@](C)(C(=O)O)CCC[C@@]4(C)[C@@H]2[C@@H](O)C[C@@H]1C3
ZINC000198014381,C/C=C(/C)C(=O)Oc1c(OC)c(OC)cc2c1-c1c(cc(OC)c(OC)c1OC)C[C@@H](C)[C@@H](C)C2
ZINC000198415866,CC(=O)O[C@H]1CCC(C)(C)[C@]2(O)[C@@H](OC(C)=O)[C@H](OC(C)=O)[C@@H]3[C@H](C[C@@]4(O)OC(=O)C=C4[C@@]3(C)O)[C@@]12C
ZINC000198428162,COC(=O)[C@@H](Cc1ccc(O)c(O)c1)OC(=O)/C=C/c1ccc(O)c2c1[C@H](C(=O)O[C@H](Cc1ccc(O)c(O)c1)C(=O)O)[C@@H](c1ccc(O)c(O)c1)O2
ZINC000198785299,COc1cc([C@H](O)[C@H](CO)Oc2c(OC)cc([C@@H]3OC[C@@H]4[C@H]3CO[C@H]4c3cc(OC)c(O[C@@H](CO)[C@H](O)c4ccc(O)c(OC)c4)c(OC)c3)cc2OC)ccc1O
ZINC000198820141,COc1cc([C@@H](O)[C@H](CO)Oc2c(OC)cc([C@@H]3OC[C@@H]4[C@H]3CO[C@H]4c3cc(OC)c(O[C@@H](CO)[C@H](O)c4ccc(O)c(OC)c4)c(OC)c3)cc2OC)ccc1O
ZINC000199027146,O=C(O)[C@@H]1O[C@@H](Oc2cc3oc(-c4ccccc4)cc(=O)c3c(O)c2O)[C@@H](O)[C@H](O)[C@H]1O
ZINC000199432925,COc1c(-c2cc(O)c(O)c(CC=C(C)C)c2)oc2c(CC=C(C)C)c(O)cc(O)c2c1=O
ZINC000200058134,C=C1CC[C@H]2C(C)(C)CCC[C@]2(C)[C@H]1/C=C/C1=C[C@H](OC)OC1=O
ZINC000200064353,C[C@H]1OC(=O)C[C@@H]2C(C(=O)O)=CO[C@@H](O[C@@H]3O[C@H](COC(=O)/C=C/c4ccccc4)[C@@H](O)[C@H](O)[C@H]3O)[C@@H]21
ZINC000200107573,Cc1cc(O)c2c(c1)Cc1cc(O)cc(O)c1OC2=O
ZINC000202695113,CCCCCc1cc(O)c2c(c1)OC(C)(C)C1=C2[C@@H](OCC)[C@](C)(O)CC1
ZINC000203341547,O=C1C=CC[C@H](C[C@H](O)C[C@@H](O)/C=C/c2ccccc2)O1
ZINC000203454382,C=C(C)[C@]1(O)C(=O)C[C@@H](C)[C@@H]2CC(=O)C(C)=C[C@@H]21
ZINC000203535351,COc1cc([C@H](O)[C@H](CO)Oc2c(OC)cc([C@H](O)[C@H](O)CO)cc2OC)ccc1O
ZINC000205036612,C/C(=C\C(=O)CC(C)C)[C@@H]1CC=C(C(=O)O)CC1
ZINC000205244554,CC(=O)OCC1=CO[C@@H](OC(=O)CC(C)C)[C@H]2C1=C[C@H](OC(=O)CC(C)(C)OC(C)=O)[C@]2(O)CCl
ZINC000205780671,C[C@@]1([C@@H](O)CO)C=C2CC[C@H]3[C@@H](C[C@H](O)C[C@@]3(C)CO)[C@@]2(C)CC1
ZINC000205876878,C[C@@]12CCC[C@@](C)(C(=O)O)[C@H]1CC[C@]13C=C(CO)[C@H](CC[C@@H]21)C3
ZINC000205972582,CC1=CC(=O)O[C@H](/C=C(\C)CCC[C@](C)(O)C2=CC(=O)C(C)(C)O2)C1
ZINC000206174820,CC1(C)CC[C@]2(C(=O)O)CC[C@]3(COC(=O)/C=C/c4ccc(O)c(O)c4)C(=CC[C@@H]4[C@@]5(C)CC[C@@H](OC(=O)/C=C/c6ccc(O)c(O)c6)C(C)(C)[C@@H]5CC[C@]43C)[C@@H]2C1
ZINC000206392140,C/C=C1/CN(C)[C@@H]2Cc3c([nH]c4ccc(OC)cc34)C(=O)C[C@@H]1[C@@H]2CO
ZINC000206485257,CC(=O)O[C@@H](CCc1ccc(O)cc1)C[C@@H](CCc1ccc(O)c(O)c1)OC(C)=O
ZINC000206485300,CC(=O)O[C@@H](CCc1ccc(O)cc1)C[C@H](CCc1ccc(O)c(O)c1)OC(C)=O
ZINC000206485340,CC(=O)O[C@@H](CCc1ccc(O)c(O)c1)C[C@@H](CCc1ccc(O)cc1)OC(C)=O
ZINC000206485376,CC(=O)O[C@@H](CCc1ccc(O)cc1)C[C@H](O)CCc1ccc(O)cc1
ZINC000206485415,CC(=O)O[C@@H](CCc1ccc(O)cc1)C[C@@H](O)CCc1ccc(O)cc1
ZINC000206485454,CC(=O)O[C@H](CCc1ccc(O)cc1)C[C@@H](O)CCc1ccc(O)cc1
ZINC000206658454,COc1cc2c(cc1OC)[C@H](Cc1ccc(O)c(Oc3cc4c(cc3OC)CCN(C)[C@@H]4Cc3ccc(O)cc3)c1)N(C)CC2
ZINC000207633983,CC(=O)O[C@@H]1[C@H](OC(C)=O)CC(C)(C)[C@@]2(O)CCc3c(cc4occc4c3C)[C@]12C
ZINC000207881934,COc1c(-c2ccc(O)c(O)c2)oc2c(C/C=C(\C)CCC=C(C)C)c(O)cc(O)c2c1=O
ZINC000208937772,CC1=CC(=O)O[C@H](/C=C(\C)CCC[C@H]2CC[C@@](CCC/C(C)=C/[C@@H]3CC(C)=CC(=O)O3)(C3=CC(=O)C(C)(C)O3)C3=C2OC(C)(C)C3=O)C1
ZINC000208937906,CC1=CC(=O)O[C@H](/C=C(\C)CCC[C@H]2CC[C@](CCC/C(C)=C/[C@@H]3CC(C)=CC(=O)O3)(C3=CC(=O)C(C)(C)O3)C3=C2OC(C)(C)C3=O)C1
ZINC000209716354,C=C1C(=O)[C@]23C[C@@H](O)[C@H]4[C@@](C)(C(=O)O)CCC[C@]4(C)C2=CC[C@@]1(O)C3
ZINC000209716609,C=C1C(=O)[C@]23CC[C@H]4[C@@](C)(C(=O)O)CCC[C@]4(C)C2=CC[C@@]1(O)C3
ZINC000210311622,COc1ccc2c(c1)O[C@H]1[C@@]3(O)C=CC(=O)C=C3OC[C@@]21O
ZINC000211029398,C=C1[C@H]2C[C@H]2[C@]2(C)C=C3OC(=O)C(C)=C3[C@H](OC(C)=O)[C@@H]12
ZINC000212540889,C[C@@H]1O[C@@H](Oc2cc(O)c3c(=O)c(O)c(-c4ccc(O)cc4)oc3c2O)[C@H](O)[C@H](O[C@@H]2O[C@H](CO)[C@@H](O)[C@H](O)[C@H]2O)[C@H]1O
ZINC000214550586,Cc1ccc([C@@H](C)CC[C@H](O)C(C)(C)O)cc1
ZINC000214550636,Cc1ccc([C@H](C)CC[C@H](O)C(C)(C)O)cc1
ZINC000214550690,Cc1ccc([C@@H](C)CC[C@@H](O)C(C)(C)O)cc1
ZINC000214550746,Cc1ccc([C@H](C)CC[C@@H](O)C(C)(C)O)cc1
ZINC000215464627,COC1=C[C@@H](c2ccccc2)C2(C(=O)C(OC)=C(OC)C2=O)[C@@H](c2ccccc2)[C@@H]1C(OC)=C1C(=O)C(OC)=C(OC)C1=O
ZINC000216140686,COc1ccc(C(C)=O)cc1[C@@H](O)CC(C)C
ZINC000216140733,COc1ccc(C(C)=O)cc1[C@H](O)CC(C)C
ZINC000218546160,CC(C)=CCC/C(C)=C/CC[C@@]1(C)C=Cc2c(C)cc(O)cc2O1
ZINC000220309589,C[C@@H]1CC=CC2=CC(=O)[C@@H]3[C@@H](C3(C)C)[C@]21C
ZINC000221506219,CC1(C)CC[C@]2(C)CC[C@]3(C)C(=C[C@@H](O)[C@H]4[C@@]5(C)CC[C@H](O)C(C)(C)[C@@H]5CC[C@]43C)[C@@H]2C1
ZINC000222165360,COC(=O)[C@@H]1c2ccoc2C[C@H]2[C@H]1[C@@H](OC(C)=O)C[C@@]1(O)C(C)(C)CCC(=O)[C@]21C
ZINC000222165463,COC(=O)[C@@H]1c2ccoc2C[C@H]2[C@@H]1[C@@H](OC(C)=O)C[C@@]1(O)C(C)(C)CCC(=O)[C@]21C
ZINC000222240955,COc1cc([C@@H](O[C@@H]2O[C@H](CO)[C@@H](O)[C@H](O)[C@H]2O)[C@@H](CO)Oc2c(OC)cc(/C=C/CO)cc2OC)ccc1O
ZINC000222368940,COc1cc(C(=O)OCCc2ccc(O)cc2)ccc1O
ZINC000222466334,CC(C)=CC(=O)[C@H](O)[C@H](C)c1ccc(C)cc1
ZINC000223284843,COC1(OC)CCC(O)(CCO)CC1
ZINC000225452336,C=C1C(=O)O[C@@H]2CC(C)=C([C@@H](C)CCCOC(C)=O)[C@@H](OC(=O)C(C)C)[C@H]12
ZINC000225550074,CC[C@@H](C)C(=O)c1c(O)c(C)c(O)c(C)c1OC
ZINC000225550110,CC[C@H](C)C(=O)c1c(O)c(C)c(O)c(C)c1OC
ZINC000226772544,CN1[C@H]2C[C@@H](OC(=O)[C@@H](CO)c3ccccc3)C[C@H]1C[C@H]2O
ZINC000229766288,COc1ccc([C@H]2OC[C@@H]3[C@H](c4cc(OC)c5c(c4)OCO5)OC[C@H]23)cc1OC
ZINC000229769667,COc1ccc([C@H]2Oc3cc(O)cc(O)c3C(=O)[C@H]2[C@@H]2C(=O)c3c(O)cc(O)cc3O[C@H]2c2ccc(OC)cc2)cc1
ZINC000230102752,CC(=O)CC[C@H]1[C@@H]([C@@H]2C(=O)CC[C@@]2(C)[C@@H](CC(C)C)c2c(O)c(C=O)c(O)c(C=O)c2O)C1(C)C
ZINC000231128209,CC1=C[C@@H]2[C@H](CC1)[C@@H](C)CC[C@]2(O)C(C)C
ZINC000232322321,C/C=C1/CN2CC[C@@]34c5ccccc5N[C@@]23[C@@H](O)C[C@@H]1[C@]4(CO)C(=O)OC
ZINC000238732414,CCC[C@@H]1CC(=O)Oc2c(C(=O)[C@@H](C)[C@H](C)O)c(O)c3c(c21)OC(C)(C)C=C3
ZINC000238732770,C[C@H]1C(=O)CC[C@H]2[C@]3(C)CC[C@@]4(C)[C@@H]5CC(C)(C)CC[C@]5(C=O)CC[C@]4(C)[C@H]3CC[C@@]21C
ZINC000238734149,C[C@]1(OC(=O)c2ccccc2)C[C@@H](O)[C@]2(O)C=CO[C@@H](O[C@@H]3O[C@H](CO)[C@@H](O)[C@H](O)[C@H]3O)[C@H]12
ZINC000238734344,CC1=C(C)C(=O)O[C@@H]([C@](C)(O)[C@]2(O)CC[C@@]3(O)[C@@H]4C[C@@H](O)[C@@]5(Cl)CC=CC(=O)[C@]5(C)[C@H]4CC[C@]23C)C1
ZINC000238734398,COc1cc([C@@H](O[C@@H]2O[C@H](CO)[C@@H](O)[C@H](O)[C@H]2O)[C@H](CO)Oc2c(OC)cc(/C=C/CO)cc2OC)ccc1O
ZINC000238734618,C[C@@]1(O)C[C@@]23CC[C@@H]4[C@](C)(CO)CCC[C@@]4(CO)[C@@H]2CC[C@@H]1C3
ZINC000238735086,O=C1C[C@@H](c2ccc(O)cc2)Oc2cc(O[C@@H]3O[C@H](CO[C@@H]4OC[C@](O)(CO)[C@H]4O)[C@@H](O)[C@H](O)[C@H]3O)cc(O)c21
ZINC000238735164,COC(=O)[C@@H]1C2=CC(=O)O[C@]2(O)C[C@H]2[C@H]1[C@@H](OC(C)=O)C[C@@]1(O)C(C)(C)CC[C@H](OC(C)=O)[C@]21C
ZINC000238737395,C=C(CCC[C@H](C)CCC[C@H](C)CCCC(C)C)[C@H](CO)C/C=C(\C)CCC[C@@H](C)CCC[C@@H](C)CCCC(C)C
ZINC000238737553,C=C[C@@]1(C)CC[C@@H]2[C@](C)(CC[C@@H]3[C@@](C)(CO)CCC[C@]32C)O1
ZINC000238738039,O=C(O)C1=CO[C@@H](O[C@@H]2O[C@H](CO)[C@@H](O)[C@H](O)[C@H]2O)[C@@H]2[C@@H](CO)CC[C@H]12
ZINC000238738285,COc1cc(O)c2c(=O)cc(-c3ccc(O)cc3)oc2c1O[C@@H]1O[C@H](CO)[C@@H](O)[C@H](O)[C@H]1O
ZINC000238739101,C=C1CC[C@]2(C)CC[C@]3(C)[C@H](CC[C@@H]4[C@@]5(C)CCC(=O)C(C)(C)[C@@H]5CC[C@]43C)[C@H]2[C@@H]1C
ZINC000238739150,COc1ccc2c(c1)O[C@H]1c3ccc(O)cc3O[C@H](OC)[C@@H]21
ZINC000238739908,CC1=C2C[C@H]3[C@H](CO)[C@H]4C[C@H]4[C@]3(C)C=C2OC1=O
ZINC000238741012,CC[C@@H]1[C@H]2CCCCn3c([C@@H]4C[C@H](C)C(=O)O4)cc(c32)[C@@H]2[C@H](C)C(=O)O[C@@H]21
ZINC000238741659,Cc1cc2c(c(C)c1CO[C@@H]1O[C@H](CO)[C@@H](O)[C@H](O)[C@H]1O)C(=O)[C@H](C)C2
ZINC000238742318,Cc1cc2c(c(C)c1CO)C(=O)[C@H](C)C2
ZINC000238742443,CC1=CC(=O)CC(C)(C)[C@]1(O)/C=C/[C@@H](C)O[C@H]1O[C@@H](CO)[C@H](O)[C@@H](O)[C@@H]1O
ZINC000238743507,COC(=O)[C@@]12OC[C@]34[C@@H]([C@@H](O)[C@@H]1O)[C@@]1(C)CC(=O)C(O)=C(C)[C@@H]1C[C@H]3OC(=O)[C@H](OC(C)=O)[C@H]24
ZINC000238744053,C=C(C)C(=O)O[C@H]1C[C@@](C)(OC(C)=O)[C@@]2(O)CC[C@@](C)(O)[C@H](OC(C)=O)[C@]23OC(=O)C(COCC)=C13
ZINC000238744812,O=C1C=C2C[C@@H]3[C@H](O)C[C@@]2(O1)[C@H]1CCCCN31
ZINC000238746183,C=C1CC[C@@H]2[C@@](C)(C(=O)O)CCC[C@@]2(C)[C@@H]1C/C=C(\C)C=O
ZINC000238747599,COc1ccc2c(c1C[C@H](O)C(C)(C)O)O[C@H]1c3ccc(O)cc3OC[C@@]21O
ZINC000238748201,CC(=O)c1ccc2c(c1)[C@@H](O)CC(C)(C)O2
ZINC000238748848,C=C1C[C@@]23CC[C@H]4[C@@](C)(CC[C@@H](OC(=O)/C(C)=C/C)[C@@]4(C)C(=O)O)[C@@H]2CC[C@@H]1C3
ZINC000238748981,CC(=O)c1cc2c(cc1O)O[C@H]([C@@](C)(O)CO)C2
ZINC000238749140,C=C1CC[C@H]2[C@@](C)(CCC[C@@]2(C)CO[C@@H]2O[C@H](CO)[C@@H](O)[C@H](O)[C@H]2O)[C@@H]1CC/C(=C/CO)CO
ZINC000238749956,COc1cc2c(c(O[C@@H]3O[C@H](CO)[C@@H](O)[C@H](O)[C@H]3O)c1)C(=O)C[C@@H](c1ccc(OC)c(O)c1)O2
ZINC000238751968,COc1ccc2c(c1OC)[C@@]13CCN(C)[C@@]14C[C@@H]2O[C@@]4(OC)[C@@H](OC)[C@@H](OC(C)=O)C3
ZINC000238752085,C=C1C(=O)[C@]23C[C@H]1C[C@H](O)[C@@H]2[C@@]12CO[C@]3(O)[C@@H](O)[C@@H]1C(C)(C)CC[C@@H]2O
ZINC000238752238,COC(=O)C1=CO[C@@H](O[C@@H]2O[C@H](CO)[C@@H](O)[C@H](O)[C@H]2O)C2=C(CO)[C@@H](O)C[C@H]12
ZINC000238752395,COc1cc2c(=O)c3c(O)c([C@@H]4O[C@H](CO)[C@@H](O)[C@H](O)[C@H]4O[C@@H]4OC[C@](O)(CO)[C@H]4O)c(O)cc3oc2cc1O
ZINC000238752561,C[C@@H]1O[C@@H](Oc2ccc(CC(N)=O)cc2)[C@H](O)[C@H](O)[C@H]1O
ZINC000238752966,C=C/C(C)=C/C[C@@H]1C(=C)CC[C@H]2[C@@]1(C)CCC[C@@]2(C)CO
ZINC000238753577,COc1cc([C@@H]2OC[C@@H]3[C@H]2CO[C@H]3c2cc(OC)c(OC(C)=O)c(OC)c2)cc(OC)c1OC(C)=O
ZINC000238754719,COc1ccc(Cc2cc(C=O)c(O)cc2OC)c(O)c1
ZINC000238755229,C=CC[C@@]1(OC)C=C2C(=CC1=O)O[C@@H](c1ccc3c(c1)OCO3)[C@H]2C
ZINC000238755463,C=C1C(=O)[C@]23C[C@H]1CC[C@@]2(O)[C@]1(C)CCC[C@@]2(C)C(=O)O[C@@H]([C@@H]3O)[C@@H]21
ZINC000238756499,CC(C)=CC[C@]12C(=O)O[C@H]1C[C@]1(CO)O[C@H]21
ZINC000238757128,C=C1CC[C@@H]2[C@@](C)(CO)[C@H](O)CC[C@@]2(C)[C@@H]1CC/C(C)=C/C(=O)O
ZINC000238757156,C/C(=C\COc1ccc2ccc(=O)oc2c1)CC[C@@H](O[C@@H]1O[C@H](CO)[C@@H](O)[C@H](O)[C@H]1O)C(C)(C)O
ZINC000238757413,C=C(C)C(=O)O[C@H]1[C@H]2[C@](C)(O)CC[C@@H](OC(C)=O)[C@]2(C)[C@H](OC(C)=O)[C@@H]2OC(=O)C(=C)[C@@H]21
ZINC000238757921,COC1=C[C@]23CCCN2CCc2cc4c(cc2[C@]3(O)[C@H]1O)OCO4
ZINC000238758482,COc1c(O)cc2c(c1O)[C@@H]1O[C@H](CO)[C@H](O)[C@H](OC(=O)c3cc(O)c(O)c(O)c3)[C@H]1OC2=O
ZINC000238758495,C[C@]1(O)CC[C@]2(O)C(C=O)=CO[C@@H](O[C@@H]3O[C@H](CO)[C@@H](O)[C@H](O)[C@H]3O)[C@@H]12
ZINC000238758694,COc1ccc(-c2oc3c(CC=C(C)C)c(O)cc(O)c3c(=O)c2O[C@@H]2O[C@@H](C)[C@H](O)[C@@H](O)[C@H]2O[C@@H]2O[C@@H](C)[C@H](O)[C@@H](O)[C@H]2O)cc1
ZINC000238758954,C[C@@H]1CN2C[C@H]3CCC(=O)C4=C5C(=C(N)[C@@H]1C[C@@H]2[C@]53C)C1=C4CCOC1=O
ZINC000238759030,COC(=O)C1=CO[C@@H](O[C@@H]2O[C@H](CO)[C@@H](O)[C@H](O)[C@H]2O)[C@H]2[C@@H]1CC[C@]2(O)CO
ZINC000238759091,C=C1C[C@@]23CC[C@H]4[C@@](C)(CC[C@@H](OC(=O)/C=C/c5ccccc5)[C@@]4(C)C(=O)O)[C@@H]2CC[C@@H]1C3
ZINC000238759777,C=C1[C@H](OC(=O)/C=C(\C)CC)C[C@@H](C(C)C)[C@@H]2/C(=C/C)C(=O)[C@@H](OC(=O)[C@H](C)CC)[C@@H]12
ZINC000238759827,CO[C@H]1C=C(CC[C@@]2(C)[C@H](C)CC[C@@]34COC(=O)C3=CCC[C@@H]42)C(=O)O1
ZINC000238760072,CC(=O)O[C@H](C)C(=O)C[C@H]1C(C)(C)CCC[C@]1(C)C(=O)CCc1ccoc1
ZINC000238760614,COc1cc(C[C@@H](CO)[C@H](CO[C@@H]2O[C@H](CO)[C@@H](O)[C@H](O)[C@H]2O)Cc2ccc(O)c(OC)c2)ccc1O
ZINC000238760633,O=C(O)C[C@@]1(O)CC[C@@H](O)CC1
ZINC000238761510,C=C1C(=O)[C@@]23[C@@H](O)[C@@H]1CC[C@@H]2[C@]12[C@@H](O)O[C@@]3(O)[C@H](O)[C@H]1C(C)(C)CC[C@H]2O
ZINC000238761793,CC(=O)O[C@@H]1C[C@@H]2[C@@H](C)CC(=O)[C@H](C(C)C)[C@@H]2C=C1C
ZINC000238763085,C=C1[C@@H](O)CC[C@@]2(C)CC[C@H](C(C)(C)O)C[C@H]12
ZINC000238763353,C=C1C(=O)O[C@@H]2C[C@H](C)[C@@]3(OC)CC[C@@](C)(C[C@@H](OC(=O)C(C)C)[C@@H]12)O3
ZINC000238763495,COc1ccc([C@H]2Oc3cc(O)cc(O)c3C(=O)[C@H]2[C@@H]2C(=O)c3c(O)cc(OC)cc3O[C@@H]2c2ccc(OC)cc2)cc1
ZINC000238766490,CC1=CC(=O)CC(C)(C)[C@]1(O)/C=C/[C@H](C)O[C@H]1O[C@@H](CO)[C@H](O)[C@@H](O)[C@@H]1O
ZINC000238767582,O=C(O[C@H]1C[C@@H]2N[C@H](C1)[C@H]1O[C@@H]21)[C@@H](CO)c1ccccc1
ZINC000238768810,CC(C)[C@@H]1[C@H]2C[C@]3(C)[C@H]([C@H]21)[C@@](C)(O)CC[C@H]3O
ZINC000238769330,COC(=O)[C@@]12OC[C@]34[C@@H]([C@@H](O)[C@@H]1O)[C@@]1(C)C=C(O)C(=O)C(C)=C1C[C@H]3OC(=O)[C@H](OC(=O)CC(C)C)[C@@H]24
ZINC000238769741,C=C1CC[C@H]2C(C)(C)CCC[C@]2(C)[C@H]1C/C=C1\C[C@H](OC)OC1=O
ZINC000238770194,O=c1cc(-c2ccc(O)cc2)oc2cc(O)cc(O[C@H]3O[C@@H](CO)[C@H](O)[C@@H](O)[C@@H]3O)c12
ZINC000238770522,CC(C)=CCC[C@H](C)[C@H]1CC(=O)C(C)=C[C@@H]1O
ZINC000238772032,C=C1C[C@@]23CC[C@@H]4[C@](C)(C(=O)O)[C@H](OC(=O)/C(C)=C\C)CC[C@@]4(C)[C@]2(O)CC[C@@H]1C3
ZINC000238772250,C=C1[C@@H]2C[C@H](O)[C@@H]3[C@]4(C)CCC[C@@](C)(C(=O)O)[C@H]4CC[C@]3(C2)[C@@H]1O
ZINC000238772596,C[C@@H]1CC[C@]2(O)C(C=O)=CO[C@@H](O[C@@H]3O[C@H](CO)[C@@H](O)[C@H](O)[C@H]3O)[C@@H]12
ZINC000238773237,COc1ccc(-c2cc(=O)c3c(O)cc(OC)c(-c4cc([C@@H]5CC(=O)c6c(O)cc(OC)cc6O5)ccc4O)c3o2)cc1
ZINC000238773829,COc1cc(O[C@@H]2O[C@H](CO[C@@H]3O[C@@H](C)[C@H](O)[C@@H](O)[C@H]3O)[C@@H](O)[C@H](O)[C@H]2O)c2c(c1)C(=O)c1cc(C)cc(O)c1C2=O
ZINC000238773830,COc1cc(O)c(OC)c2c1C(=O)C[C@@H](c1ccccc1O)O2
ZINC000238773902,COc1cc2c(c(O)c1-c1c(OC)cc(O[C@@H]3O[C@H](CO)[C@@H](O)[C@H](O)[C@H]3O)c3c1C(=O)c1cc(C)cc(O)c1C3=O)C(=O)c1c(O)cc(C)cc1C2=O
ZINC000238774247,C/C(C=O)=C\CC[C@@H](C)[C@H]1CC[C@@]2(C)[C@@H]3CC[C@@H]([C@@](C)(O)CO)[C@@]4(CCC(=O)O)C[C@@]34CC[C@]12C
ZINC000238775000,CC[C@@H](C)C(=O)N[C@@H]1CCCN1C(=O)[C@@H]1[C@@H](c2ccccc2)[C@]2(c3ccc(OC)cc3)Oc3cc(OC)cc(OC)c3[C@@]1(O)[C@@H]2O
ZINC000238775364,C=C1C(=O)O[C@H]2[C@H]1CC[C@](C)(O)[C@]1(O)C=C[C@](C)(O)[C@H]21
ZINC000238775404,COc1ccc2cc(-c3cc(O)c(CC=C(C)C)c(O)c3)oc2c1
ZINC000238775999,C[C@]1(CO)C[C@@H](O)C[C@]2(C)[C@@H]1CC[C@@]13C[C@@H](CC[C@H]12)[C@](C)(O)C3
ZINC000238776779,C=C1CC[C@@H]2[C@@H](c3ccccc3)c3c(O)c(C=O)c(O)c(C=O)c3O[C@@]2(C)CC[C@H]2[C@H]1CC2(C)C
ZINC000238777368,COc1cc(OC)c2c(c1)C(=O)C(=O)C1=C(C)CCO[C@]12OC
ZINC000238779150,CCC[C@@H]1CC(=O)Oc2c(C(=O)[C@H](C)[C@H](C)O)c(O)c3c(c21)OC(C)(C)C=C3
ZINC000238779900,CCOC(=O)NCc1ccc(O[C@@H]2O[C@@H](C)[C@H](O)[C@@H](O)[C@H]2O)cc1
ZINC000238780463,CC(=O)OC[C@]1(O)[C@@H](O)C[C@]2(O)C(COC(=O)[C@H](OC(=O)CC(C)C)C(C)C)=CO[C@@H](OC(=O)CC(C)C)[C@H]12
ZINC000238780560,CC[C@H]1[C@@H]2CCCCN(C2=O)[C@@H]([C@H]2C[C@@H](C)C(=O)O2)CC(=O)[C@@H]2[C@H](C)C(=O)O[C@H]12
ZINC000238781000,Oc1ccc([C@H]2c3c(O)cc(O)cc3[C@H]3c4c(cc(O)c5c4[C@H]2[C@@H](c2cc(O)cc(O)c2)[C@@H]5c2ccc(O)cc2)O[C@H]3c2ccc(O)cc2)cc1
ZINC000238781904,O=C(CC[N+](=O)[O-])OC[C@H]1O[C@H](O)[C@H](OC(=O)CC[N+](=O)[O-])[C@@H](OC(=O)CC[N+](=O)[O-])[C@@H]1OC(=O)CC[N+](=O)[O-]
ZINC000238782151,COc1ccc2c(c1O)-c1c(O)c(OC)cc(CCN(C)C)c1C2=O
ZINC000238782162,COC(=O)C1=C[C@H](O)C[C@@H]2[C@@](C)(CCc3ccoc3)[C@H](C)CC[C@@]12C
ZINC000238782265,C=C1CC[C@]2(C)CC[C@]3(C)[C@H](CC[C@@H]4[C@@]5(C)CCC(=O)C(C)(C)[C@@H]5CC[C@]43C)[C@@H]2[C@@H]1C
ZINC000238783315,C=C(CO)c1cc(O)c2c(c1C)[C@@H](C)CCC2
ZINC000238783645,Cc1c(O)c2c(c(C)c1O[C@@H]1O[C@H](CO)[C@@H](O)[C@H](O)[C@H]1O)O[C@H](c1ccc(O)cc1)CC2=O
ZINC000238784369,COC(=O)[C@@H]1c2ccoc2C[C@H]2[C@H]1[C@@H](OC(C)=O)C[C@@]1(O)C(C)(C)CC[C@H](O)[C@]21C
ZINC000238787328,COc1cc2oc(=O)ccc2cc1[C@H]1OC(=O)[C@@](C)(O)[C@H]1O
ZINC000238789107,COc1cc(O)c([C@H](CCc2ccc(O)cc2)c2ccc(O)cc2OC)cc1CCCc1ccc(O)cc1
ZINC000238808751,CC(C)=CCC[C@](C)(O)[C@H]1CC[C@]2(C)[C@@H]1[C@H](O)C[C@@H]1[C@@]3(C)CC[C@H](O)C(C)(C)[C@@H]3[C@@H](O[C@@H]3O[C@H](CO)[C@@H](O)[C@H](O)[C@H]3O[C@@H]3O[C@@H](C)[C@H](O)[C@@H](O)[C@H]3O)C[C@]12C
ZINC000238808778,CC[C@H](C)[C@H]1O[C@]2(CC[C@@H]1C)C[C@@H]1C[C@@H](C/C=C(\C)[C@@H](O[C@H]3C[C@H](OC)[C@@H](O[C@H]4C[C@H](OC)[C@@H](O)[C@H](C)O4)[C@H](C)O3)[C@@H](C)/C=C/C=C3\CO[C@@H]4[C@H](O)C(C)=C[C@@H](C(=O)O1)[C@]34O)O2
ZINC000238808913,C[C@@H]1O[C@@H](O[C@@H]2[C@@H](O[C@@H]3OC[C@@H](O)[C@H](O)[C@H]3O)[C@@H](O)[C@@H](C)O[C@H]2O[C@@H]2C[C@H](O)CC3=CC[C@H]4[C@@H]5C[C@@H]6O[C@]7(CC[C@@H](C)CO7)[C@@H](C)[C@@H]6[C@@]5(C)CC[C@@H]4[C@]32C)[C@H](O)[C@H](O)[C@H]1O
ZINC000238808929,OC[C@H]1O[C@H](O[C@@H]2[C@@H](CO)O[C@H](O[C@@H]3[C@@H](CO)O[C@H](O[C@@H]4[C@@H](CO)O[C@H](O[C@@H]5[C@@H](CO)O[C@H](O)[C@H](O)[C@H]5O)[C@H](O)[C@H]4O)[C@H](O)[C@H]3O)[C@H](O)[C@H]2O)[C@H](O)[C@@H](O)[C@@H]1O
ZINC000238808939,CCN1C[C@@]2(COC)CC[C@H](OC)[C@@]34[C@H]2[C@@H](OC)[C@@H]([C@@H]13)[C@]1(OC(C)=O)C[C@@H](OC)[C@]2(O)C[C@@H]4[C@@H]1[C@H]2OC(=O)c1ccc(OC)cc1
ZINC000238808940,CCN1C[C@@]2(COC)CC[C@H](OC)[C@@]34[C@H]2[C@H](OC)[C@@H]([C@@H]13)[C@]1(OC(C)=O)C[C@@H](OC)[C@]2(O)C[C@@H]4[C@@H]1[C@H]2OC(=O)c1ccc(OC)cc1
ZINC000238808941,CCN1C[C@@]2(COC)CC[C@H](OC)[C@@]34[C@H]2[C@@H](OC)[C@@H]([C@@H]13)[C@]1(OC(C)=O)C[C@@H](OC)[C@]2(O)C[C@@H]4[C@@H]1[C@@H]2OC(=O)c1ccc(OC)cc1
ZINC000238808942,CCN1C[C@@]2(COC)CC[C@H](OC)[C@@]34[C@H]2[C@H](OC)[C@@H]([C@@H]13)[C@]1(OC(C)=O)C[C@@H](OC)[C@]2(O)C[C@@H]4[C@@H]1[C@@H]2OC(=O)c1ccc(OC)cc1
ZINC000238809089,C[C@@H]1O[C@@H](O[C@H]2[C@@H](O)[C@H](O)[C@@H](CO)O[C@H]2O[C@H]2C[C@]3(C)[C@H](C[C@@H](O)[C@@H]4[C@@H]([C@]5(C)CC[C@H](C(C)(C)O)O5)CC[C@]43C)[C@@]3(C)CC[C@H](O)C(C)(C)[C@H]23)[C@H](O)[C@H](O)[C@H]1O
ZINC000238809173,CC(C)=CCC[C@](C)(O[C@@H]1O[C@H](CO)[C@@H](O)[C@H](O)[C@H]1O)[C@H]1CC[C@]2(C)[C@@H]1[C@H](O)C[C@@H]1[C@@]3(C)CC[C@H](O)C(C)(C)[C@@H]3[C@@H](O[C@@H]3O[C@H](CO)[C@@H](O)[C@H](O)[C@H]3O[C@@H]3OC[C@@H](O)[C@H](O)[C@H]3O)C[C@]12C
ZINC000238809206,C[C@H]1[C@H]2[C@H](C[C@H]3[C@@H]4CC[C@@H]5C[C@@H](O[C@@H]6O[C@H](CO)[C@H](O)[C@H](O)[C@H]6O[C@@H]6O[C@H](CO)[C@@H](O)[C@H](O)[C@H]6O)CC[C@]5(C)[C@H]4CC[C@@]32C)O[C@]12CC[C@@H](C)CO2
ZINC000238809207,C[C@H]1CC[C@@]2(OC1)O[C@H]1C[C@H]3[C@@H]4CC[C@@H]5C[C@@H](O[C@@H]6O[C@H](CO)[C@H](O)[C@H](O)[C@H]6O[C@@H]6O[C@H](CO)[C@@H](O)[C@H](O)[C@H]6O)CC[C@]5(C)[C@H]4CC[C@]3(C)[C@H]1[C@@H]2C
ZINC000238809232,CC1(C)CC[C@]2(C(=O)O[C@@H]3O[C@H](CO)[C@@H](O)[C@H](O)[C@H]3O)CC[C@]3(C)C(=CC[C@@H]4[C@@]5(C)CC[C@H](O[C@@H]6O[C@H](C(=O)O)[C@@H](O)[C@H](O)[C@H]6O[C@@H]6O[C@H](CO)[C@@H](O)[C@H](O)[C@H]6O)C(C)(C)[C@@H]5CC[C@]43C)[C@@H]2C1
ZINC000238809241,CC(C)(O)CC[C@@H](O)[C@](C)(O)[C@H]1CC[C@@]2(O)C3=CC(=O)[C@@H]4C[C@@H](O)[C@@H](O)C[C@]4(C)[C@H]3CC[C@]12C
ZINC000238809303,C[C@@H]1O[C@@H](O[C@H]2[C@H](O)[C@@H](CO)O[C@@H](O[C@H]3CC[C@@]4(C)C(=CC[C@H]5[C@@H]6C[C@@H]7O[C@]8(CC[C@@H](C)CO8)[C@@H](C)[C@]7(O)[C@@]6(C)CC[C@@H]54)C3)[C@@H]2O)[C@H](O)[C@H](O)[C@H]1O
ZINC000238809351,CO[C@H]1C[C@H](O[C@H]2[C@H](C)O[C@@H](O[C@@H]3/C(C)=C/C[C@@H]4C[C@@H](C[C@]5(C=C[C@H](C)[C@@H](C6CCCCC6)O5)O4)OC(=O)[C@@H]4C=C(C)[C@@H](O)[C@H]5OC/C(=C\C=C\[C@@H]3C)[C@@]45O)C[C@@H]2OC)O[C@@H](C)[C@@H]1O
ZINC000238809354,O=C1C=CC[C@@H]2[C@H]3CCC[N@@+]4([O-])CCC[C@@H](CN12)[C@@H]34
ZINC000238809356,CC(C)(O)[C@@H]1CC[C@](C)([C@H]2[C@@H](O)C[C@@]3(C)[C@@H]4C[C@H](O[C@@H]5O[C@H](CO)[C@@H](O)[C@H](O)[C@H]5O)[C@H]5C(C)(C)[C@@H](O[C@@H]6OC[C@@H](O)[C@H](O)[C@H]6O)CC[C@@]56C[C@@]46CC[C@]23C)O1
ZINC000238809382,COc1cc2c(cc1O)C[C@H]1c3cc(O)c(OC)cc3CC[N@+]1(C)C2
ZINC000238809383,COc1cc2c(cc1O)C[C@H]1c3cc(O)c(OC)cc3CC[N@@+]1(C)C2
ZINC000238809427,C[C@@H](CC[C@]1(O)O[C@H]2C[C@H]3[C@@H]4CC[C@@H]5C[C@@H](O[C@@H]6O[C@H](CO)[C@H](O)[C@H](O)[C@H]6O[C@@H]6O[C@H](CO)[C@@H](O)[C@H](O)[C@H]6O)CC[C@]5(C)[C@H]4CC[C@]3(C)[C@H]2[C@@H]1C)CO[C@@H]1O[C@H](CO)[C@@H](O)[C@H](O)[C@H]1O
ZINC000238809428,C[C@@H](CC[C@@]1(O)O[C@H]2C[C@H]3[C@@H]4CC[C@@H]5C[C@@H](O[C@@H]6O[C@H](CO)[C@H](O)[C@H](O)[C@H]6O[C@@H]6O[C@H](CO)[C@@H](O)[C@H](O)[C@H]6O)CC[C@]5(C)[C@H]4CC[C@]3(C)[C@H]2[C@@H]1C)CO[C@@H]1O[C@H](CO)[C@@H](O)[C@H](O)[C@H]1O
ZINC000238809530,C[C@@H]1O[C@@H](O[C@H]2[C@H](O)[C@@H](O[C@@H]3O[C@@H](C)[C@H](O)[C@@H](O)[C@H]3O)[C@H](O[C@H]3CC[C@@]4(C)C(=CC[C@H]5[C@@H]6C[C@@H]7O[C@]8(CC[C@@H](C)CO8)[C@@H](C)[C@@H]7[C@@]6(C)CC[C@@H]54)C3)O[C@@H]2CO)[C@H](O)[C@H](O)[C@H]1O
ZINC000238809556,CC[C@H]1OC(=O)C[C@@H](O)[C@H](C)[C@@H](O[C@@H]2O[C@H](C)[C@@H](O[C@H]3C[C@@](C)(O)[C@@H](O)[C@H](C)O3)[C@H](N(C)C)[C@H]2O)[C@@H](CC=O)C[C@@H](C)C(=O)/C=C/C(C)=C/[C@@H]1CO[C@@H]1O[C@H](C)[C@@H](O)[C@@H](OC)[C@H]1OC
ZINC000238809591,C[C@H]1[C@H](C)CC[C@]2(C(=O)O[C@@H]3O[C@H](CO[C@@H]4O[C@H](CO)[C@@H](O[C@@H]5O[C@H](C)[C@H](O)[C@@H](O)[C@H]5O)[C@H](O)[C@H]4O)[C@@H](O)[C@H](O)[C@H]3O)CC[C@]3(C)C(=CC[C@@H]4[C@@]5(C)C[C@@H](O)[C@H](O)[C@@](C)(CO)[C@@H]5CC[C@]43C)[C@@H]12
ZINC000238809610,O=C1CCC[C@@H]2[C@H]3CCC[N@+]4([O-])CCC[C@@H](CN12)[C@@H]34
ZINC000238809611,O=C1CCC[C@@H]2[C@H]3CCC[N@@+]4([O-])CCC[C@@H](CN12)[C@@H]34
ZINC000238809655,CC(C)=CCC[C@](C)(O[C@@H]1O[C@H](CO)[C@@H](O)[C@H](O)[C@H]1O)[C@H]1CC[C@]2(C)[C@@H]1[C@H](O)C[C@@H]1[C@@]3(C)CC[C@H](O)C(C)(C)[C@@H]3[C@@H](O[C@@H]3O[C@H](CO)[C@@H](O)[C@H](O)[C@H]3O)C[C@]12C
ZINC000238855217,COC1=C2C[C@@H](C)C[C@H](OC)[C@H](O)[C@@H](C)/C=C(\C)[C@H](OC(N)=O)[C@@H](OC)C=C/C=C(/C)C(=O)NC(=CC1=O)C2=O
ZINC000239235809,CN1[C@H]2C[C@@H](OC(=O)[C@H](CO)c3ccccc3)C[C@H]1C[C@H]2O
ZINC000239235810,CN1[C@H]2C[C@@H](OC(=O)[C@@H](CO)c3ccccc3)C[C@H]1C[C@@H]2O
ZINC000242495923,C[N@+]1([O-])[C@H]2C[C@H](OC(=O)[C@H](CO)c3ccccc3)C[C@@H]1[C@H]1O[C@@H]21
ZINC000242495924,C[N@@+]1([O-])[C@H]2C[C@H](OC(=O)[C@H](CO)c3ccccc3)C[C@@H]1[C@H]1O[C@@H]21
ZINC000242498440,C=C1C[C@@]23CC[C@H]4[C@@](C)(CCC[C@@]4(C)C(=O)O[C@@H]4O[C@H](CO)[C@@H](O)[C@H](O)[C@H]4O)[C@@H]2CC[C@]1(O[C@@H]1O[C@H](CO)[C@@H](O)[C@H](O[C@@H]2O[C@H](CO)[C@@H](O)[C@H](O)[C@H]2O)[C@H]1O[C@@H]1O[C@H](CO)[C@@H](O)[C@H](O)[C@H]1O)C3
ZINC000242498472,Oc1cc(O)c2c(c1)O[C@H](c1ccc(O)c(O)c1)[C@H](O[C@]1(c3ccc(O)c(O)c3)Oc3cc(O)cc(O)c3[C@@H](O)[C@@H]1O)C2
ZINC000242498473,Oc1cc(O)c2c(c1)O[C@H](c1ccc(O)c(O)c1)[C@H](O[C@]1(c3ccc(O)c(O)c3)Oc3cc(O)cc(O)c3[C@@H](O)[C@H]1O)C2
ZINC000242498474,Oc1cc(O)c2c(c1)O[C@H](c1ccc(O)c(O)c1)[C@H](O[C@]1(c3ccc(O)c(O)c3)Oc3cc(O)cc(O)c3[C@H](O)[C@H]1O)C2
ZINC000242548690,C[C@H]1O[C@@H](O[C@H]2[C@@H](O)C[C@H](O[C@H]3[C@@H](O)C[C@H](O[C@H]4CC[C@]5(C)[C@H]6C[C@@H](O)[C@]7(C)[C@@H](C8=CC(=O)OC8)CC[C@]7(O)[C@@H]6CC[C@@H]5C4)O[C@@H]3C)O[C@@H]2C)C[C@H](O)[C@@H]1O
ZINC000242620164,CC(C)=CCC[C@](C)(O[C@@H]1O[C@H](CO)[C@@H](O)[C@H](O)[C@H]1O)[C@H]1CC[C@]2(C)[C@@H]1[C@H](O)C[C@@H]1[C@@]3(C)CC[C@H](O)C(C)(C)[C@@H]3[C@@H](O[C@@H]3O[C@H](CO)[C@@H](O)[C@H](O)[C@H]3O[C@@H]3O[C@@H](C)[C@H](O)[C@@H](O)[C@H]3O)C[C@]12C
ZINC000242649031,CC[C@H](C)[C@H]1O[C@]2(C=C[C@@H]1C)C[C@@H]1C[C@@H](C/C=C(\C)[C@@H](O[C@H]3C[C@H](OC)[C@@H](O[C@H]4C[C@H](OC)[C@@H](O)[C@H](C)O4)[C@H](C)O3)[C@@H](C)/C=C/C=C3\CO[C@@H]4[C@H](O)C(C)=C[C@@H](C(=O)O1)[C@]34O)O2
ZINC000242649151,C[N@+]1([O-])CCC[C@H]1c1cccnc1
ZINC000242723018,CCCC[N@@+]1(C)[C@H]2C[C@H](OC(=O)[C@H](CO)c3ccccc3)C[C@@H]1[C@H]1O[C@@H]21
ZINC000242723020,CCCC[N@+]1(C)[C@H]2C[C@H](OC(=O)[C@H](CO)c3ccccc3)C[C@@H]1[C@H]1O[C@@H]21
ZINC000245204478,CC1(C)CC[C@]2(C)CC[C@]3(C)C(=CC[C@@H]4[C@]5(C)CC[C@H](O)[C@@](C)(C(=O)O)[C@@H]5CC[C@]43C)[C@@H]2C1
ZINC000245204479,CC1(C)CC[C@]2(C)CC[C@]3(C)C(=CC[C@@H]4[C@]5(C)CC[C@H](O)[C@](C)(C(=O)O)[C@@H]5CC[C@]43C)[C@@H]2C1
ZINC000245205019,C[C@H]1O[C@@H](O[C@H]2CC[C@@]3(C)[C@@H](CC[C@]4(C)[C@@H]3C=C[C@]35OC[C@@]6(CCC(C)(C)C[C@H]63)[C@@H](O)C[C@]54C)[C@]2(C)CO)[C@H](O)[C@@H](O[C@@H]2O[C@H](CO)[C@@H](O)[C@H](O)[C@H]2O)[C@H]1O
ZINC000245224268,C=C1C[C@@]23CC[C@H]4[C@@](C)(CCC[C@@]4(C)C(=O)O[C@@H]4O[C@H](CO)[C@@H](O)[C@H](O)[C@H]4O)[C@@H]2CC[C@]1(O[C@@H]1O[C@H](CO)[C@@H](O)[C@H](O)[C@H]1O[C@@H]1O[C@H](CO)[C@@H](O)[C@H](O)[C@H]1O)C3
ZINC000245224355,C[C@@H]1O[C@@H](O[C@H]2[C@H](O)[C@@H](O[C@@H]3O[C@@H](C)[C@H](O)[C@@H](O)[C@H]3O)[C@H](O[C@H]3CC[C@@]4(C)C(=CC[C@@H]5[C@@H]4CC[C@@]4(C)[C@@H]5C[C@@H]5O[C@]6(CC[C@@H](C)CO6)[C@@H](C)[C@@H]54)C3)O[C@@H]2CO)[C@H](O)[C@H](O)[C@H]1O
ZINC000245224451,C[C@H]1O[C@@H](O[C@H]2CC[C@@]3(C)[C@H](CC[C@]4(C)[C@@H]3C=CC3=C5CC(C)(C)CC[C@]5(CO)[C@H](O)C[C@@]34C)[C@]2(C)CO)[C@H](O)[C@@H](O[C@@H]2O[C@H](CO)[C@@H](O)[C@H](O)[C@@H]2O)[C@H]1O
ZINC000245240298,CC(C)(O)[C@H]1CC[C@@](C)([C@H]2[C@@H](O)C[C@@]3(C)[C@@H]4C[C@H](O[C@@H]5O[C@H](CO)[C@@H](O)[C@H](O)[C@H]5O)[C@H]5C(C)(C)[C@@H](O[C@@H]6OC[C@@H](O)[C@H](O)[C@H]6O)CC[C@@]56C[C@@]46CC[C@]23C)O1
ZINC000245240534,CC(C)=CCC[C@](C)(O[C@@H]1O[C@H](CO[C@@H]2OC[C@@H](O)[C@H](O)[C@H]2O)[C@@H](O)[C@H](O)[C@H]1O)[C@H]1CC[C@]2(C)[C@@H]1[C@H](O)C[C@@H]1[C@@]3(C)CC[C@H](O[C@@H]4O[C@H](CO)[C@@H](O)[C@H](O)[C@H]4O)C(C)(C)[C@@H]3CC[C@]12C
ZINC000247639657,C[C@H]1CC[C@@]2(OC1)O[C@H]1C[C@H]3[C@@H]4CC[C@@H]5C[C@@H](O)CC[C@]5(C)[C@H]4CC[C@]3(C)[C@@H]1[C@@H]2C
ZINC000247647500,C[C@H]1O[C@@H](O[C@H]2CC[C@@]3(C)[C@@H](CC[C@]4(C)[C@@H]3C=C[C@]35OC[C@@]6(CCC(C)(C)C[C@H]63)[C@H](O)C[C@]54C)[C@]2(C)CO)[C@H](O)[C@@H](O[C@@H]2O[C@H](CO)[C@@H](O)[C@H](O)[C@H]2O)[C@H]1O
ZINC000247764628,OC[C@@H]1O[C@H](Oc2cc(O)c3c(c2)O[C@@H](c2ccc(O)c(O)c2)[C@H](O)C3)[C@@H](O)[C@@H]1O
ZINC000247764632,OC[C@@H]1O[C@H](Oc2cc(O)c3c(c2)O[C@H](c2ccc(O)c(O)c2)[C@@H](O)C3)[C@@H](O)[C@@H]1O
ZINC000247764636,OC[C@@H]1O[C@H](Oc2cc(O)c3c(c2)O[C@@H](c2ccc(O)c(O)c2)[C@@H](O)C3)[C@@H](O)[C@@H]1O
ZINC000247821434,COC(=O)c1c2c(c3ccccc3c1O)O[C@](C)(CO)C=C2
ZINC000247821436,COC(=O)c1c2c(c3ccccc3c1O)O[C@@](C)(CO)C=C2
ZINC000247835440,C=C(C)[C@H]1CC[C@@]2(CO)CC[C@@]3(C)[C@@H](CC[C@H]4[C@]5(C)CC[C@@H](OC(=O)CCCCCCCCCCCCCCC)C(C)(C)[C@H]5CC[C@@]43C)[C@H]12
ZINC000247919332,COc1cc([C@H](O)[C@H](CO)Oc2c(OC)cc([C@H](O)[C@@H](O)CO)cc2OC)ccc1O
ZINC000247919337,COc1cc([C@H](O)[C@H](CO)Oc2c(OC)cc([C@@H](O)[C@H](O)CO)cc2OC)ccc1O
ZINC000247932847,CC1(C)C[C@H](O[C@H]2O[C@@H](CO)[C@H](O)[C@H](O)[C@@H]2O)C[C@]2(C)[C@@H]1[C@@H](O)C[C@@]13C[C@H](CC[C@@H]21)[C@](C)(O)C3
ZINC000247949884,CC1(C)C[C@H](O[C@H]2O[C@@H](CO)[C@H](O)[C@H](O)[C@@H]2O)C[C@]2(C)[C@@H]1CC[C@@]13C[C@H](CC[C@H]12)[C@](C)(O)C3
ZINC000247973559,COc1c(C)c(O)c2c(c1OC)OC[C@@H](Cc1ccc(O)cc1O)C2=O
ZINC000247973562,COc1c(C)c(O)c2c(c1OC)OC[C@H](Cc1ccc(O)cc1O)C2=O
ZINC000248032978,C[C@]1(CO)C[C@H](O[C@H]2O[C@@H](CO)[C@H](O)[C@H](O)[C@@H]2O)C[C@]2(C)[C@@H]1CC[C@@]13C[C@H](CC[C@H]12)[C@](C)(O)C3
ZINC000248087858,C[N@+]12CCc3cc4c(cc3[C@@]1(O)Cc1ccc3c(c1C2)OCO3)OCO4
ZINC000248087865,C[N@+]12CCc3cc4c(cc3[C@]1(O)Cc1ccc3c(c1C2)OCO3)OCO4
ZINC000248087869,C[N@@+]12CCc3cc4c(cc3[C@]1(O)Cc1ccc3c(c1C2)OCO3)OCO4
ZINC000248087873,C[N@@+]12CCc3cc4c(cc3[C@@]1(O)Cc1ccc3c(c1C2)OCO3)OCO4
ZINC000248204211,CC(C)=C[C@H]1Cc2c(C)ccc3cc(C(C)C)c(O)c(c23)O1
ZINC000248222605,CC(C)[C@@H](C)/C=C/[C@@H](C)[C@H]1CCC2=C3C=C[C@@]45C[C@H]4CC[C@]5(C)[C@H]3CC[C@@]21C
ZINC000248222611,CC(C)[C@@H](C)/C=C/[C@@H](C)[C@H]1CCC2=C3C=C[C@]45C[C@@H]4CC[C@]5(C)[C@H]3CC[C@@]21C
ZINC000248243872,C=C(CCC[C@H](C)CCC[C@H](C)CCCC(C)C)[C@H](CO)C/C=C(\C)CCC[C@H](C)CCC[C@@H](C)CCCC(C)C
ZINC000248243875,C=C(CCC[C@H](C)CCC[C@H](C)CCCC(C)C)[C@H](CO)C/C=C(\C)CCC[C@H](C)CCC[C@H](C)CCCC(C)C
ZINC000248243877,C=C(CCC[C@H](C)CCC[C@H](C)CCCC(C)C)[C@H](CO)C/C=C(\C)CCC[C@@H](C)CCC[C@H](C)CCCC(C)C
ZINC000248299189,CCCCCCCCCCCCCCCCCCCCCC[C@H](O)C(=O)N[C@H](CO)[C@H](O)[C@@H](O)CCCCCCCCCCCCCC
ZINC000248299193,CCCCCCCCCCCCCCCCCCCCCC[C@H](O)C(=O)N[C@H](CO)[C@@H](O)[C@H](O)CCCCCCCCCCCCCC
ZINC000248381163,CC(=O)c1cc2c(cc1O)O[C@@H]([C@](C)(O)CO)C2
ZINC000248381164,CC(=O)c1cc2c(cc1O)O[C@@H]([C@@](C)(O)CO)C2
ZINC000248381165,CC(=O)c1cc2c(cc1O)O[C@H]([C@](C)(O)CO)C2
ZINC000249691098,C[C@@H]1O[C@H](O[C@H]2Cc3c(O)cc(O)cc3O[C@H]2c2ccc(O)c(O)c2)[C@H](O)[C@H](O)[C@H]1O
ZINC000249691099,C[C@@H]1O[C@H](O[C@@H]2Cc3c(O)cc(O)cc3O[C@@H]2c2ccc(O)c(O)c2)[C@H](O)[C@H](O)[C@H]1O
ZINC000249691100,C[C@@H]1O[C@H](O[C@@H]2Cc3c(O)cc(O)cc3O[C@H]2c2ccc(O)c(O)c2)[C@H](O)[C@H](O)[C@H]1O
ZINC000249698226,COC(C)(C)/C=C/C[C@H](C)[C@@H]1CC[C@]2(C)[C@H]3C=C[C@]45OC[C@@]3(CC[C@@]12C)[C@H]4CC[C@@H](O)C5(C)C
ZINC000250524590,C=C(C)[C@@H]1CC[C@]2(C)[C@H](CC[C@@H]3[C@H]4[C@H](C(=C)C)CC[C@]4(C(=O)O)CC[C@]32C)[C@@]1(C)CCC(=O)O
ZINC000250535243,C=C(C)[C@@H]1CC[C@]2(C(=O)OC)CC[C@]3(CO)[C@H](CC[C@@H]4[C@@]5(C)CC[C@H](OC(C)=O)C(C)(C)[C@@H]5CC[C@]43C)[C@@H]12
ZINC000250754264,CC(=O)O[C@@H]1CC[C@@]2(C)[C@@H](CC[C@]3(C)[C@@H]2CC[C@@H]2[C@H]4[C@H](C(C)=O)CC[C@]4(C(=O)O)CC[C@]23C)[C@]1(C)C(=O)O
ZINC000250798906,C=C(C)[C@@H]1CC[C@]2(C)CC[C@]3(C)[C@H](CC[C@@H]4[C@@]5(C)CC[C@H](OC(=O)CCCCCCCCCCCCCCC)C(C)(C)[C@@H]5CC[C@]43C)[C@@H]12
ZINC000250829995,CCCCCCCCCCCCCCCCCCCCCC[C@H](OC(C)=O)C(=O)N[C@H](COC(C)=O)[C@@H](OC(C)=O)[C@H](CCCCCCCCCCCCCC)OC(C)=O
ZINC000250891340,C[C@H](CC(=O)C[C@@H](C)[C@H]1C[C@H](O)[C@@]2(C)C3=C(C(=O)C[C@]12C)[C@@]1(C)CCC(=O)C(C)(C)[C@H]1C[C@@H]3O)C(=O)O
ZINC000252448790,CC(C)=CCC[C@](C)(O[C@@H]1O[C@H](CO)[C@@H](O)[C@H](O)[C@H]1O)[C@H]1CC[C@]2(C)[C@H]1[C@H](O)C[C@@H]1[C@@]3(C)CC[C@H](O)C(C)(C)[C@@H]3[C@@H](O[C@@H]3O[C@H](CO)[C@@H](O)[C@H](O)[C@H]3O[C@@H]3O[C@@H](C)[C@H](O)[C@@H](O)[C@H]3O)C[C@]12C
ZINC000252448791,CC(C)=CCC[C@](C)(O[C@@H]1O[C@H](CO)[C@@H](O)[C@H](O)[C@H]1O)[C@@H]1CC[C@]2(C)[C@H]1[C@H](O)C[C@@H]1[C@@]3(C)CC[C@H](O)C(C)(C)[C@@H]3[C@@H](O[C@@H]3O[C@H](CO)[C@@H](O)[C@H](O)[C@H]3O[C@@H]3O[C@@H](C)[C@H](O)[C@@H](O)[C@H]3O)C[C@]12C
ZINC000252463644,C=C[C@H]1[C@H](O[C@@H]2O[C@H](CO)[C@@H](O)[C@H](O)[C@H]2O)OC=C(C(=O)OC)[C@H]1C/C=C(/C=O)[C@@H]1C(C(=O)OC)=CO[C@@H](O[C@@H]2O[C@H](CO)[C@@H](O)[C@H](O)[C@H]2O)[C@@H]1C=C
ZINC000252478199,C/C=C1/C[N@+]2(C)CC[C@@]34c5ccccc5N[C@]32[C@@H](O)C[C@@H]1[C@@]4(CO)C(=O)OC
ZINC000252478200,C/C=C1/C[N@@+]2(C)CC[C@@]34c5ccccc5N[C@]32[C@@H](O)C[C@@H]1[C@@]4(CO)C(=O)OC
ZINC000252478201,C/C=C1/C[N@@+]2(C)CC[C@@]34c5ccccc5N[C@]32[C@@H](O)C[C@@H]1[C@]4(CO)C(=O)OC
ZINC000252478202,C/C=C1/C[N@+]2(C)CC[C@@]34c5ccccc5N[C@]32[C@@H](O)C[C@@H]1[C@]4(CO)C(=O)OC
ZINC000252480071,COc1cc([C@@H]2OC[C@@H]3[C@H]2CO[C@H]3c2cc(OC)c(O[C@@H]3O[C@H](CO)[C@@H](O)[C@H](O)[C@H]3O[C@@H]3OC[C@](O)(CO)[C@H]3O)c(OC)c2)cc(OC)c1O
ZINC000252480685,CC1(C)CC[C@]2(C(=O)O[C@@H]3O[C@H](CO[C@@H]4O[C@H](CO)[C@@H](O)[C@H](O)[C@H]4O)[C@@H](O)[C@H](O)[C@H]3O)CC[C@]3(C)C(=CC[C@@H]4[C@@]5(C)CC[C@H](O[C@@H]6OC[C@H](O)[C@H](O)[C@H]6O)[C@@](C)(CO)[C@@H]5CC[C@]43C)[C@@H]2C1
ZINC000252481573,C=C1C/C(=C/C)C(=O)O[C@@H]2CC[N@@+]3([O-])CC=C(COC(=O)[C@]1(C)O)[C@H]23
ZINC000252481574,C=C1C/C(=C/C)C(=O)O[C@@H]2CC[N@+]3([O-])CC=C(COC(=O)[C@]1(C)O)[C@H]23
ZINC000252482242,CC1(C)CC[C@]2(C(=O)O)CC[C@]3(CO)C(=CC[C@@H]4[C@@]5(C)C[C@H](O)[C@H](O[C@@H]6O[C@H](CO)[C@@H](O)[C@H](O)[C@H]6O)[C@@](C)(C(=O)O)[C@@H]5CC[C@]43C)[C@@H]2C1
ZINC000252482948,C[C@H]1CC[C@@]2(OC1)O[C@H]1C[C@H]3[C@@H]4CC=C5C[C@@H](O[C@@H]6O[C@H](CO)[C@@H](O)[C@H](O[C@@H]7OC[C@@H](O)[C@H](O)[C@H]7O)[C@H]6O[C@@H]6O[C@@H](C)[C@H](O)[C@@H](O)[C@H]6O)CC[C@]5(C)[C@H]4CC[C@]3(C)[C@H]1[C@@H]2C
ZINC000252482973,COC(=O)C[C@H]1C(C)(C)[C@@H]2O[C@@]34C[C@H]2C(=O)[C@]1(C)[C@@]3(O)CC[C@@]1(C)[C@H](c2ccoc2)OC(=O)C[C@]14O
ZINC000252483495,COC(=O)C[C@H]1[C@]2(C)C3=C(C)[C@H](c4ccoc4)C[C@H]3O[C@@H]2[C@@H]2OC[C@]3(C)[C@H](O)C[C@H](OC(=O)/C=C/c4ccccc4)[C@@]1(C)[C@@H]23
ZINC000252483707,CO[C@@H]1C[C@H](O[C@H]2CC[C@@]3(C)[C@H](CC[C@@]45O[C@@]46CC[C@H](C4=CC(=O)OC4)[C@@]6(C)CC[C@H]35)C2)O[C@H](C)[C@@H]1O[C@@H]1O[C@H](CO[C@@H]2O[C@H](CO)[C@@H](O)[C@H](O)[C@H]2O)[C@@H](O)[C@H](O)[C@H]1O
ZINC000252485422,C=C1[C@H]2CC[C@H]3[C@]4(C)CCC[C@@](C)(C(=O)O)[C@H]4CC[C@]3(C2)[C@@H]1O
ZINC000252488308,COc1ccc(C2=CC(=O)O[C@@H]2Cc2ccc(O)cc2)c(O[C@@H]2O[C@H](CO)[C@@H](O)[C@H](O)[C@H]2O)c1
ZINC000252489585,C[C@@H](CO)[C@@H]1CC[C@@]2(CC[C@]3(C)[C@H](CC[C@@H]4[C@@]5(C)CC[C@H](O[C@@H]6O[C@H](CO)[C@@H](O)[C@H](O)[C@H]6O[C@@H]6O[C@H](CO)[C@@H](O)[C@H](O)[C@H]6O)[C@@](C)(CO[C@@H]6O[C@H](CO)[C@@H](O)[C@H](O)[C@H]6O)[C@@H]5CC[C@]43C)[C@H]2O)CO1
ZINC000252490218,COc1cc2c(cc1O)[C@H]1Cc3cc(O)c(OC)cc3[N@@+]1(C)CC2
ZINC000252490585,CC(=O)O[C@H]1[C@H](O)CO[C@@H](O[C@H]2CC[C@]34C[C@]35CC[C@]3(C)[C@@H]([C@@]6(C)CC[C@@H](C(C)(C)O)O6)[C@@H](O)C[C@@]3(C)[C@@H]5C[C@H](O[C@@H]3O[C@H](CO)[C@@H](O)[C@H](O)[C@H]3O)[C@H]4C2(C)C)[C@@H]1OC(C)=O
ZINC000252490983,CC(C)(O)[C@H]1[C@@H]2C(=O)O[C@@H]1C[C@]1(C)[C@@]2(O)[C@H]2O[C@H]2[C@]12CO2
ZINC000252491303,CO[C@H]1C[C@H](O[C@H]2CC[C@@]3(C)C(=CC[C@@H]4[C@@H]3[C@H](OC(C)=O)[C@@H](OC(=O)CC(C)C)[C@]3(C)[C@@H]([C@@H](C)O)CC[C@]43O)C2)O[C@H](C)[C@H]1O[C@H]1C[C@H](OC)[C@H](O[C@@H]2O[C@H](C)[C@@H](O)[C@@H](OC)[C@H]2O)[C@@H](C)O1
ZINC000252491609,COc1cc(C(=O)O[C@@H]2[C@@H](O)[C@H](C)O[C@@H](OC[C@H]3O[C@@H](Oc4c(-c5ccc(O)c(O)c5)oc5cc(O)cc(O)c5c4=O)[C@H](O)[C@@H](O)[C@H]3O)[C@@H]2O)cc(OC)c1O
ZINC000252491736,C[C@@H]1O[C@@H](O[C@@H]2[C@@H](O)[C@H](O[C@@H]3O[C@@H](CO)[C@H](O)[C@H]3O)[C@@H](CO)O[C@H]2O[C@H]2CC[C@@]3(C)C(=CC[C@H]4[C@@H]5C[C@@H]6O[C@]7(CC[C@@H](C)CO7)[C@@H](C)[C@@H]6[C@@]5(C)CC[C@@H]43)C2)[C@H](O)[C@H](O)[C@H]1O
ZINC000252497238,CC(=O)O[C@@H]1CC[C@@]2(C)O[C@H](O)[C@@]1(C)[C@@H]2CC[C@@]12[C@@H]3CCC[C@@]34CC[C@H]3CN4[C@@H]1[C@@H](C(C)C)CC[C@@]32C
ZINC000252497239,CC(=O)O[C@@H]1CC[C@@]2(C)O[C@H](O)[C@@]1(C)[C@H]2CC[C@@]12[C@@H]3CCC[C@@]34CC[C@H]3CN4[C@@H]1[C@@H](C(C)C)CC[C@@]32C
ZINC000252497240,CC(=O)O[C@@H]1CC[C@@]2(C)O[C@H](O)[C@@]1(C)[C@@H]2CC[C@@]12[C@@H]3CCC[C@@]34CC[C@H]3CN4[C@@H]1[C@H](C(C)C)CC[C@@]32C
ZINC000252497241,CC(=O)O[C@@H]1CC[C@@]2(C)O[C@H](O)[C@@]1(C)[C@H]2CC[C@@]12[C@@H]3CCC[C@@]34CC[C@H]3CN4[C@@H]1[C@H](C(C)C)CC[C@@]32C
ZINC000252498428,CC(C)[C@@H]1CC[C@@]2(C)[C@H]3CC[C@]45CCC[C@H]4[C@@]2(CC[C@H]2[C@]4(C)C(=O)O[C@]2(C)CC[C@@H]4O)[C@H]1N5C3
ZINC000252498429,CC(C)[C@@H]1CC[C@@]2(C)[C@H]3CC[C@]45CCC[C@H]4[C@@]2(CC[C@H]2[C@]4(C)C(=O)O[C@]2(C)CC[C@H]4O)[C@H]1N5C3
ZINC000252498430,CC(C)[C@@H]1CC[C@@]2(C)[C@H]3CC[C@]45CCC[C@H]4[C@@]2(CC[C@@H]2[C@]4(C)C(=O)O[C@]2(C)CC[C@H]4O)[C@H]1N5C3
ZINC000252498431,CC(C)[C@@H]1CC[C@@]2(C)[C@H]3CC[C@]45CCC[C@H]4[C@@]2(CC[C@@H]2[C@]4(C)C(=O)O[C@]2(C)CC[C@@H]4O)[C@H]1N5C3
ZINC000252498647,C/C=C1/CN2[C@@H]3C[C@@]45c6ccccc6N[C@]4(O3)[C@@H]2C[C@H]1[C@@]5(C=O)C(=O)OC
ZINC000252498648,C/C=C1/CN2[C@@H]3C[C@@]45c6ccccc6N[C@]4(O3)[C@@H]2C[C@H]1[C@]5(C=O)C(=O)OC
ZINC000252498835,C[C@@]1(C(=O)O)CCC[C@]2(C)[C@@H]1CC[C@]13C[C@@H]4C[C@H](O[C@@]4(C)[C@H]1O)[C@@H]23
ZINC000252500450,COc1ccc(-c2oc3c(CC=C(C)C)c(O[C@@H]4O[C@H](CO)[C@@H](O)[C@H](O)[C@H]4O)cc(O)c3c(=O)c2O[C@@H]2O[C@@H](C)[C@H](O)[C@@H](O)[C@H]2O[C@@H]2O[C@H](CO)[C@@H](O)[C@H](O)[C@H]2O)cc1
ZINC000252502827,C=C(C)[C@@H]1[C@@H]2OC(=O)[C@@H]1[C@]1(O)[C@H]3O[C@H]3[C@]3(CO3)[C@]1(C)[C@@H]2OC(C)=O
ZINC000252504234,CC1(C)C(=O)[C@H]2C[C@@]34O[C@]2(O)[C@]2(COC(=O)C[C@@H]12)[C@H]3CC[C@@]1(C)[C@H](c2ccoc2)OC(=O)C[C@@H]41
ZINC000252504482,C[C@@H]1O[C@@H](O[C@@H]2[C@@H](CO[C@@H]3O[C@H](CO)[C@@H](O)[C@H](O)[C@H]3O)O[C@@H](O[C@H]3CC[C@@]4(C)[C@@H](CC[C@]5(C)[C@@H]4C=C[C@]46OC[C@@]7(CCC(C)(C)C[C@H]74)[C@@H](O)C[C@]65C)C3(C)C)[C@H](O)[C@H]2O)[C@H](O)[C@H](O)[C@H]1O
ZINC000252509543,C[C@@H]1O[C@@H](O[C@@H]2[C@@H](O[C@@H]3O[C@H](CO)[C@@H](O)[C@H](O)[C@H]3O)[C@H](O)[C@@H](CO)O[C@H]2O[C@H]2CC[C@@]3(C)C(=CC[C@H]4[C@@H]5C[C@@H]6O[C@]7(CC[C@@H](C)CO7)[C@@H](C)[C@@H]6[C@@]5(C)CC[C@@H]43)C2)[C@H](O)[C@H](O)[C@H]1O
ZINC000252517304,CO[C@H]1CC[C@@H](O[C@H]2C[C@H]([C@]3(C)CC[C@]4(C[C@H](O)[C@@H](C)[C@@H]([C@@H](C)/C=C(\C)C(=O)[C@H](C)C[C@H](C)C(=O)O)O4)O3)O[C@]3(O[C@@H]([C@H]4O[C@@](O)(CO)[C@H](C)C[C@@H]4C)C[C@@H]3C)[C@@H]2C)O[C@@H]1C
ZINC000252548734,C=CC[C@@H]1C=C(C)C[C@H](C)C[C@H](OC)[C@H]2O[C@@](O)(C(=O)C(=O)N3CCCC[C@H]3C(=O)O[C@H](/C(C)=C/[C@@H]3CC[C@@H](O)[C@H](OC)C3)[C@H](C)[C@@H](O)CC1=O)[C@H](C)C[C@@H]2OC
ZINC000252584994,COc1ccc(CCO[C@@H]2O[C@H](CO)[C@@H](OC(=O)/C=C/c3ccc(O)c(OC)c3)[C@H](O[C@@H]3O[C@@H](C)[C@H](O)[C@@H](OC(C)=O)[C@H]3OC(C)=O)[C@H]2O)cc1O
ZINC000252585036,C[C@@H]1C[C@H]2O[C@@]3(O[C@@H]2C(C)(C)O)[C@H](O)[C@@]2(C)[C@@H]4CC[C@H]5C(C)(C)[C@@H](O[C@@H]6OC[C@@H](O)[C@H](O[C@@H]7OC[C@@H](O)[C@H](O)[C@H]7O)[C@H]6O)CC[C@@]56C[C@@]46CC[C@]2(C)[C@@H]13
ZINC000252585089,CC1=C(CO[C@@H]2O[C@H](CO)[C@@H](O)[C@H](O)[C@H]2O)C(=O)O[C@@H]([C@@H](C)[C@H]2CC[C@H]3[C@@H]4[C@H](O)C=C5CC=CC(=O)[C@]5(C)[C@H]4CC[C@@]32C)C1
ZINC000252585412,C[C@@H]1[C@H]2C3=CC[C@@H]4[C@@]5(C)CC[C@H](O[C@@H]6O[C@H](C)[C@H](O[C@@H]7O[C@H](CO)[C@@H](O)[C@H](O)[C@H]7O)[C@H](O)[C@H]6O)C(C)(C)[C@@H]5CC[C@@]4(C)[C@]3(C(=O)O)CC[C@@]2(C(=O)O)CC[C@H]1C
ZINC000252585998,COc1ccc(CCO[C@@H]2O[C@H](COC(C)=O)[C@@H](OC(=O)/C=C/c3ccc(OC(C)=O)c(OC(C)=O)c3)[C@H](O[C@@H]3O[C@@H](C)[C@H](OC(C)=O)[C@@H](OC(C)=O)[C@H]3OC(C)=O)[C@H]2OC(C)=O)cc1OC
ZINC000252586492,C[C@@H]1O[C@@H](O[C@H]2[C@H](OCCc3ccc(O)c(O)c3)O[C@H](CO)[C@@H](O)[C@H]2OC(=O)/C=C/c2ccc(O)c(O)c2)[C@H](O)[C@H](O)[C@H]1O
ZINC000252586928,C[C@]1(O)C[C@H](C[C@]2(C)O[C@@H]2COc2ccc3ccc(=O)oc3c2)OC1=O
ZINC000252587188,C[C@@H]1CC[C@]2(C(=O)O[C@@H]3O[C@H](CO)[C@@H](O)[C@H](O)[C@H]3O)CC[C@]3(C)C(=CC[C@@H]4[C@@]5(C)CC[C@H](O[C@@H]6OC[C@H](O)[C@H](O)[C@H]6O)C(C)(C)[C@@H]5CC[C@]43C)[C@@H]2[C@]1(C)O
ZINC000252587337,COc1ccc2cc1Oc1ccc(cc1)C[C@H]1c3cc(c(OC)cc3CC[N@@+]1(C)[O-])Oc1c(OC)c(OC)cc3c1[C@@H](C2)N(C)CC3
ZINC000252587338,COc1ccc2cc1Oc1ccc(cc1)C[C@H]1c3cc(c(OC)cc3CC[N@+]1(C)[O-])Oc1c(OC)c(OC)cc3c1[C@@H](C2)N(C)CC3
ZINC000252587386,CC(=O)O[C@H]([C@@H]1C[C@@H](C)C(=O)O1)[C@@H](C)[C@@H]1[C@@H]2[C@]3(O)O[C@@]4(CC[C@@]21C)[C@H](O)[C@]12OC(=O)C[C@H]1OC(C)(C)[C@@H]2CC[C@H]4C3=O
ZINC000252677917,CC[C@H](C)[C@@H]1O[C@]2(CC[C@@H]1C)C[C@@H]1C[C@@H](CC=C(C)[C@@H](O[C@H]3C[C@H](OC)[C@@H](O[C@H]4C[C@H](OC)[C@@H](O)[C@H](C)O4)[C@H](C)O3)[C@@H](C)C=CC=C3CO[C@@H]4[C@H](O)C(C)=C[C@@H](C(=O)O1)[C@]34O)O2
ZINC000253383186,CCO[C@@]1(CO)O[C@@H](CO)[C@H](O)[C@H]1O
ZINC000253387842,C[C@@H]1C(=O)O[C@H]2[C@H](O)[C@]34[C@@H]5OC(=O)[C@@]3(O[C@@H]3OC(=O)[C@H](O)[C@]34[C@H](C(C)(C)C)[C@H]5O)[C@@]12O
ZINC000253387847,CC(=O)O[C@H]1[C@H](O[C@H]2CC[C@]34C[C@]35CC[C@]3(C)[C@@H]([C@@]6(C)CC[C@@H](C(C)(C)O)O6)[C@@H](O)C[C@@]3(C)[C@@H]5C[C@H](O[C@@H]3O[C@H](CO)[C@@H](O)[C@H](O)[C@H]3O)[C@H]4C2(C)C)OC[C@@H](O)[C@@H]1O
ZINC000253387868,CC(C)=CCC[C@](C)(O)[C@H]1CC[C@]2(C)[C@@H]1[C@H](O)C[C@@H]1[C@@]3(C)CC[C@H](O)C(C)(C)[C@@H]3[C@@H](O[C@@H]3O[C@H](CO)[C@@H](O)[C@H](O)[C@H]3O[C@@H]3OC[C@@H](O)[C@H](O)[C@H]3O)C[C@]12C
ZINC000253387890,C[C@@H]1O[C@@H](O[C@@H]2[C@@H](O)[C@H](O)[C@@H](CO)O[C@H]2O[C@H]2C[C@]3(C)[C@H](C[C@@H](O)[C@@H]4[C@@H]([C@]5(C)CC[C@H](C(C)(C)O)O5)CC[C@]43C)[C@@]3(C)CC[C@H](O)C(C)(C)[C@H]23)[C@H](O)[C@H](O)[C@H]1O
ZINC000253387908,CC(C)=CCC[C@@](C)(O)[C@H]1CC[C@]2(C)[C@@H]1[C@H](O)C[C@@H]1[C@@]3(C)CC[C@H](O[C@@H]4O[C@H](CO)[C@@H](O)[C@H](O)[C@H]4O[C@@H]4O[C@H](CO)[C@@H](O)[C@H](O)[C@H]4O[C@@H]4OC[C@@H](O)[C@H](O)[C@H]4O)C(C)(C)[C@@H]3CC[C@]12C
ZINC000253387915,CC(C)=CCC[C@](C)(O[C@@H]1O[C@H](CO[C@@H]2O[C@@H](CO)[C@H](O)[C@H]2O)[C@@H](O)[C@H](O)[C@H]1O)[C@H]1CC[C@]2(C)[C@@H]1[C@H](O)C[C@@H]1[C@@]3(C)CC[C@H](O[C@@H]4O[C@H](CO)[C@@H](O)[C@H](O)[C@H]4O)C(C)(C)[C@@H]3CC[C@]12C
ZINC000253387933,CC(C)=CCC[C@](C)(O[C@@H]1O[C@H](CO)[C@@H](O)[C@H](O)[C@H]1O)[C@H]1CC[C@]2(C)[C@@H]1[C@H](O)C[C@@H]1[C@@]3(C)CC[C@H](O[C@@H]4O[C@H](CO)[C@@H](O)[C@H](O)[C@H]4O[C@@H]4O[C@H](CO)[C@@H](O)[C@H](O)[C@H]4O)C(C)(C)[C@@H]3CC[C@]12C
ZINC000253387937,CC(=O)O[C@H]1[C@H](O)CO[C@@H](O[C@H]2CC[C@]34C[C@]35CC[C@]3(C)[C@@H]([C@@]6(C)CC[C@@H](C(C)(C)O)O6)[C@@H](O)C[C@@]3(C)[C@@H]5C[C@H](O[C@@H]3O[C@H](CO)[C@@H](O)[C@H](O)[C@H]3O)[C@H]4C2(C)C)[C@@H]1O
ZINC000253387938,C[C@@H]1O[C@@H](O[C@H]2[C@H](O[C@H]3CC[C@@]4(C)[C@@H](CC[C@]5(C)[C@@H]4CC=C4[C@@H]6CC(C)(C)CC[C@]6(C(=O)O)CC[C@]45C)[C@]3(C)CO)OC[C@H](O[C@@H]3O[C@H](CO)[C@@H](O)[C@H](O)[C@H]3O)[C@@H]2O)[C@H](O)[C@H](O)[C@H]1O
ZINC000253387973,CC(C)=CCC[C@](C)(O[C@@H]1O[C@H](CO[C@@H]2O[C@H](CO)[C@@H](O)[C@H](O)[C@H]2O)[C@@H](O)[C@H](O)[C@H]1O)[C@H]1CC[C@]2(C)[C@@H]1[C@H](O)C[C@@H]1[C@@]3(C)CC[C@H](O[C@@H]4O[C@H](CO)[C@@H](O)[C@H](O)[C@H]4O)C(C)(C)[C@@H]3CC[C@]12C
ZINC000253389489,COc1cc(O)c2c(=O)c(O[C@@H]3O[C@H](CO[C@@H]4O[C@@H](C)[C@H](O)[C@@H](O[C@@H]5O[C@@H](C)[C@H](O)[C@@H](O)[C@H]5O)[C@H]4O)[C@H](O)[C@H](O)[C@H]3O)c(-c3ccc(O)cc3)oc2c1
ZINC000253476137,C=CCNC1=C2C[C@@H](C)C[C@H](OC)[C@H](O)[C@@H](C)C=C(C)[C@H](OC(N)=O)[C@@H](OC)C=CC=C(C)C(=O)NC(=CC1=O)C2=O
ZINC000253476139,CO[C@H]1C[C@H]2OC[C@@]2(OC(C)=O)[C@@H]2[C@H](OC(=O)c3ccccc3)[C@]3(O)C[C@H](OC(=O)[C@H](O)[C@@H](NC(=O)OC(C)(C)C)c4ccccc4)C(C)=C([C@@H](OC)C(=O)[C@]12C)C3(C)C
ZINC000253476356,CC(C)=CCC[C@](C)(O)[C@@H]1CC[C@]2(C)[C@@H]1[C@H](O)C[C@@H]1[C@@]3(C)CC[C@H](O)C(C)(C)[C@@H]3[C@@H](O[C@@H]3O[C@H](CO)[C@@H](O)[C@H](O)[C@H]3O[C@@H]3O[C@@H](C)[C@H](O)[C@@H](O)[C@H]3O)C[C@]12C
ZINC000253485416,C=CC[C@@]12C=C(OC)C(=O)[C@@H](C1=O)[C@@H](c1cc(OC)c(OC)c(OC)c1)[C@H]2C
ZINC000253485417,C=CC[C@@]12C=C(OC)C(=O)[C@@H](C1=O)[C@H](c1cc(OC)c(OC)c(OC)c1)[C@H]2C
ZINC000253500842,C=C(C)[C@@H]1CC[C@]2(C(=O)O)CC[C@]3(C)[C@H](CC[C@@H]4[C@@]5(C)C[C@@H](O)[C@H](O)C(C)(C)[C@@H]5CC[C@]43C)[C@H]12
ZINC000253501071,C=C(C)[C@@H]1CC[C@]2(C(=O)O)CC[C@]3(C)[C@H](CC[C@@H]4[C@@]5(C)[C@@H](C(=O)O)[C@H](O)C(C)(C)[C@@H]5CC[C@]43C)[C@H]12
ZINC000253504448,C=C(C)[C@@H]1CC[C@]2(C)CC[C@]3(C)[C@H](CC[C@@H]4[C@@]5(C)C=CC(=O)C(C)(C)[C@@H]5CC[C@]43C)[C@H]12
ZINC000253529433,C[C@@H]1[C@H]2C3=CC[C@@H]4[C@@]5(C)C[C@@H](O)[C@H](O)[C@@](C)(CO)[C@@H]5[C@H](O)C[C@@]4(C)[C@]3(C)CC[C@@]2(C(=O)O[C@@H]2O[C@H](CO[C@@H]3O[C@H](CO)[C@@H](O[C@@H]4O[C@@H](C)[C@H](O)[C@@H](O)[C@H]4O)[C@H](O)[C@H]3O)[C@@H](O)[C@H](O)[C@H]2O)CC[C@H]1C
ZINC000253529447,C[C@@H]1O[C@@H](O[C@@H]2[C@@H](O[C@@H]3O[C@H](CO)[C@@H](O)[C@H](O)[C@H]3O)[C@@H](O)[C@@H](CO)O[C@H]2O[C@H]2CC[C@@]3(C)C(=CC[C@H]4[C@@H]5C[C@@H]6O[C@]7(CC[C@@H](C)CN7)[C@@H](C)[C@@H]6[C@@]5(C)CC[C@@H]43)C2)[C@H](O)[C@H](O)[C@H]1O
ZINC000253589610,CC1(C)[C@@H](O)CC[C@]2(C)[C@@H]1CC[C@@]1(C)[C@H]2CC=C2[C@@H]3C[C@@](C)(C(=O)O)C[C@H](O)[C@@]3(C)CC[C@@]21C
ZINC000253589613,CC1(C)[C@@H](O)CC[C@@]2(C)[C@@H]3CC=C4[C@@H]5C[C@@](C)(C(=O)O)C[C@H](O)[C@@]5(C)CC[C@]4(C)[C@@]3(C)CC[C@@H]12
ZINC000253589615,CC1(C)[C@H]2CC[C@@]3(C)[C@@H](CC=C4[C@@H]5C[C@@](C)(C(=O)O)C[C@H](O)[C@@]5(C)CC[C@@]43C)[C@]2(C)CC[C@H]1O
ZINC000253589617,CC1(C)[C@H](O)CC[C@@]2(C)[C@@H]3CC=C4[C@@H]5C[C@@](C)(C(=O)O)C[C@H](O)[C@@]5(C)CC[C@]4(C)[C@@]3(C)CC[C@@H]12
ZINC000253591190,CC(=O)OC[C@]12[C@H](OC(C)=O)[C@H](OC(C)=O)[C@H]3[C@H](OC(C)=O)[C@@]14O[C@@]3(C)COC(=O)c1cccnc1[C@H](C)[C@H](C)C(=O)O[C@@H]([C@H](OC(C)=O)[C@@H]2OC(C)=O)[C@@]4(C)O
ZINC000253591192,CC(=O)OC[C@@]12[C@H](OC(C)=O)[C@@H](OC(C)=O)[C@@H]3OC(=O)[C@@H](C)[C@@H](C)c4ncccc4C(=O)OC[C@]4(C)O[C@@]1([C@@H](OC(C)=O)[C@@H]4[C@@H](OC(C)=O)[C@H]2OC(C)=O)[C@@]3(C)O
ZINC000253591194,CC(=O)OC[C@]12[C@H](OC(C)=O)[C@H](OC(C)=O)[C@H]3[C@H](OC(C)=O)[C@@]14O[C@@]3(C)COC(=O)c1cccnc1[C@H](C)[C@H](C)C(=O)O[C@@H]([C@H](OC(C)=O)[C@H]2OC(C)=O)[C@@]4(C)O
ZINC000253591196,CC(=O)OC[C@]12[C@H](OC(C)=O)[C@H](OC(C)=O)[C@H]3[C@H](OC(C)=O)[C@@]14O[C@@]3(C)COC(=O)c1cccnc1[C@H](C)[C@H](C)C(=O)O[C@@H]([C@H](OC(C)=O)[C@@H]2OC(C)=O)[C@]4(C)O
ZINC000253591483,C=C(C)[C@H]1CC[C@@]2(C)CC[C@@]3(C)[C@@H](CC[C@H]4[C@]5(C)CC[C@@H](O)[C@](C)(CO)[C@H]5CC[C@@]43C)[C@H]12
ZINC000253592082,C[C@@H]1O[C@H](O[C@@H]2[C@@H](O)[C@H](O)[C@@H](CO)O[C@H]2O[C@H]2CC[C@@]3(C)C(=CC[C@H]4[C@@H]5C[C@@H]6O[C@]7(CC[C@@H](C)CO7)[C@@H](C)[C@]6(O)[C@@]5(C)CC[C@@H]43)C2)[C@H](O)[C@H](O)[C@H]1O
ZINC000253604287,C[C@H]1CC[C@]2(NC1)O[C@H]1C[C@H]3[C@@H]4CC[C@H]5C[C@@H](O)CC[C@]5(C)[C@H]4CC[C@]3(C)[C@@H]1[C@@H]2C
ZINC000253609045,CC(C)=CCC[C@]1(C)CC[C@]2(C)[C@@H]3CC[C@]4(C)[C@H](C)C(=O)CC[C@@H]4[C@@]3(C)CC[C@]2(C)C1
ZINC000253609046,CC(C)=CCC[C@]1(C)CC[C@]2(C)[C@@H]3CC[C@]4(C)[C@H](C)C(=O)CC[C@@H]4[C@]3(C)CC[C@@]2(C)C1
ZINC000253609047,CC(C)=CCC[C@]1(C)CC[C@]2(C)[C@@H]3CC[C@]4(C)[C@H](C)C(=O)CC[C@@H]4[C@]3(C)CC[C@]2(C)C1
ZINC000253609126,CCCCCCCCCCCCCCCC(=O)O[C@H]1CC[C@@]2(C)C(=CC[C@@H]3[C@@H]2CC[C@@]2(C)[C@H]3CC[C@H]2[C@H](C)CCCC(C)C)C1
ZINC000253613484,COc1ccc(/C=C/c2cc(O)cc(O[C@@H]3O[C@@H](CO)[C@H](O)[C@@H](O)[C@@H]3O)c2)cc1
ZINC000253617658,C[C@H]1[C@@H]2[C@H](C[C@H]3[C@@H]4CC[C@@H]5C[C@H](O)CC[C@]5(C)[C@H]4CC[C@]23C)O[C@]12CC[C@@H](C)CO2
ZINC000253617659,C[C@H]1[C@@H]2[C@H](C[C@H]3[C@@H]4CC[C@@H]5C[C@@H](O)CC[C@]5(C)[C@H]4CC[C@]23C)O[C@]12CC[C@@H](C)CO2
ZINC000253617731,CC(=O)O[C@@H]1C[C@H](O)[C@@]23CO[C@@H](O)[C@@]1(C)[C@@H]2C[C@@H](O)[C@]1(C)[C@@H]3C(=O)[C@H](OC(C)=O)[C@@]2(C)[C@H](c3ccoc3)C[C@H]3O[C@@]312
ZINC000253618086,O=C1C=CC[C@@H]2[C@@H]3CCC[N@+]4([O-])CCC[C@H](CN12)[C@@H]34
ZINC000253618087,O=C1C=CC[C@@H]2[C@@H]3CCC[N@+]4([O-])CCC[C@@H](CN12)[C@H]34
ZINC000253618088,O=C1C=CC[C@@H]2[C@@H]3CCC[N@+]4([O-])CCC[C@H](CN12)[C@H]34
ZINC000253618089,O=C1C=CC[C@@H]2[C@@H]3CCC[N@+]4([O-])CCC[C@@H](CN12)[C@@H]34
ZINC000253619165,CC(C)=CCC[C@](C)(O[C@@H]1O[C@H](CO)[C@@H](O)[C@H](O)[C@H]1O)[C@@H]1CC[C@]2(C)[C@@H]1[C@H](O)C[C@@H]1[C@@]3(C)CC[C@H](O)C(C)(C)[C@@H]3[C@@H](O[C@@H]3O[C@H](CO)[C@@H](O)[C@H](O)[C@H]3O)C[C@]12C
ZINC000253621734,CC(C)=CCC[C@](C)(O[C@@H]1O[C@H](CO)[C@@H](O)[C@H](O)[C@H]1O)[C@@H]1CC[C@]2(C)[C@@H]1[C@H](O)C[C@@H]1[C@@]3(C)CC[C@H](O)C(C)(C)[C@@H]3[C@@H](O[C@@H]3O[C@H](CO)[C@@H](O)[C@H](O)[C@H]3O[C@@H]3O[C@@H](C)[C@H](O)[C@@H](O)[C@H]3O)C[C@]12C
ZINC000253633751,C[C@@H]1CC=CC=CC=CC=C[C@H](O[C@@H]2O[C@H](C)[C@@H](O)[C@H](N)[C@@H]2O)C[C@@H]2O[C@](O)(C[C@@H](O)C[C@H]3O[C@@H]3C=CC(=O)O1)C[C@H](O)[C@H]2C(=O)O
ZINC000253634866,CC1=CCOC(=O)CCC(=O)OCC2=C3C[C@H]4[C@](O)(COC1=O)[C@H]1C[C@H]1[C@]4(C)[C@@H]1C[C@@]4(O)C5=C(C6=C(C)C(=O)O[C@]6(O)[C@H](O)[C@@]5(C)[C@@H]5C[C@@H]54)[C@]31OC2=O
ZINC000253635153,CC1=CCC(=C(C)C)C(=O)CC(C)=CCC1
ZINC000253635299,C[C@H]1CCCC=C[C@@H]2C[C@H](O)C[C@H]2[C@H](O)C=CC(=O)O1
ZINC000253635653,CC[C@@H]1C=C(C)C[C@H](C)C[C@H](OC)[C@H]2O[C@@](O)(C(=O)C(=O)N3CCCC[C@H]3C(=O)O[C@H](/C(C)=C/[C@@H]3CC[C@@H](O)[C@H](OC)C3)[C@H](C)[C@@H](O)CC1=O)[C@H](C)C[C@@H]2OC
ZINC000253636372,C=C1C(=O)O[C@@H]2C=C(C)CCC=C(C)CC[C@@H]12
ZINC000253636383,CC1=CCC[C@H](C)C(=O)C[C@@H](C(C)C)C(=O)C1
ZINC000253644166,CO[C@@H]1[C@@H](O[C@@H]2O[C@H](CO[C@@H]3O[C@H](CO)[C@@H](O)[C@H](O)[C@H]3O)[C@@H](O)[C@H](O)[C@H]2O)[C@H](C)O[C@@H](O[C@H]2CC[C@]3(C)[C@H]4CC[C@]5(C)[C@@H](C6=CC(=O)OC6)CC[C@]5(O)[C@@H]4CC[C@@H]3C2)[C@H]1O
ZINC000253664645,C=C1C(=O)O[C@@H]2C=C(C)[C@@H](O)C[C@H]3O[C@]3(C)C[C@@H](OC(=O)/C(C)=C\C)[C@@H]12
ZINC000253667724,COC(=O)[C@@]1(C)CC[C@]2(C(=O)O[C@@H]3O[C@H](CO)[C@@H](O)[C@H](O)[C@H]3O)CC[C@]3(C)C(=CC[C@@H]4[C@@]5(C)C[C@H](O)[C@H](O[C@@H]6OC[C@@H](O[C@@H]7O[C@H](CO)[C@@H](O)[C@H](O)[C@H]7O)[C@H](O)[C@H]6O)[C@@](C)(CO)[C@@H]5CC[C@]43C)[C@@H]2C1
ZINC000253679227,C=C1[C@@H](O)[C@@H]2C=CC[C@H](C)C(=O)[C@](C)(O)C=C[C@@H](OC(C)=O)[C@]23C(=O)N[C@@H](Cc2ccccc2)[C@@H]3[C@@H]1C
ZINC000253683239,C=C1[C@H](OC(C)=O)C[C@@H](OC(=O)c2cccnc2)C(C)(C)C=C[C@@H](C)C(=O)[C@@]2(OC(C)=O)C[C@@](C)(OC(C)=O)[C@H](OC(C)=O)[C@@H]2[C@H]1OC(C)=O
ZINC000253683698,C=C1CCC=C(C)CC[C@@H](C(C)C)C(=O)C1
ZINC000253684767,CO[C@H]1C[C@@H]2CC[C@@H](C)[C@@](O)(O2)C(=O)C(=O)N2CCCC[C@H]2C(=O)O[C@H]([C@H](C)C[C@@H]2CC[C@@H](O)[C@H](OC)C2)CC(=O)[C@H](C)C=C(C)[C@@H](O)[C@@H](OC)C(=O)[C@H](C)C[C@H](C)C=CC=CC=C1C
ZINC000253686419,C=C1C(=O)O[C@@H]2C=C(C)CCC=C(C)C[C@@H](OC(=O)/C(=C/CO)CO)[C@@H]12
ZINC000253688375,CC1=CCC[C@]2(C)O[C@H]2C(=O)c2c(C)coc2C1
ZINC000253697220,C=C1[C@H](OC(C)=O)[C@@H](OC(C)=O)[C@@H](OC(C)=O)C(C)(C)C=C[C@H](C)[C@H](OC(C)=O)[C@@]2(O)C[C@@](C)(OC(C)=O)[C@H](OC(=O)c3ccccc3)[C@@H]2[C@H]1OC(C)=O
ZINC000253734116,CC1=CCC[C@]23O[C@H]2[C@@H](OC3=O)c2c(C)coc2C1
ZINC000253761844,CC(=O)O[C@H]1C[C@H]2[C@@H](OC(C)=O)C=C3C[C@](C)(C(=O)[C@H](O)C(=C1C)C2(C)C)[C@@H](OC(C)=O)C[C@@H]3O
ZINC000253770590,C=C1[C@H](OC(C)=O)[C@@H](O)[C@@H](OC(=O)c2cccnc2)C(C)(C)C=C[C@H](C)[C@H](OC(C)=O)[C@@]2(O)C[C@@](C)(OC(C)=O)[C@H](OC(=O)c3ccccc3)[C@@H]2[C@H]1OC(C)=O
ZINC000253791439,CC(=O)O[C@H]1C[C@H]2[C@@H](OC(C)=O)C=C3C[C@](C)(C(=O)[C@H](O)C(=C1C)C2(C)C)[C@@H](OC(C)=O)C[C@@H]3OC(=O)/C=C/c1ccccc1
ZINC000253839016,C=C1[C@@H](C)[C@H]2[C@H](Cc3ccccc3)NC(=O)[C@]23OC(=O)C=C[C@H](O)CCC[C@@H](C)CC=C[C@H]3[C@@H]1O
ZINC000253907963,C[C@@H]1OC(=O)C[C@H](O)C[C@H](O)C[C@H](O)CC[C@@H](O)[C@H](O)C[C@]2(O)C[C@H](O)[C@@H](C(=O)O)[C@H](C[C@@H](O[C@@H]3O[C@H](C)[C@@H](O)[C@H](N)[C@@H]3O)C=CC=CC=CC=CCCC=CC=C[C@H](C)[C@@H](O)[C@H]1C)O2
ZINC000253947047,CO[C@H]1C=CO[C@@]2(C)Oc3c(C)c(O)c4c(O)c(c(/C=N/N5CCN(C)CC5)c(O)c4c3C2=O)NC(=O)C(C)=CC=C[C@H](C)[C@H](O)[C@@H](C)[C@@H](O)[C@@H](C)[C@H](OC(C)=O)[C@@H]1C
ZINC000253975433,C=C1CCC=C(C)CC[C@@H]2[C@@H]1CC2(C)C
ZINC000253979488,CC(=O)O[C@H]1[C@H]2[C@@H](OC(=O)Cc3ccccc3)[C@@H](C)C[C@]2(OC(C)=O)C(=O)C(C)=C[C@@H]2[C@H](CC[C@@]13CO3)C2(C)C
ZINC000253995172,CC(=O)O[C@H]1[C@@H]2[C@@H](OC(=O)Cc3ccccc3)[C@@H](C)C[C@]2(OC(C)=O)C(=O)C(C)=C[C@@H]2[C@H](CC[C@@]13CO3)C2(C)C
ZINC000254048528,CC(C)=CCC[C@](C)(O[C@@H]1O[C@H](CO[C@@H]2OC[C@@H](O)[C@H](O)[C@H]2O)[C@@H](O)[C@H](O)[C@H]1O)[C@@H]1CC[C@]2(C)[C@@H]1[C@H](O)C[C@@H]1[C@@]3(C)CC[C@H](O[C@@H]4O[C@H](CO)[C@@H](O)[C@H](O)[C@H]4O)C(C)(C)[C@@H]3CC[C@]12C
ZINC000254074527,C/C=C(\C)C(=O)O[C@H]1C[C@@H](C)[C@]2(OC)CC[C@](C)(C=C3OC(=O)C(COC(C)=O)=C31)O2
ZINC000254081029,C=CCC1=C[C@@]2(OC)C(=O)C(OC)(OC)[C@H]1[C@@H]1C(OC)(OC)C(=O)C(OC)=C[C@]12CC=C
ZINC000254081030,C=CCC1=C[C@@]2(OC)C(=O)C(OC)(OC)[C@H]1[C@H]1C(OC)(OC)C(=O)C(OC)=C[C@]12CC=C
ZINC000254081031,C=CCC1=C[C@@]2(OC)C(=O)C(OC)(OC)[C@H]1[C@H]1C(OC)(OC)C(=O)C(OC)=C[C@@]12CC=C
ZINC000254131984,CC(=O)[C@]1(O)CC[C@@]2(O)[C@]1(C)[C@@H](OC(=O)c1ccc(O)cc1)C[C@H]1[C@@]3(C)CC[C@H](O)CC3=CC[C@@]12O
ZINC000254131989,CC(=O)[C@]1(O)CC[C@]2(O)[C@@]3(O)CC=C4C[C@@H](O)CC[C@]4(C)[C@@H]3C[C@H](OC(=O)c3ccc(O)cc3)[C@@]12C
ZINC000254131993,CC(=O)[C@]1(O)CC[C@]2(O)[C@@]3(O)CC=C4C[C@@H](O)CC[C@]4(C)[C@@H]3C[C@@H](OC(=O)c3ccc(O)cc3)[C@@]12C
ZINC000254153336,C=C(C)C(=O)O[C@H]1C[C@@H](C)[C@]2(O)CC[C@](C)(C=C3OC(=O)C(COC(C)=O)=C31)O2
ZINC000254153398,C=C(C)C(=O)O[C@H]1C[C@@H](C)[C@]2(OC)CC[C@](C)(C=C3OC(=O)C(COC(C)=O)=C31)O2
ZINC000255191941,CO[C@@H]1[C@@H](O[C@@H]2O[C@H](C)[C@@H](O[C@H]3C[C@@](C)(O)[C@@H](O)[C@H](C)O3)[C@H](N(C)C)[C@H]2O)[C@@H](CC=O)C[C@@H](C)[C@@H](O[C@H]2CC[C@H](N(C)C)[C@@H](C)O2)C=CC=CC[C@@H](C)OC(=O)C[C@H]1O
ZINC000255192559,COC(OC)[C@@H](CC(=O)[C@@H](O)C(C)(C)OC)[C@@H]1CC[C@]2(C)C3=CC[C@H]4C(C)(C)C(=O)CC[C@]4(C)[C@H]3CC[C@@]12C
ZINC000255193197,CC(C)=CCC[C@](C)(O)[C@H]1CC[C@]2(C)[C@H]1[C@H](O)C[C@@H]1[C@@]3(C)CC[C@H](O)C(C)(C)[C@@H]3[C@@H](O[C@@H]3O[C@H](CO)[C@@H](O)[C@H](O)[C@H]3O[C@@H]3O[C@@H](C)[C@H](O)[C@@H](O)[C@H]3O)C[C@]12C
ZINC000255193324,C=C1CC[C@]2(C(=O)O)CC[C@]3(C)C(=CC[C@@H]4[C@@]5(C)CC[C@H](O[C@@H]6OC[C@H](O)[C@H](O)[C@H]6O[C@@H]6O[C@@H](C)[C@H](O)[C@@H](O)[C@H]6O)C(C)(C)[C@@H]5CC[C@]43C)[C@@H]2C1
ZINC000255197662,CC1=CCC[C@@H]2[C@]1(C)CC[C@H]1[C@@]2(CO)CC[C@@]2(C)[C@@H]3CC[C@H](C(C)C)[C@@]3(C)CC[C@]12C
ZINC000255200449,C[C@@H]1[C@H]2C3=CC[C@@H]4[C@@]5(C)C[C@@H](O)[C@H](O)[C@@](C)(CO)[C@H]5[C@H](O)C[C@@]4(C)[C@]3(C)CC[C@@]2(C(=O)O[C@@H]2O[C@H](CO[C@@H]3O[C@H](CO)[C@@H](O[C@@H]4O[C@@H](C)[C@H](O)[C@@H](O)[C@H]4O)[C@H](O)[C@H]3O)[C@@H](O)[C@H](O)[C@H]2O)CC[C@H]1C
ZINC000255202042,COC1=C[C@H](C)O[C@H](O[C@H]2CC[C@@]3(C)C(=CC[C@H]4[C@@H]5CC[C@](O)([C@H](C)O[C@H]6C[C@@H](O)[C@H](O)[C@@H](C)O6)[C@@]5(C)CC[C@@H]43)C2)C1=O
ZINC000255202044,COC1=C[C@@H](C)O[C@@H](O[C@H]2CC[C@@]3(C)C(=CC[C@H]4[C@@H]5CC[C@](O)([C@H](C)O[C@H]6C[C@@H](O)[C@H](O)[C@@H](C)O6)[C@@]5(C)CC[C@@H]43)C2)C1=O
ZINC000255204281,C=C(C)[C@@H]1CC[C@]2(C)CC[C@]3(C)[C@H](C[C@H](O)[C@@H]4[C@@]5(C)CC[C@H](O)C(C)(C)[C@@H]5CC[C@]43C)[C@@H]12
ZINC000255204727,C[C@H]1O[C@@H](O[C@H]2CC[C@@]3(C)[C@@H](CC[C@]4(C)[C@@H]3C=CC3=C5CC(C)(C)CC[C@]5(CO)[C@@H](O)C[C@]34C)[C@]2(C)CO)[C@H](O[C@@H]2O[C@H](CO)[C@@H](O)[C@H](O)[C@H]2O)[C@@H](O[C@@H]2O[C@H](CO)[C@@H](O)[C@H](O)[C@H]2O)[C@H]1O
ZINC000255208130,CO[C@@H]1C[C@H](O[C@H]2CC[C@@]3(C)[C@H](CC[C@@]45O[C@@]46CC=C(C4=CC(=O)OC4)[C@@]6(C)CC[C@H]35)C2)O[C@H](C)[C@@H]1O[C@@H]1O[C@H](CO[C@@H]2O[C@H](CO)[C@@H](O)[C@H](O)[C@H]2O)[C@@H](O)[C@H](O)[C@H]1O
ZINC000255209048,COc1cc([C@H]2OC[C@@H]3[C@H](c4cc(OC)c(O[C@@H]5O[C@H](CO)[C@@H](O)[C@H](O)[C@H]5O)c(OC)c4)OC[C@H]23)cc(OC)c1O[C@@H]1O[C@H](CO)[C@@H](O)[C@H](O)[C@H]1O
ZINC000255210626,CC(C)=CCC[C@](C)(O[C@@H]1O[C@H](CO)[C@@H](O)[C@H](O)[C@H]1O)[C@H]1CC[C@]2(C)[C@H]1[C@H](O)C[C@@H]1[C@@]3(C)CC[C@H](O)C(C)(C)[C@@H]3CC[C@]12C
ZINC000255211541,C[C@@H]1O[C@@H](O[C@H]2[C@H](O[C@H]3CC[C@@]4(C)[C@@H](CC[C@]5(C)[C@@H]4CC=C4[C@@H]6CC(C)(C)CC[C@]6(C(=O)O)CC[C@]45C)C3(C)C)OC[C@H](O[C@@H]3O[C@H](CO)[C@@H](O)[C@H](O)[C@H]3O)[C@@H]2O)[C@H](O)[C@H](O)[C@H]1O
ZINC000255212476,CO[C@@H]1C=C2[C@@H]3CC(C)(C)CC[C@]3(CO)[C@@H](O)C[C@@]2(C)[C@]2(C)CC[C@@H]3[C@](C)(CC[C@H](O[C@@H]4O[C@H](C)[C@H](O)[C@H](O[C@@H]5O[C@H](CO)[C@@H](O)[C@H](O)[C@H]5O)[C@H]4O)[C@@]3(C)CO)[C@@H]12
ZINC000255213529,C=C1[C@H]2C[C@H]2[C@@]2(C)[C@H]1CC1=C(C)C(=O)O[C@]13[C@H]2CC1=C2[C@@H]3/C(=C(\C)C(=O)OC)C(=O)[C@H](O)[C@@]2(C)[C@@H]2C[C@H]12
ZINC000255214329,CC(C)[C@H]1C[C@@H](O)[C@H]2[C@]3(C)CC[C@H]4C(=CC[C@H]5C(C)(C)CCC[C@@]54C)[C@@]3(C)CC[C@]12C
ZINC000255218309,CC[C@@H](C)C(=O)O[C@H]1[C@@H]2[C@@]3(C)CC[C@H](O[C@H]4C[C@@H](OC)[C@H](O[C@@H]5O[C@H](C)[C@@H](O)[C@@H](OC)[C@H]5O)[C@@H](C)O4)C[C@@H]3CC[C@]23O[C@@]32CC[C@@H](C(C)=O)[C@@]2(C)[C@@H]1OC(C)=O
ZINC000255218490,C[C@@H]1O[C@@H](O[C@@H]2[C@@H](O)[C@H](O[C@@H]3OC[C@@H](O)[C@H](O)[C@H]3O)[C@@H](CO)O[C@H]2O[C@H]2CC[C@@]3(C)C(=CC[C@H]4[C@@H]5C[C@@H]6O[C@]7(CC[C@@H](C)CO7)[C@@H](C)[C@@H]6[C@@]5(C)CC[C@@H]43)C2)[C@H](O)[C@H](O)[C@H]1O
ZINC000255218918,CO[C@@H]1C[C@H](O[C@H]2CC[C@@]3(C)[C@@H](CC[C@@]45O[C@@]46CC[C@@H](C(C)=O)[C@@]6(C)[C@H](OC(C)=O)[C@@H](OC(=O)c4ccccc4)[C@H]35)C2)O[C@H](C)[C@H]1O[C@@H]1O[C@H](C)[C@@H](O)[C@@H](OC)[C@H]1O
ZINC000255219206,C=C1[C@@H]2C[C@H](OC(C)=O)[C@H]3[C@]4(C)[C@@H](OC(C)=O)C[C@H](O)C(C)(C)[C@H]4[C@@H](OC(C)=O)[C@H](OC(C)=O)[C@]3(C2)[C@@H]1OC(C)=O
ZINC000255220050,C/C=C1/[C@H](O[C@@H]2O[C@H](CO)[C@@H](O)[C@H](O)[C@H]2O)OC=C(C(=O)OC)[C@H]1CC(=O)OC[C@H]1O[C@@H](OCCc2ccc(O)c(O)c2)[C@H](O)[C@@H](O)[C@@H]1O
ZINC000255220112,COC(=O)[C@@]12OC[C@@]34[C@@H](C[C@H]5C(C)=C(O)C(=O)C[C@]5(C)[C@H]3[C@@H](O)[C@@H]1O)OC(=O)[C@H](OC(=O)/C=C(\C)C(C)C)[C@H]24
ZINC000255220134,C=C(C)[C@@H]1CC[C@]2(C)CC[C@]3(C)[C@H](CC[C@@H]4[C@@]5(C)CC[C@H](OC(=O)C[C@@H](O)CCCCCCCCCCCCCCC)C(C)(C)[C@@H]5CC[C@]43C)[C@@H]12
ZINC000255220135,C=C(C)[C@@H]1CC[C@]2(C)CC[C@]3(C)[C@H](CC[C@@H]4[C@@]5(C)CC[C@H](OC(=O)C[C@H](O)CCCCCCCCCCCCCCC)C(C)(C)[C@@H]5CC[C@]43C)[C@@H]12
ZINC000255220644,C=C1CC[C@@H]2[C@@](C)(CO)[C@H](O)CC[C@@]2(C)[C@@H]1CC/C(C)=C/CO[C@@H]1O[C@H](CO)[C@@H](O)[C@H](O)[C@H]1O
ZINC000255220925,C=C[C@]12C=CC[N@+]3([O-])CC[C@@]4(c5ccccc5NC(=O)[C@@]4(C(=O)OC)C1)[C@H]23
ZINC000255221009,C/C(=C/C(=O)C[C@@H](C)C(=O)O)[C@H]1CC(=O)[C@@]2(C)C3=C(C(=O)C[C@]12C)[C@@]1(C)CCC(=O)C(C)(C)[C@@H]1C[C@@H]3O
ZINC000255221567,C=C1CC[C@H]2[C@@H](C=C(C)C(=O)[C@@]3(OC(C)=O)C[C@H](C)[C@H](OC(=O)c4ccccc4)[C@@H]3[C@H]1OC(C)=O)C2(C)C
ZINC000255221709,C=C1C(=O)[C@@]23CC[C@@H]4[C@](C)(C(=O)O[C@@H]5O[C@H](CO)[C@@H](O)[C@H](O)[C@H]5O)CCC[C@@]4(C)[C@@H]2[C@@H](O)C[C@@H]1C3
ZINC000255221936,CO[C@@H]1O[C@@](OC)([C@H]2OC2(C)C)C[C@H]1[C@@H]1CC[C@]2(C)C3=CC[C@H]4C(C)(C)C(=O)CC[C@]4(C)[C@H]3CC[C@@]12C
ZINC000255222337,C[C@@H]1CN2C[C@H]3CCC4=C5[C@]6(CC[C@@]57C(=O)[C@@H]1C[C@@H]2[C@@]37C)C[C@H]4[C@H]1O[C@@H](O[C@@H]2O[C@H](CO)[C@@H](O)[C@H](O)[C@H]2O)[C@@H]2C(CO)=C[C@@H]3OC(=O)[C@@]16[C@H]23
ZINC000255222389,CC1=CCC[C@H](C)C(=O)C[C@H](C(C)C)C(=O)C1
ZINC000255223460,CC1(C)CC[C@]2(C(=O)O[C@@H]3O[C@H](CO)[C@@H](O)[C@H](O)[C@H]3O)CC[C@]3(C)C(=CC[C@@H]4[C@@]5(C)CC[C@H](O[C@@H]6O[C@H](C(=O)O)[C@@H](O[C@@H]7O[C@@H](CO)[C@H](O)[C@H]7O)[C@H](O)[C@H]6O)C(C)(C)[C@@H]5CC[C@]43C)[C@@H]2C1
ZINC000255223778,CC(C)=CCC[C@](C)(O[C@@H]1O[C@H](CO)[C@@H](O)[C@H](O)[C@H]1O[C@@H]1O[C@@H](C)[C@H](O)[C@@H](O)[C@H]1O)[C@H]1CC[C@]2(C)[C@@H]1[C@H](O)C[C@@H]1[C@@]3(C)CC[C@H](O)C(C)(C)[C@@H]3CC[C@]12C
ZINC000255224193,C[C@]1(OC(=O)/C=C/c2ccccc2)C[C@@H](O)[C@]2(O)C=CO[C@@H](O[C@@H]3O[C@H](CO)[C@@H](O)[C@H](O)[C@H]3O)[C@@H]12
ZINC000255225312,CC(=O)O[C@@H]1[C@@H](O[C@@H]2O[C@@H](C)[C@H](O)[C@@H](O)[C@H]2O)[C@H](OC(=O)/C=C/c2ccc(O)c(O)c2)[C@@H](CO[C@@H]2O[C@H](CO)[C@@H](O)[C@H](O)[C@H]2O)O[C@H]1OCCc1ccc(O)c(O)c1
ZINC000255225503,CO[C@@H]1[C@@H](O[C@@H]2O[C@H](CO)[C@@H](O)[C@H](O)[C@H]2O)[C@H](C)O[C@@H](O[C@H]2CC[C@]3(C)[C@H]4CC[C@]5(C)[C@H](C6=CC(=O)OC6)CC[C@]5(O)[C@@H]4CC[C@@H]3C2)[C@H]1O
ZINC000255225720,CO[C@H]1C[C@H](O[C@H]2CC[C@]3(C)[C@H]4[C@H](O)C[C@]5(C)[C@@H](C6=CC(=O)OC6)CC[C@]5(O)[C@@H]4CC[C@@H]3C2)O[C@H](C)[C@@H]1O
ZINC000255227142,CC(=O)O[C@H]1CCC(C)(C)[C@]2(O)[C@@H](OC(C)=O)[C@H](OC(C)=O)[C@@H]3[C@H](CC(=O)[C@@]4(O)[C@@H](O)[C@@H](O)O[C@@]34C)[C@@]12C
ZINC000255228699,CO[C@@H]1O[C@@](OC)([C@H]2OC2(C)C)C[C@H]1[C@@H]1CC[C@]2(C)C3=CC[C@H]4C(C)(C)[C@H](O)CC[C@]4(C)[C@H]3CC[C@@]12C
ZINC000255231145,C=C1C[C@@H](OC(=O)[C@H](O)Cc2ccc(O)cc2)[C@H]2C(=C)C(=O)O[C@@H]2[C@H]2C(=C)[C@@H](O[C@@H]3O[C@H](CO)[C@@H](O)[C@H](O)[C@H]3O)C[C@@H]12
ZINC000255231340,O=c1c(O[C@@H]2O[C@H](CO)[C@@H](O)[C@H](O)[C@H]2O[C@@H]2O[C@H](CO)[C@@H](O)[C@H](O)[C@H]2O)c(-c2ccc(O)cc2)oc2cc(O[C@@H]3O[C@H](CO)[C@@H](O)[C@H](O)[C@H]3O)cc(O)c12
ZINC000255235646,C=C(C)[C@@H]1CC[C@]2(C(=O)O)CC[C@]3(C)[C@H](CC[C@@H]4[C@@]5(C)CC[C@H](OC(=O)/C=C/c6ccc(O)c(O)c6)C(C)(C)[C@@H]5CC[C@]43C)[C@H]12
ZINC000255236195,COc1ccc(CCO[C@@H]2O[C@H](CO[C@@H]3O[C@H](CO)[C@@H](O)[C@H](O)[C@H]3O)[C@@H](OC(=O)/C=C/c3ccc(O)c(O)c3)[C@H](O[C@@H]3O[C@@H](C)[C@H](O)[C@@H](O)[C@H]3O)[C@H]2O)cc1O
ZINC000255237277,C/C=C1/[C@H](O[C@@H]2O[C@H](CO)[C@@H](O)[C@H](O)[C@H]2O)OC=C(C(=O)OC)[C@H]1CC(=O)O[C@H]1C[C@H](C)[C@H]2COC(=O)C[C@@H]3C(=CO[C@@H](O[C@@H]4O[C@H](CO)[C@@H](O)[C@H](O)[C@H]4O)/C3=C/C)C(=O)OC[C@H](C)[C@H]12
ZINC000255245244,C=C(C)[C@@H]1CC[C@]2(C)CC[C@]3(C)[C@H](CC[C@@H]4[C@@]5(C)CC[C@H](OC(=O)/C=C/c6ccc(O)c(O)c6)C(C)(C)[C@@H]5CC[C@]43C)[C@H]12
ZINC000255247883,C/C=C(\C)C(=O)O[C@H]1C[C@@H](C)[C@]2(O)CC[C@](C)(C=C3OC(=O)C(COC(C)=O)=C31)O2
ZINC000255249850,C=C(C)[C@@H]1CC[C@]2(C)CC[C@]3(C)[C@H](CC[C@@H]4[C@@]5(C)CC[C@@H](O)[C@](C)(C(=O)O)[C@@H]5CC[C@]43C)[C@H]12
ZINC000255250784,CC(=O)O[C@H]1[C@H](O[C@@H]2[C@@H](O)[C@H](O[C@@H]3OC[C@@H](O)[C@H](O)[C@H]3O)[C@@H](CO)O[C@H]2O[C@H]2CC[C@@]3(C)C(=CC[C@H]4[C@@H]5C[C@@H]6O[C@]7(CC[C@@H](C)CO7)[C@@H](C)[C@@H]6[C@@]5(C)CC[C@@H]43)C2)O[C@@H](C)[C@H](O)[C@H]1O
ZINC000255253092,C/C=C(\C)C(=O)O[C@H]1[C@@H]2[C@@]3(C)CC[C@H](O[C@H]4C[C@@H](OC)[C@H](O[C@@H]5O[C@H](C)[C@@H](O)[C@@H](OC)[C@H]5O)[C@@H](C)O4)C[C@@H]3CC[C@]23O[C@@]32CC[C@@H](C(C)=O)[C@@]2(C)[C@@H]1OC(C)=O
ZINC000255258233,C=C1C(=O)O[C@@H]2C=C(C)CCC=C(C)C[C@@H](O)[C@@H]12
ZINC000255259155,C=C(C)[C@@H]1CC[C@]2(CO)CC[C@]3(C)[C@H](CC[C@@H]4[C@@]5(C)CC[C@H](O)[C@@](C)(CO)[C@@H]5CC[C@]43C)[C@@H]12
ZINC000255260724,CC1(C)CCC[C@](C)([C@H]2CC[C@]3(C)[C@H]2[C@H](O)C[C@@H]2[C@@]4(C)CC[C@H](O)C(C)(C)[C@@H]4[C@H](O)C[C@]23C)O1
ZINC000255261951,CCCCC/C=C\C/C=C\CCCCCCCC(=O)O[C@H](COC(=O)CCCCCCCCCCCCCCC)CO[C@@H]1O[C@H](CO[C@H]2O[C@H](CO)[C@H](O)[C@H](O)[C@H]2O)[C@H](O)[C@H](O)[C@H]1O
ZINC000255262001,CC(C)=CCC[C@](C)(O)[C@H]1CC[C@]2(C)[C@H]1[C@H](O)C[C@@H]1[C@@]3(C)CC[C@H](O)C(C)(C)[C@@H]3[C@@H](O[C@@H]3O[C@H](CO)[C@@H](O)[C@H](O)[C@H]3O)C[C@]12C
ZINC000255262154,CC(=O)[C@@H]1CC[C@]2(C)CC[C@]3(C)[C@H](CC[C@@H]4[C@@]5(C)CC[C@H](O)C(C)(C)[C@@H]5CC[C@]43C)[C@H]12
ZINC000255262579,CC(C)=CCC[C@](C)(O[C@@H]1O[C@H](CO)[C@@H](O)[C@H](O)[C@H]1O)[C@@H]1CC[C@]2(C)[C@@H]1[C@H](O)C[C@@H]1[C@@]3(C)CC[C@H](O[C@@H]4O[C@H](CO)[C@@H](O)[C@H](O)[C@H]4O[C@@H]4O[C@H](CO)[C@@H](O)[C@H](O)[C@H]4O)C(C)(C)[C@@H]3CC[C@]12C
ZINC000255262582,CC(C)=CCC[C@](C)(O[C@@H]1O[C@H](CO)[C@@H](O)[C@H](O)[C@H]1O)[C@H]1CC[C@]2(C)[C@H]1[C@H](O)C[C@@H]1[C@@]3(C)CC[C@H](O[C@@H]4O[C@H](CO)[C@@H](O)[C@H](O)[C@H]4O[C@@H]4O[C@H](CO)[C@@H](O)[C@H](O)[C@H]4O)C(C)(C)[C@@H]3CC[C@]12C
ZINC000255262653,C=C[C@H]1[C@H](O[C@@H]2O[C@H](COC(C)=O)[C@@H](OC(=O)c3cccc(O[C@@H]4O[C@H](CO)[C@@H](O)[C@H](O)[C@H]4O)c3O)[C@H](OC(C)=O)[C@H]2OC(C)=O)OC=C2C(=O)OCC[C@H]21
ZINC000255262716,CC(C)(O)[C@H]1OC[C@H]([C@@H]2CC[C@]3(C)C4=CC[C@H]5C(C)(C)C(=O)CC[C@]5(C)[C@H]4CC[C@@]23C)C[C@H]1O
ZINC000255264243,CC(=O)O[C@@H]1[C@H]2[C@@H](OC(=O)Cc3ccccc3)[C@@H](C)C[C@]2(OC(C)=O)C(=O)C(C)=C[C@@H]2[C@H](CC[C@]13CO3)C2(C)C
ZINC000255264407,COC(=O)C1=C[C@H](O[C@@H]2O[C@H](CO)[C@@H](O)[C@H](O)[C@H]2O)C[C@H]2[C@]3(C)C[C@@H](c4ccoc4)OC(=O)[C@@]3(O)CC[C@@]12C
ZINC000255269492,C/C=C1/C[N@@+]2([O-])[C@H]3C[C@@H]1[C@H]1[C@@H]2C[C@@]2(C3=Nc3ccccc32)[C@@H]1OC(C)=O
ZINC000255271580,C=C1[C@@H](OC(=O)/C=C/c2ccccc2)C[C@H](OC(C)=O)[C@@]2(C)[C@@H](OC(C)=O)[C@H](OC(C)=O)[C@@]34[C@H](C)C(=O)C[C@@H]([C@@H](OC(C)=O)[C@]123)C4(C)C
ZINC000255273251,CC1=CCc2c(C)coc2CC(C)=CCC1
ZINC000255274226,O=C1C=CCCc2ccc(O)c(c2)-c2cc(ccc2O)CC1
ZINC000255275079,CC(=O)OC[C@H]1O[C@@H](O[C@H]2[C@@H](O)[C@@H](C)O[C@@H](O[C@H]3CC[C@@]4(C)[C@@H](CC[C@]5(C)[C@@H]4C=C[C@]46OC[C@@]7(CCC(C)(C)C[C@H]74)[C@@H](O)C[C@]65C)[C@]3(C)CO)[C@@H]2O)[C@H](O)[C@@H](O)[C@@H]1O
ZINC000255276038,CC(=O)[C@@H]1CC[C@]2(C)CC[C@]3(C)[C@H](CC[C@@H]4[C@@]5(C)CCCC(C)(C)[C@@H]5CC[C@]43C)[C@@H]12
ZINC000255276197,CC1(C)CC[C@]2(C(=O)O)CC[C@]3(C)C(=CC[C@@H]4[C@@]5(C)CC[C@H](O[C@@H]6O[C@H](C(=O)O)[C@@H](O)[C@H](O)[C@H]6O[C@@H]6O[C@H](CO)[C@@H](O)[C@H](O)[C@H]6O)C(C)(C)[C@@H]5CC[C@]43C)[C@@H]2C1
ZINC000255276717,C[C@@H]1[C@H]2C3=CC[C@@H]4[C@@]5(C)C[C@@H](O)[C@H](OC(=O)/C=C/c6ccc(O)cc6)[C@@](C)(CO)[C@@H]5CC[C@@]4(C)[C@]3(C)CC[C@@]2(C(=O)O)CC[C@H]1C
ZINC000255280326,CO[C@@H]1OC(=O)C[C@H]1[C@@H]1CC[C@]2(C)C3=CC[C@H]4C(C)(C)C(=O)CC[C@]4(C)[C@H]3CC[C@@]12C
ZINC000255280991,CC(C)=CCC[C@](C)(O[C@@H]1O[C@H](CO)[C@@H](O)[C@H](O)[C@H]1O)[C@H]1CC[C@]2(C)[C@H]1[C@H](O)C[C@@H]1[C@@]3(C)CC[C@H](O)C(C)(C)[C@@H]3[C@@H](O)C[C@]12C
ZINC000255281886,C=C1[C@@H](OC(C)=O)C[C@H](OC(C)=O)[C@@]2(COC(=O)c3ccccc3)[C@@H](OC(C)=O)[C@H](OC(C)=O)[C@@]3(O)[C@]4(C)OC[C@@]3(C)[C@@H](CC4=O)[C@@H](OC(C)=O)[C@H]12
ZINC000255284554,C=C1[C@@H](OC(=O)/C=C/c2ccccc2)C[C@H](OC(C)=O)[C@@]2(COC(C)=O)[C@@H](OC(C)=O)[C@H](OC(C)=O)[C@@]3(O)[C@]4(C)OC[C@@]3(C)[C@@H](CC4=O)[C@@H](OC(C)=O)[C@H]12
ZINC000255284577,COC(=O)[C@]12OC[C@@]34[C@H]1[C@@H](OC(=O)/C=C(\C)C(C)(C)OC(C)=O)C(=O)O[C@@H]3C[C@H]1C(C)=C(O[C@@H]3O[C@H](CO)[C@@H](O)[C@H](O)[C@H]3O)C(=O)C[C@]1(C)[C@H]4[C@@H](O)[C@@H]2O
ZINC000255284684,CO[C@H]1C[C@H](O[C@H]2[C@@H](OC)C[C@H](O[C@H]3CC[C@@]4(C)C(=CC[C@]5(O)[C@@H]4C[C@@H](OC(=O)/C=C(\C)C(C)C)[C@]4(C)[C@](O)(C(C)=O)CC[C@]54O)C3)O[C@@H]2C)O[C@H](C)[C@H]1O[C@H]1C[C@@H](OC)[C@H](O)[C@@H](C)O1
ZINC000255284857,CC(=O)O[C@H]1C[C@](C)(O)C[C@@H]2[C@@]1(OC(C)=O)C[C@@]1(C)[C@H](OC(C)=O)[C@H]3[C@@H](OC(=O)c4ccccc4)[C@@H](C)C[C@]3(O)[C@H](OC(C)=O)[C@@]21C
ZINC000255284888,C[C@@H]1CCC2=C(C=CC=C[C@@]1(C)CCc1ccoc1)C(=O)OC2
ZINC000255285049,COC(=O)C1=CO[C@@H](O[C@@H]2O[C@H](CO)[C@@H](O)[C@H](O)[C@H]2O)[C@@H]2[C@]1(O)C[C@H](OC(=O)/C=C/c1ccccc1)[C@]2(C)O
ZINC000255285372,CC(C)=CCC[C@](C)(O[C@@H]1O[C@H](CO)[C@@H](O)[C@H](O)[C@H]1O)[C@H]1CC[C@]2(C)[C@H]1[C@H](O)C[C@@H]1[C@@]3(C)CC[C@H](O)C(C)(C)[C@@H]3[C@@H](O[C@@H]3O[C@H](CO)[C@@H](O)[C@H](O)[C@H]3O)C[C@]12C
ZINC000255286913,C=C1C[C@@H](OC(=O)[C@](C)(O)C(C)=O)[C@H]2C(=C)C(=O)O[C@@H]2[C@H]2C(=C)[C@@H](O[C@@H]3O[C@H](CO)[C@@H](O)[C@H](O)[C@H]3O)C[C@@H]12
ZINC000255962815,C[C@@H]1OC(=O)C[C@H](O)C[C@H](O)CC[C@@H](O)[C@H](O)C[C@H](O)C[C@]2(O)C[C@H](O)[C@@H](C(=O)O)[C@H](C[C@@H](O[C@@H]3O[C@H](C)[C@@H](O)[C@H](N)[C@@H]3O)C=CC=CC=CC=CC=CC=CC=C[C@H](C)[C@@H](O)[C@H]1C)O2
ZINC000255964136,C/C=C1/CN2[C@H]3C[C@]45c6ccccc6N[C@@]4(O3)[C@H]2C[C@H]1[C@H]5C(=O)OC
ZINC000255964137,C/C=C1/CN2[C@H]3C[C@]45c6ccccc6N[C@@]4(O3)[C@H]2C[C@H]1[C@@H]5C(=O)OC
ZINC000255966822,C[C@@H]1O[C@H](Oc2cc(O)c3c(=O)c(O)c(-c4ccc(O)cc4)oc3c2O)[C@H](O)[C@@H](O)[C@H]1O
ZINC000255966823,C[C@@H]1O[C@H](Oc2cc(O)c3c(=O)c(O)c(-c4ccc(O)cc4)oc3c2O)[C@H](O)[C@@H](O)[C@@H]1O
ZINC000255966824,C[C@@H]1O[C@H](Oc2cc(O)c3c(=O)c(O)c(-c4ccc(O)cc4)oc3c2O)[C@H](O)[C@H](O)[C@@H]1O
ZINC000255977266,CC[C@H](C)C(=O)O[C@H]1[C@@H]2[C@@]3(C)CC[C@H](O[C@H]4C[C@@H](OC)[C@H](O[C@@H]5O[C@H](C)[C@@H](O)[C@@H](OC)[C@H]5O)[C@@H](C)O4)C[C@@H]3CC[C@]23O[C@@]32CC[C@@H](C(C)=O)[C@@]2(C)[C@@H]1OC(C)=O
ZINC000255980763,CC1=C(CCc2ccoc2)[C@@]2(C)CCCC(C)(C)[C@@H]2C(=O)[C@@H]1O[C@H]1C(=O)[C@@H]2C(C)(C)CCC[C@]2(C)[C@@](O)(CCc2ccoc2)[C@H]1C
ZINC000255980764,CC1=C(CCc2ccoc2)[C@@]2(C)CCCC(C)(C)[C@@H]2C(=O)[C@@H]1O[C@H]1C(=O)[C@@H]2C(C)(C)CCC[C@]2(C)[C@@](O)(CCc2ccoc2)[C@@H]1C
ZINC000255998754,C[C@@H]1O[C@H](Oc2ccc(-c3cc(=O)c4c(O)cc(O)cc4o3)cc2)[C@H](O)[C@H](O)[C@H]1O
ZINC000256069003,COc1ccc(-c2cc(=O)c3c(O[C@H]4O[C@@H](CO)[C@H](O)[C@@H](O)[C@@H]4O)cc(OC)cc3o2)cc1
ZINC000256069005,COc1ccc(-c2cc(=O)c3c(O[C@@H]4O[C@@H](CO)[C@H](O)[C@@H](O)[C@@H]4O)cc(OC)cc3o2)cc1
ZINC000256072858,C[C@H]1O[C@@H](O[C@@H]2[C@@H](CO)O[C@@H](OC[C@@H]3O[C@H](OC(=O)[C@@]45CC[C@@H](C)[C@@H](C)[C@H]4C4=CC[C@@H]6[C@]7(C)C[C@H](O)[C@H](O)[C@@](C)(CO)[C@@H]7[C@H](O)C[C@]6(C)[C@@]4(C)CC5)[C@@H](O)[C@H](O)[C@H]3O)[C@@H](O)[C@H]2O)[C@@H](O)[C@H](O)[C@@H]1O
ZINC000256072863,C[C@@H]1CC[C@@]2(C(=O)O[C@H]3O[C@@H](CO[C@@H]4O[C@H](CO)[C@@H](O[C@@H]5O[C@H](C)[C@H](O)[C@H](O)[C@@H]5O)[C@H](O)[C@@H]4O)[C@H](O)[C@@H](O)[C@@H]3O)CC[C@@]3(C)C(=CC[C@@H]4[C@]5(C)C[C@H](O)[C@H](O)[C@@](C)(CO)[C@@H]5[C@H](O)C[C@@]43C)[C@@H]2[C@@H]1C
ZINC000256072866,C[C@H]1O[C@@H](O[C@@H]2[C@@H](CO)O[C@@H](OC[C@@H]3O[C@H](OC(=O)[C@@]45CC[C@@H](C)[C@@H](C)[C@H]4C4=CC[C@@H]6[C@]7(C)C[C@H](O)[C@H](O)[C@@](C)(CO)[C@@H]7[C@H](O)C[C@]6(C)[C@@]4(C)CC5)[C@@H](O)[C@H](O)[C@H]3O)[C@@H](O)[C@H]2O)[C@@H](O)[C@@H](O)[C@@H]1O
ZINC000256072869,C[C@@H]1CC[C@@]2(C(=O)O[C@H]3O[C@@H](CO[C@@H]4O[C@H](CO)[C@@H](O[C@@H]5O[C@H](C)[C@H](O)[C@@H](O)[C@@H]5O)[C@H](O)[C@@H]4O)[C@H](O)[C@@H](O)[C@@H]3O)CC[C@@]3(C)C(=CC[C@@H]4[C@]5(C)C[C@H](O)[C@H](O)[C@@](C)(CO)[C@@H]5[C@H](O)C[C@@]43C)[C@@H]2[C@@H]1C
ZINC000256072907,O=C1c2c(O)cccc2[C@@H](O[C@H]2O[C@@H](CO)[C@H](O)[C@@H](O)[C@@H]2O)c2cc(CO)cc(O)c21
ZINC000256072910,O=C1c2c(O)cccc2[C@H](O[C@@H]2O[C@@H](CO)[C@H](O)[C@@H](O)[C@@H]2O)c2cc(CO)cc(O)c21
ZINC000256072912,O=C1c2c(O)cccc2[C@H](O[C@H]2O[C@@H](CO)[C@H](O)[C@@H](O)[C@@H]2O)c2cc(CO)cc(O)c21
ZINC000256072914,O=C1c2c(O)cccc2[C@@H](O[C@@H]2O[C@@H](CO)[C@H](O)[C@@H](O)[C@@H]2O)c2cc(CO)cc(O)c21
ZINC000256079394,COc1cc([C@@H]2OC[C@@H]3[C@@H](c4cc(OC)c(O[C@H]5O[C@@H](CO)[C@H](O)[C@@H](O)[C@@H]5O)c(OC)c4)OC[C@H]23)cc(OC)c1O[C@@H]1O[C@H](CO)[C@@H](O)[C@H](O)[C@H]1O
ZINC000256080898,O[C@@H]1[C@H](O)[C@H](O)[C@H](O)C[C@H]1O
ZINC000256105224,CC(=O)N[C@H]1[C@H](O[C@H]2O[C@@H](C(=O)O)[C@H](O[C@@H]3O[C@H](CO)[C@@H](O)[C@H](O[C@@H]4O[C@H](C(=O)O)[C@@H](O)[C@@H](O)[C@@H]4O)[C@@H]3NC(C)=O)[C@@H](O)[C@@H]2O)[C@@H](O)[C@@H](CO)O[C@H]1O
ZINC000256105227,CC(=O)N[C@H]1[C@H](O[C@H]2O[C@@H](C(=O)O)[C@H](O[C@@H]3O[C@H](CO)[C@@H](O)[C@H](O[C@@H]4O[C@H](C(=O)O)[C@H](O)[C@H](O)[C@@H]4O)[C@@H]3NC(C)=O)[C@@H](O)[C@@H]2O)[C@@H](O)[C@@H](CO)O[C@H]1O
ZINC000256105233,CC(=O)N[C@H]1[C@H](O[C@H]2O[C@@H](C(=O)O)[C@H](O[C@@H]3O[C@H](CO)[C@@H](O)[C@H](O[C@@H]4O[C@H](C(=O)O)[C@H](O)[C@@H](O)[C@@H]4O)[C@@H]3NC(C)=O)[C@@H](O)[C@@H]2O)[C@@H](O)[C@@H](CO)O[C@H]1O
ZINC000256105239,CC(=O)N[C@H]1[C@H](O[C@H]2O[C@@H](C(=O)O)[C@H](O[C@@H]3O[C@H](CO)[C@@H](O)[C@H](O[C@@H]4O[C@H](C(=O)O)[C@@H](O)[C@H](O)[C@@H]4O)[C@@H]3NC(C)=O)[C@@H](O)[C@@H]2O)[C@@H](O)[C@@H](CO)O[C@H]1O
ZINC000256110563,COCO[C@H]1C[C@@H](O[C@H](C)[C@]2(O)CC[C@@H]3[C@H]4CC=C5C[C@@H](O[C@@H]6O[C@H](C)C=C(OC)C6=O)CC[C@]5(C)[C@@H]4CC[C@@]32C)O[C@@H](C)[C@@H]1O
ZINC000256110568,COCO[C@H]1C[C@@H](O[C@H](C)[C@]2(O)CC[C@@H]3[C@H]4CC=C5C[C@@H](O[C@@H]6O[C@H](C)C=C(OC)C6=O)CC[C@]5(C)[C@@H]4CC[C@@]32C)O[C@H](C)[C@@H]1O
ZINC000256110572,COCO[C@H]1C[C@@H](O[C@H](C)[C@]2(O)CC[C@@H]3[C@H]4CC=C5C[C@@H](O[C@@H]6O[C@H](C)C=C(OC)C6=O)CC[C@]5(C)[C@@H]4CC[C@@]32C)O[C@H](C)[C@H]1O
ZINC000256110580,COCO[C@H]1C[C@@H](O[C@H](C)[C@]2(O)CC[C@@H]3[C@H]4CC=C5C[C@@H](O[C@@H]6O[C@H](C)C=C(OC)C6=O)CC[C@]5(C)[C@@H]4CC[C@@]32C)O[C@@H](C)[C@H]1O
ZINC000256351921,C=C1C=C[C@H](C(C)C)CCC(=C)[C@H](O)CC1
ZINC000256371641,COc1cc(C(=O)O[C@@H]2C[C@]34CCN[C@@]35C[C@@H](O[C@]5(OC)[C@H]2O)c2cc3c(cc24)OCO3)ccc1O
ZINC000256371642,COc1cc(C(=O)O[C@@H]2C[C@]34CCN[C@@]35C[C@@H](O[C@]5(OC)[C@@H]2O)c2cc3c(cc24)OCO3)ccc1O
ZINC000256371643,COc1cc(C(=O)O[C@@H]2C[C@]34CCN[C@@]35C[C@@H](O[C@@]5(OC)[C@H]2O)c2cc3c(cc24)OCO3)ccc1O
ZINC000256414170,C=C1C(=O)O[C@@H]2[C@@H]1[C@H](OC(=O)/C(C)=C/C)C[C@]1(C)[C@@H](O)CCC(=C)[C@@H]21
ZINC000256414175,C=C1C(=O)O[C@@H]2[C@@H]1[C@H](OC(=O)/C(C)=C/C)C[C@]1(C)[C@H](O)CCC(=C)[C@@H]21
ZINC000256414181,C=C1C(=O)O[C@@H]2[C@@H]1[C@H](OC(=O)/C(C)=C/C)C[C@@]1(C)[C@@H]2C(=C)CC[C@H]1O
ZINC000256415687,CC(C)CCC[C@H](C)[C@@H]1CC[C@]2(C)[C@H]3CC[C@H]4C(C)(C)[C@@H](O)CC[C@]4(C)[C@@H]3CC[C@@]12C
ZINC000256415696,CC(C)CCC[C@@H](C)[C@@H]1CC[C@]2(C)[C@H]3CC[C@H]4C(C)(C)[C@@H](O)CC[C@]4(C)[C@@H]3CC[C@@]12C
ZINC000256415705,CC(C)CCC[C@H](C)[C@@H]1CC[C@]2(C)[C@H]3CC[C@H]4C(C)(C)[C@@H](O)CC[C@]4(C)[C@@H]3CC[C@]12C
ZINC000256415713,CC(C)CCC[C@@H](C)[C@@H]1CC[C@]2(C)[C@H]3CC[C@H]4C(C)(C)[C@@H](O)CC[C@]4(C)[C@@H]3CC[C@]12C
ZINC000256432203,COC1=C[C@]23CCCN2CCc2cc4c(cc2[C@@]3(O)[C@H]1O)OCO4
ZINC000256445560,C=C1C(=O)O[C@@H]2C[C@]3(C)O[C@@H]3CC[C@]3(C)O[C@H]3C[C@H]12
ZINC000256445561,C=C1C(=O)O[C@@H]2C[C@]3(C)O[C@@H]3CC[C@]3(C)O[C@@H]3C[C@H]12
ZINC000256461662,CCN1C[C@@]2(COC)CC[C@H](O)[C@]34[C@H]1[C@](O)([C@@H](OC)[C@H]32)[C@]1(OC)C[C@@H](OC)[C@@H]2C[C@@H]4[C@@H]1[C@@H]2OC(C)=O
ZINC000256461670,CCN1C[C@@]2(COC)CC[C@H](O)[C@]34[C@H]1[C@](O)([C@@H](OC)[C@H]32)[C@]1(OC)C[C@@H](OC)[C@@H]2C[C@@H]4[C@@H]1[C@H]2OC(C)=O
ZINC000256461681,CCN1C[C@@]2(COC)CC[C@H](O)[C@]34[C@H]1[C@](O)([C@H](OC)[C@H]32)[C@]1(OC)C[C@@H](OC)[C@@H]2C[C@@H]4[C@@H]1[C@@H]2OC(C)=O
ZINC000256461691,CCN1C[C@@]2(COC)CC[C@H](O)[C@]34[C@H]1[C@](O)([C@H](OC)[C@H]32)[C@]1(OC)C[C@@H](OC)[C@@H]2C[C@@H]4[C@@H]1[C@H]2OC(C)=O
ZINC000256497800,C[C@]12C[C@H](c3ccoc3)OC(=O)[C@@H]1C[C@@H]1OC(=O)[C@@H]3C[C@H](O)C[C@@H]2[C@H]13
ZINC000256497801,C[C@]12C[C@H](c3ccoc3)OC(=O)[C@@H]1C[C@@H]1OC(=O)[C@@H]3C[C@H](O)C[C@@H]2[C@@H]13
ZINC000256497802,C[C@]12C[C@H](c3ccoc3)OC(=O)[C@@H]1C[C@@H]1OC(=O)[C@@H]3C[C@H](O)C[C@H]2[C@@H]13
ZINC000256497803,C[C@]12C[C@H](c3ccoc3)OC(=O)[C@@H]1C[C@@H]1OC(=O)[C@@H]3C[C@H](O)C[C@H]2[C@H]13
ZINC000256512874,CC1(C)C(=O)CC[C@]2(C)[C@H]1CC[C@@]13C[C@H](CC[C@H]12)[C@@](O)(CO[C@H]1O[C@@H](CO)[C@H](O)[C@@H](O)[C@@H]1O)C3
ZINC000256512882,CC1(C)C(=O)CC[C@]2(C)[C@@H]1CC[C@@]13C[C@H](CC[C@H]12)[C@@](O)(CO[C@H]1O[C@@H](CO)[C@H](O)[C@@H](O)[C@@H]1O)C3
ZINC000256512890,CC1(C)C(=O)CC[C@@]2(C)[C@H]1CC[C@@]13C[C@H](CC[C@H]12)[C@@](O)(CO[C@H]1O[C@@H](CO)[C@H](O)[C@@H](O)[C@@H]1O)C3
ZINC000256512897,CC1(C)C(=O)CC[C@@]2(C)[C@@H]1CC[C@@]13C[C@H](CC[C@H]12)[C@@](O)(CO[C@H]1O[C@@H](CO)[C@H](O)[C@@H](O)[C@@H]1O)C3
ZINC000256630948,C[C@@H]1CC[C@@H]2C(C)(C)[C@H](O)CC[C@@]2(C)[C@@]12Cc1c(O)cc3c(c1O2)CNC3=O
ZINC000256631123,C[C@@H]1CC[C@@H]2C(C)(C)[C@H](O)CC[C@]2(C)[C@]12Cc1c(O)cc3c(c1O2)CNC3=O
ZINC000256694127,CC(=O)O[C@H]1C[C@@]2(C)[C@@H](C[C@@H](O)[C@@H]3[C@@]4(C)CC[C@@H](O)[C@@H](C)[C@@H]4CC[C@@]32C)/C1=C(\CCC=C(C)C)C(=O)O
ZINC000256764276,CC(=O)O[C@H]1C2=C(C)[C@H](OC(C)=O)C[C@@](O)([C@H](OC(C)=O)[C@@H]3[C@]4(CO4)[C@H](OC(C)=O)C[C@H](OC(C)=O)[C@]3(C)[C@@H]1OC(C)=O)C2(C)C
ZINC000256764282,CC(=O)O[C@H]1C[C@@H](OC(C)=O)[C@@]2(CO2)[C@H]2[C@@H](OC(C)=O)[C@]3(O)C[C@@H](OC(C)=O)C(C)=C([C@@H](OC(C)=O)[C@@H](OC(C)=O)[C@@]12C)C3(C)C
ZINC000256764287,CC(=O)O[C@H]1C2=C(C)[C@H](OC(C)=O)C[C@@](O)([C@H](OC(C)=O)[C@@H]3[C@]4(CO4)[C@H](OC(C)=O)C[C@H](OC(C)=O)[C@]3(C)[C@H]1OC(C)=O)C2(C)C
ZINC000256764295,CC(=O)O[C@H]1C[C@@H](OC(C)=O)[C@@]2(CO2)[C@H]2[C@@H](OC(C)=O)[C@]3(O)C[C@@H](OC(C)=O)C(C)=C([C@@H](OC(C)=O)[C@H](OC(C)=O)[C@@]12C)C3(C)C
ZINC000256966326,C=C1[C@H]2[C@@H](O)OC[C@H]3[C@H]2[C@@H](C(C)C)CC[C@@]13C
ZINC000256966328,C=C1[C@H]2[C@@H](O)OC[C@H]3[C@H]2[C@H](C(C)C)CC[C@@]13C
ZINC000257132761,CC(=O)O[C@H](CC1=C(O)C(=O)OC1)[C@@]1(C)[C@@H]2CCC=C(C)[C@@]2(C)[C@H](OC(=O)c2cccnc2)[C@@H](O)[C@@]1(C)O
ZINC000257157286,COC(=O)C1=CN[C@@H]2OC[C@]3(O)C=C[C@H]1[C@@H]23
ZINC000257345132,C[C@@H]1O[C@@H](OC[C@@H]2O[C@@H](Oc3cc(O)c4c(=O)cc(-c5ccc(O)cc5)oc4c3)[C@H](O)[C@H](O)[C@@H]2O)[C@@H](O)[C@H](O)[C@H]1O
ZINC000257345133,C[C@@H]1O[C@@H](OC[C@@H]2O[C@@H](Oc3cc(O)c4c(=O)cc(-c5ccc(O)cc5)oc4c3)[C@H](O)[C@H](O)[C@@H]2O)[C@H](O)[C@H](O)[C@H]1O
ZINC000257345443,OC[C@H]1O[C@H](O[C@@H]2[C@@H](CO)O[C@H](O[C@@H]3[C@@H](CO)O[C@H](O[C@@H]4[C@@H](CO)O[C@H](O[C@@H]5[C@@H](CO)O[C@@H](O)[C@H](O)[C@H]5O)[C@H](O)[C@H]4O)[C@H](O)[C@H]3O)[C@H](O)[C@H]2O)[C@H](O)[C@@H](O)[C@@H]1O
ZINC000257354898,C[C@@H](CC(=O)C[C@@H](C)[C@H]1C[C@H](O)[C@@]2(C)C3=C(C(=O)C[C@]12C)[C@@]1(C)CCC(=O)C(C)(C)[C@H]1C[C@@H]3O)C(=O)O
ZINC000257400891,C/C=C1/C[N@@+]2([O-])CC[C@H]1[C@@](CO)(C(=O)OC)c1[nH]c3ccccc3c1C2
ZINC000257400893,C/C=C1/C[N@+]2([O-])CC[C@H]1[C@@](CO)(C(=O)OC)c1[nH]c3ccccc3c1C2
ZINC000257400894,C[C@H](O)CC(=O)O[C@H](C)CC(=O)O[C@H](C)CC(=O)O
ZINC000257400895,C[C@H](O)CC(=O)O[C@@H](C)CC(=O)O[C@H](C)CC(=O)O
ZINC000257402925,C=C(C)[C@H](CC=C(C)C)Cc1c(O)cc(O)c2c1O[C@H](c1cc3c(cc1O)O[C@@H](c1ccc(O)cc1)[C@@H]3c1cc(O)cc(O)c1)CC2=O
ZINC000257403023,COc1cc2ccc(=O)oc2cc1O[C@H]1O[C@@H](CO[C@@H]2OC[C@@](O)(CO)[C@H]2O)[C@H](O)[C@@H](O)[C@@H]1O
ZINC000257403024,COc1cc2ccc(=O)oc2cc1O[C@H]1O[C@@H](CO[C@@H]2OC[C@](O)(CO)[C@@H]2O)[C@H](O)[C@@H](O)[C@@H]1O
ZINC000257403025,COc1cc2ccc(=O)oc2cc1O[C@H]1O[C@@H](CO[C@@H]2OC[C@@](O)(CO)[C@@H]2O)[C@H](O)[C@@H](O)[C@@H]1O
ZINC000257403026,COc1cc2ccc(=O)oc2cc1O[C@H]1O[C@@H](CO[C@@H]2OC[C@](O)(CO)[C@H]2O)[C@H](O)[C@@H](O)[C@@H]1O
ZINC000257407979,C=C1CC[C@H]2[C@@](C)(CCC[C@@]2(C)C(=O)O)[C@@H]1CC/C(C)=C/CO
ZINC000257408616,CC1=CC(=O)[C@H](O)[C@H](C)[C@]12CC[C@@H]([C@](C)(O)CO)C2
ZINC000257408617,CC1=CC(=O)[C@H](O)[C@H](C)[C@]12CC[C@@H]([C@@](C)(O)CO)C2
ZINC000257408775,COc1cc([C@@H]2OC[C@H]3[C@H](c4ccc(O)c(OC)c4)OC[C@@]23O[C@H]2O[C@@H](CO)[C@H](O)[C@@H](O)[C@@H]2O)ccc1O
ZINC000257411595,C[C@@H](CC(=O)C[C@@H](C)C(=O)O)[C@@H]1C[C@H](O)[C@]2(C)C3=C(C(=O)C[C@]12C)[C@]1(C)CCC(=O)C(C)(C)[C@@H]1C[C@H]3O
ZINC000257411596,C[C@@H](CC(=O)C[C@@H](C)C(=O)O)[C@@H]1C[C@H](O)[C@]2(C)C3=C(C(=O)C[C@]12C)[C@]1(C)CCC(=O)C(C)(C)[C@@H]1C[C@@H]3O
ZINC000257411597,C[C@@H](CC(=O)C[C@@H](C)C(=O)O)[C@@H]1C[C@H](O)[C@]2(C)C3=C(C(=O)C[C@]12C)[C@]1(C)CCC(=O)C(C)(C)[C@H]1C[C@@H]3O
ZINC000257411598,C[C@@H](CC(=O)C[C@@H](C)C(=O)O)[C@@H]1C[C@H](O)[C@]2(C)C3=C(C(=O)C[C@]12C)[C@]1(C)CCC(=O)C(C)(C)[C@H]1C[C@H]3O
ZINC000257416445,CCC1=N[C@H]2C[C@@]3(C(=O)N(OC)c4ccccc43)[C@H]3OC[C@H]2[C@H]1[C@@H]3O
ZINC000257419364,C=C1CC[C@H]2[C@@](C)(CCC[C@@]2(C)C=O)[C@@H]1CC/C(C)=C/CO
ZINC000257426890,COC(=O)C1=C2Nc3c(O)cccc3[C@]23CCN2C[C@H]([C@@H](C)O)[C@H]1C[C@@H]23
ZINC000257428667,COc1cc([C@@H]2OC[C@H](Cc3ccc4c(c3)OCO4)[C@H]2CO)ccc1O
ZINC000257438623,C=C1CC[C@H]2[C@@](C)(CCC[C@@]2(C)C(=O)O)[C@@H]1CC/C(C)=C/COC(C)=O
ZINC000257456442,CC(C)(O)[C@@H]1CC=C(C(=O)OC[C@@H]2O[C@H](OC(=O)C3=CC[C@@H](C(C)(C)O)CC3)[C@@H](O)[C@H](O)[C@H]2O)CC1
ZINC000257457743,C=CC[C@]12C=C(OC)C(=O)C(OC)(OC)[C@H]1[C@H]1C(/C=C/C)=C[C@@]2(OC)C(=O)C1(OC)OC
ZINC000257461715,CC1(C)[C@@H](O)CC[C@@]2(C)[C@@H]1CC[C@@]13C[C@H](CC[C@H]12)[C@@](O)(CO[C@H]1O[C@@H](CO)[C@H](O)[C@@H](O)[C@@H]1O)C3
ZINC000257461716,CC1(C)[C@@H](O)CC[C@@]2(C)[C@H]1CC[C@@]13C[C@H](CC[C@H]12)[C@@](O)(CO[C@H]1O[C@@H](CO)[C@H](O)[C@@H](O)[C@@H]1O)C3
ZINC000257461717,CC1(C)[C@H](O)CC[C@@]2(C)[C@H]1CC[C@@]13C[C@H](CC[C@H]12)[C@@](O)(CO[C@H]1O[C@@H](CO)[C@H](O)[C@@H](O)[C@@H]1O)C3
ZINC000257461718,CC1(C)[C@H]2CC[C@@]34C[C@H](CC[C@H]3[C@@]2(C)CC[C@H]1O)[C@@](O)(CO[C@H]1O[C@@H](CO)[C@H](O)[C@@H](O)[C@@H]1O)C4
ZINC000257463395,C=C(C)[C@@H]1CC[C@]23[C@H](O)CC[C@H](C)[C@]2(C)[C@H](O)C[C@H](C)[C@@H]3[C@H]1c1c[nH]c2ccccc12
ZINC000257463396,C=C(C)[C@@H]1CC[C@@]23[C@@H]([C@@H](C)C[C@@H](O)[C@@]2(C)[C@@H](C)CC[C@H]3O)[C@@H]1c1c[nH]c2ccccc12
ZINC000257463397,C=C(C)[C@@H]1CC[C@@]23[C@@H]([C@@H](C)C[C@@H](O)[C@@]2(C)[C@@H](C)CC[C@H]3O)[C@H]1c1c[nH]c2ccccc12
ZINC000257469556,CO[C@@]12C[C@@]34CCCN3C[C@@H](O1)c1cc3c(cc1[C@H]4[C@H]2O)OCO3
ZINC000257471616,C=C(C)[C@@H]1CC[C@]2(C)[C@H](CC[C@@H]3[C@H]([C@]4(C)CCC(=O)O4)CC[C@]32C)[C@@]1(C)CCC(=O)O
ZINC000257484054,COc1cc2c(c(OC)c1OC)-c1c3cc4c(c1OC[C@H](C)[C@](C)(O)C(=O)O[C@H]2[C@H](C)[C@@H](C)C3)OCO4
ZINC000257484055,COc1cc2c(c(OC)c1OC)-c1c3cc4c(c1OC[C@H](C)[C@](C)(O)C(=O)O[C@H]2[C@H](C)[C@H](C)C3)OCO4
ZINC000257484056,COc1cc2c(c(OC)c1OC)-c1c3cc4c(c1OC[C@H](C)[C@](C)(O)C(=O)O[C@H]2[C@@H](C)[C@@H](C)C3)OCO4
ZINC000257484364,O=c1cccc2n1C[C@@H]1CCCN3CCC[C@@H]2[C@@H]13
ZINC000257484902,C=C(C(=O)O)[C@@H]1C=C2[C@H](C)[C@H](O)[C@@H](O)C[C@@]2(C)CC1
ZINC000257498641,CC(C)(O)c1ccc2c(c1)CC[C@@H]1[C@@](C)(O)CCC[C@@]21C
ZINC000257498735,CC1=CC(=O)CC(C)(C)[C@@H]1CC[C@H](C)O[C@H]1O[C@@H](CO)[C@H](O)[C@@H](O)[C@@H]1O
ZINC000257498736,CC1=CC(=O)CC(C)(C)[C@@H]1CC[C@@H](C)O[C@H]1O[C@@H](CO)[C@H](O)[C@@H](O)[C@@H]1O
ZINC000257515256,CC1=C(C)C(=O)O[C@H]([C@@](C)(O)[C@]2(O)CC[C@]3(O)[C@H]4C[C@H](O)[C@@]5(O)CC=CC(=O)[C@]5(C)[C@@H]4CC[C@@]32C)C1
ZINC000257515257,CC1=C(C)C(=O)O[C@@H]([C@@](C)(O)[C@]2(O)CC[C@]3(O)[C@H]4C[C@H](O)[C@@]5(O)CC=CC(=O)[C@]5(C)[C@@H]4CC[C@@]32C)C1
ZINC000257515258,CC1=C(C)C(=O)O[C@@H]([C@](C)(O)[C@]2(O)CC[C@]3(O)[C@H]4C[C@H](O)[C@@]5(O)CC=CC(=O)[C@]5(C)[C@@H]4CC[C@@]32C)C1
ZINC000257515259,CC1=C(C)C(=O)O[C@H]([C@](C)(O)[C@]2(O)CC[C@]3(O)[C@H]4C[C@H](O)[C@@]5(O)CC=CC(=O)[C@]5(C)[C@@H]4CC[C@@]32C)C1
ZINC000257520559,CC(=O)OC[C@@]12[C@H](OC(C)=O)[C@@H](OC(=O)c3ccoc3)[C@@H]3OC(=O)[C@@H](C)CCc4ncccc4C(=O)OC[C@]4(C)O[C@@]1([C@@H](OC(C)=O)[C@@H]4[C@@H](OC(C)=O)[C@H]2OC(C)=O)[C@@]3(C)O
ZINC000257520560,CC(=O)OC[C@]12[C@H](OC(C)=O)[C@H](OC(C)=O)[C@H]3[C@H](OC(C)=O)[C@@]14O[C@@]3(C)COC(=O)c1cccnc1CC[C@H](C)C(=O)O[C@@H]([C@H](OC(=O)c1ccoc1)[C@@H]2OC(C)=O)[C@@]4(C)O
ZINC000257520561,CC(=O)OC[C@]12[C@H](OC(C)=O)[C@H](OC(C)=O)[C@H]3[C@H](OC(C)=O)[C@@]14O[C@@]3(C)COC(=O)c1cccnc1CC[C@H](C)C(=O)O[C@@H]([C@H](OC(=O)c1ccoc1)[C@@H]2OC(C)=O)[C@]4(C)O
ZINC000257520562,CC(=O)OC[C@]12[C@H](OC(C)=O)[C@H](OC(C)=O)[C@H]3[C@H](OC(C)=O)[C@@]14O[C@@]3(C)COC(=O)c1cccnc1CC[C@H](C)C(=O)O[C@@H]([C@H](OC(=O)c1ccoc1)[C@H]2OC(C)=O)[C@@]4(C)O
ZINC000257521684,CC(=O)O[C@@H]1[C@@H](Oc2cc(O)c(C(=O)CCc3ccc(O)cc3)c(O)c2)O[C@@H](CO)[C@H](O)[C@H]1O
ZINC000257522641,COc1c(O)cc2c(c1O)[C@@H]1O[C@H](CO)[C@H](O)[C@@H](OC(=O)c3cc(O)c(O)c(O)c3)[C@@H]1OC2=O
ZINC000257522642,COc1c(O)cc2c(c1O)[C@@H]1O[C@H](CO)[C@H](O)[C@@H](OC(=O)c3cc(O)c(O)c(O)c3)[C@H]1OC2=O
ZINC000257522643,COc1c(O)cc2c(c1O)[C@@H]1O[C@H](CO)[C@H](O)[C@H](OC(=O)c3cc(O)c(O)c(O)c3)[C@@H]1OC2=O
ZINC000257531454,C=C[C@]1(C)CC[C@@H]2[C@](O)(CC[C@@H]3[C@@](C)(CO)CCC[C@]32C)C1
ZINC000257545524,C=C[C@@]12CN(C)[C@H]3[C@H]4CO[C@@H](C[C@H]41)[C@]1(C(=O)N(OC)c4ccccc41)[C@H]32
ZINC000257545526,C=C[C@@]12CN(C)[C@H]3[C@@H]4CO[C@@H](C[C@H]41)[C@]1(C(=O)N(OC)c4ccccc41)[C@H]32
ZINC000257545754,OC[C@@H]1O[C@H](O[C@@H](CC#Cc2ccc(O)c(O)c2)[C@@H](O)c2ccc(O)c(O)c2)[C@@H](O)[C@H](O)[C@H]1O
ZINC000257558397,C=C(C)[C@@H]1CC[C@]2(C)[C@H](CC[C@@H]3[C@H]([C@]4(C)CC[C@](O)(C(C)(C)O)O4)CC[C@]32C)[C@@]1(C)CCC(=O)O
ZINC000257559116,CC1=CC(=O)C[C@@H]2[C@]1(C)CC[C@H](C)[C@@]2(C)CCC1=CC(=O)O[C@@H]1O
ZINC000257559118,CC1=CC(=O)C[C@@H]2[C@]1(C)CC[C@H](C)[C@@]2(C)CCC1=CC(=O)O[C@H]1O
ZINC000257575453,CC(=O)c1ccc2c(c1)CC[C@@H]1[C@@](C)(C(=O)O)CCC[C@@]21C
ZINC000257617435,C=C1C(=O)[C@@]23C[C@H]1C[C@H](O)[C@@H]2[C@]12CO[C@H](O)[C@H]1C(C)(C)CC[C@H]2OC3=O
ZINC000257617436,C=C1C(=O)[C@@]23C[C@H]1C[C@H](O)[C@@H]2[C@]12CO[C@H](O)[C@@H]1C(C)(C)CC[C@H]2OC3=O
ZINC000257617437,C=C1C(=O)[C@@]23C[C@H]1C[C@H](O)[C@@H]2[C@]12CO[C@H](O)[C@@H]1C(C)(C)CC[C@@H]2OC3=O
ZINC000257686814,C[C@@H]1c2ccoc2C[C@@H]2[C@@H]1[C@H](O)[C@H](OC(=O)c1ccccc1)[C@]1(O)C(C)(C)CCC[C@@]21C
ZINC000257704795,OC[C@@H](CO[C@H]1O[C@@H](CO)[C@H](O)[C@@H](O)[C@@H]1O)c1ccc2c(c1)OCO2
ZINC000257704797,OC[C@@H]1O[C@H](OC[C@@H](CO)c2ccc3c(c2)OCO3)[C@@H](O)[C@H](O)[C@H]1O
ZINC000257741529,CC1(C)O[C@@H]2CC(=O)OC[C@]23[C@@H]1C(=O)[C@H](O)[C@]1(C)[C@@H]3CC[C@]2(C)[C@H](c3ccoc3)OC(=O)[C@H]3O[C@@]312
ZINC000257741530,CC1(C)O[C@@H]2CC(=O)OC[C@]23[C@@H]1C(=O)[C@H](O)[C@]1(C)[C@@H]3CC[C@]2(C)[C@H](c3ccoc3)OC(=O)[C@@H]3O[C@@]312
ZINC000257741531,CC1(C)O[C@@H]2CC(=O)OC[C@]23[C@@H]1C(=O)[C@H](O)[C@]1(C)[C@@H]3CC[C@]2(C)[C@H](c3ccoc3)OC(=O)[C@H]3O[C@]312
ZINC000257741532,CC1(C)O[C@@H]2CC(=O)OC[C@]23[C@@H]1C(=O)[C@H](O)[C@]1(C)[C@@H]3CC[C@]2(C)[C@H](c3ccoc3)OC(=O)[C@@H]3O[C@]312
ZINC000257770531,C=C1C[C@@]23CC[C@@H]4[C@](C)(C(=O)O)CCC[C@@]4(C)C2=CC(=O)[C@H]1C3
ZINC000257775124,C=C1C(=O)O[C@@H]2C[C@H](C)C(CCC(C)=O)=C[C@@H](O)[C@H]12
ZINC000257779617,COC(=O)[C@@]12OC[C@@]34[C@H](CC5=C(C)C(=O)C(O)=C[C@]5(C)[C@@H]3[C@H](O)[C@@H]1O)OC(=O)[C@H](OC(=O)/C=C(\C)C(C)C)[C@@H]24
ZINC000257779622,COC(=O)[C@@]12OC[C@@]34[C@H](CC5=C(C)C(=O)C(O)=C[C@]5(C)[C@@H]3[C@H](O)[C@@H]1O)OC(=O)[C@@H](OC(=O)/C=C(\C)C(C)C)[C@H]24
ZINC000257779627,COC(=O)[C@@]12OC[C@@]34[C@H](CC5=C(C)C(=O)C(O)=C[C@]5(C)[C@@H]3[C@H](O)[C@@H]1O)OC(=O)[C@H](OC(=O)/C=C(\C)C(C)C)[C@H]24
ZINC000257779632,COC(=O)[C@@]12OC[C@@]34[C@H](CC5=C(C)C(=O)C(O)=C[C@]5(C)[C@@H]3[C@H](O)[C@@H]1O)OC(=O)[C@@H](OC(=O)/C=C(\C)C(C)C)[C@@H]24
ZINC000261119120,C/C(=C/C(=O)C[C@H](C)C(=O)O)[C@H]1CC(=O)[C@@]2(C)C3=C(C(=O)C[C@]12C)[C@@]1(C)CCC(=O)C(C)(C)[C@@H]1C[C@@H]3O
ZINC000261362000,C=C1C[C@@]23CC[C@H]4[C@@](C)(CCC[C@@]4(C)C(=O)O)[C@@H]2CC[C@]1(O[C@@H]1O[C@H](CO)[C@@H](O)[C@H](O[C@@H]2O[C@H](CO)[C@@H](O)[C@H](O)[C@H]2O)[C@H]1O[C@@H]1O[C@H](CO)[C@@H](O)[C@H](O)[C@H]1O)C3
ZINC000261491884,C[C@@]1(C(=O)O)CCC[C@]2(C)[C@@H]1CC[C@@]13C[C@H](CC[C@]12O)[C@](O)(CO)C3=O
ZINC000261492060,C=C(C)[C@@H](O)CCC(=C)[C@H]1CC[C@]2(C)[C@@H]1CC[C@@H]1[C@@]3(C)CC[C@H](OC(C)=O)C(C)(C)[C@@H]3CC[C@]12C
ZINC000261492063,C[C@H]1C(=O)[C@]23C[C@@H]1CC[C@@]2(O)[C@]1(C)CCC[C@@](C)(C(=O)O)[C@H]1[C@H](O)C3
ZINC000261492074,C[C@H]1C(=O)[C@@]23CC[C@@H]4[C@](C)(C(=O)O)CCC[C@@]4(C)[C@]2(O)CC[C@H]1C3
ZINC000261492105,C=C1C(=O)O[C@@H]2C[C@H](C)[C@@]3(O)C[C@@H](OC(C)=O)[C@@](C)(C[C@@H](OC(=O)C(C)C)[C@@H]12)O3
ZINC000261492238,C=C1[C@H]2C[C@H](O)[C@H]3[C@]4(C)CCC[C@@](C)(C(=O)O[C@@H]5O[C@H](CO)[C@@H](O)[C@H](O)[C@H]5O)[C@H]4CC[C@]3(C2)[C@@H]1O
ZINC000261492239,C=C1C(=O)[C@]23C[C@@H]1C[C@H](O)[C@H]2[C@]1(C)CCC[C@@](C)(C(=O)O[C@@H]2O[C@H](CO)[C@@H](O)[C@H](O)[C@H]2O)[C@H]1[C@H](O)C3
ZINC000261492322,C=C(C)[C@@H]1CC[C@]2(C(=O)OC)CC[C@]3(CO)[C@H](CC[C@@H]4[C@@]5(C)CC[C@@H](O)C(C)(C)[C@@H]5CC[C@]43C)[C@H]12
ZINC000261492338,COC(=O)[C@@H](O)[C@@H]1[C@@]2(C)[C@H]3CC[C@]4(C)C(=CC(=O)O[C@H]4c4ccoc4)[C@@]34OC(=O)[C@]3(O)[C@H]4[C@@]2(O)C[C@]13C
ZINC000261492347,C=C1CC[C@H]2[C@@](C)(CC[C@@H](O)[C@@]2(C)CO)[C@@H]1C[C@@H](C1=CCOC1=O)[C@@H]1C=C(/C=C/[C@@H]2C(=C)CC[C@@H]3[C@](C)(CO)[C@H](O)CC[C@]32C)C(=O)O1
ZINC000261492348,C=C1CC[C@H]2[C@@](C)(CC[C@@H](O)[C@@]2(C)CO)[C@@H]1C[C@H](C1=CCOC1=O)[C@H]1C=C(/C=C/[C@@H]2C(=C)CC[C@@H]3[C@](C)(CO)[C@H](O)CC[C@]32C)C(=O)O1
ZINC000261492349,C=C1CC[C@H]2[C@@](C)(CC[C@@H](O)[C@@]2(C)CO)[C@@H]1C[C@H](C1=CCOC1=O)[C@@H]1C=C(/C=C/[C@@H]2C(=C)CC[C@@H]3[C@](C)(CO)[C@H](O)CC[C@]32C)C(=O)O1
ZINC000261492354,CC(C)(O)[C@@H](O)[C@H](O)c1cc2ccc(O)cc2oc1=O
ZINC000261492440,C=C(C)[C@@H]1CC[C@]2(C(=O)OC)CC[C@]3(CO)[C@H](CC[C@@H]4[C@@]5(C)CC[C@@H](OC(C)=O)C(C)(C)[C@@H]5CC[C@]43C)[C@H]12
ZINC000261492521,COC(C)(C)c1cc2c(O)c3c(=O)c(-c4ccc(O)cc4)coc3cc2o1
ZINC000261492772,C=C1C(=O)[C@]23C[C@H]1CC[C@@]2(O)[C@]1(C)CCC[C@@]2(C)C(=O)O[C@H]([C@H]21)[C@@H]3O
ZINC000261492796,CO[C@@H]1C=C(CC[C@@]2(C)[C@H](C)CC[C@@]34COC(=O)C3=CCC[C@@H]42)C(=O)O1
ZINC000261492826,CC1(C)Oc2c(c(O)cc3occ(-c4ccc(O)cc4)c(=O)c23)C[C@H]1O
ZINC000261492832,C/C=C/c1cc(OC)c(O[C@H](C)[C@@H](OC(C)=O)c2cc(OC)c(O)c(OC)c2)c(OC)c1
ZINC000261492838,CC(=O)O[C@@H]1[C@@H](OC(=O)/C=C\c2ccc(O)cc2)[C@H](Oc2c(-c3ccc(O)cc3)oc3cc(O)cc(O)c3c2=O)O[C@H](COC(=O)/C=C/c2ccc(O)cc2)[C@H]1OC(C)=O
ZINC000261492852,C=C1[C@H]2CC[C@H]3[C@]4(C)CC[C@@H](O)[C@](C)(CO)[C@H]4CC[C@]3(C2)[C@H]1O
ZINC000261492859,COc1ccc(-c2oc3c(CCC(C)(C)O)c(O[C@@H]4O[C@H](CO)[C@@H](O)[C@H](O)[C@H]4O)cc(O)c3c(=O)c2O)cc1
ZINC000261492861,CC[C@H](C)C(=O)N[C@@H]1CCCN1C(=O)[C@@H]1[C@@H](c2ccccc2)[C@]2(c3ccc(OC)cc3)Oc3cc(OC)cc(OC)c3[C@@]1(O)[C@@H]2O
ZINC000261492887,CC(=O)OC[C@]1(O)[C@@H](O)C[C@]2(O)C(COC(=O)[C@@H](OC(=O)CC(C)C)C(C)C)=CO[C@@H](OC(=O)CC(C)C)[C@H]12
ZINC000261492892,C=C1CC[C@@H]2[C@@](C)(CO)[C@H](O)CC[C@@]2(C)[C@@H]1CC/C(C)=C/CO
ZINC000261492893,C[C@@]12C[C@@]3(O)O[C@@H](O1)[C@@]1(COC(=O)c4ccccc4)[C@H]3C[C@]21O[C@@H]1O[C@H](CO)[C@@H](O)[C@H](O)[C@H]1OC(=O)c1ccccc1
ZINC000261492895,C=C1C[C@@H](OC(=O)[C@@H](O)Cc2ccc(O)cc2)[C@H]2C(=C)C(=O)O[C@@H]2[C@H]2C(=C)[C@@H](O[C@@H]3O[C@H](CO)[C@@H](O)[C@H](O)[C@H]3O)C[C@@H]12
ZINC000261492921,C=C(C)[C@@H]1CC[C@]2(C)CC[C@]3(C)[C@H](CC[C@@H]4[C@@]5(C)CC[C@@H](O)[C@](C)(C(=O)O)[C@@H]5CC[C@]43C)[C@@H]12
ZINC000261492935,CC(=O)O[C@@]12CO[C@@H]1C[C@H](O[C@@H]1OC[C@@H](O)[C@H](O)[C@H]1O)[C@@]1(C)C(=O)[C@H](O)C3=C(C)[C@@H](O)C[C@@](O)([C@@H](OC(=O)c4ccccc4)[C@@H]12)C3(C)C
ZINC000261492953,C=C(C)[C@H]1Oc2cc(O)c(C(C)=O)cc2[C@@H]1OCC
ZINC000261492954,COc1ccc([C@H]2Oc3cc(O)cc(O)c3C(=O)[C@@H]2[C@@H]2C(=O)c3c(O)cc(O)cc3O[C@H]2c2ccc(O)cc2)cc1
ZINC000261492960,CCCCC/C=C\C/C=C\CCCCCCCC(=O)O[C@@H](COC(=O)CCCCCCCCCCCCCCC)CO[C@@H]1O[C@H](CO[C@H]2O[C@H](CO)[C@H](O)[C@H](O)[C@H]2O)[C@H](O)[C@H](O)[C@H]1O
ZINC000261492969,O=C1Oc2cc(O)c3c(c2[C@@]12c1c(O)cc(O)cc1O[C@H]2c1ccc(O)cc1)O[C@H](c1ccc(O)cc1)[C@@H](O)C3
ZINC000261492976,COC1=Cc2cccc3ccc(-c4ccc(O)c(O)c4)c(c23)C1=O
ZINC000261492985,C/C=C1\[C@H]2C[C@H]3c4[nH]c5ccccc5c4C[C@@H]([C@H]2c2cc(C)cc(C)n2)N3[C@@H]1O[C@@H]1O[C@H](CO)[C@@H](O)[C@H](O)[C@H]1O
ZINC000261492986,C/C=C1\[C@H]2C[C@H]3c4[nH]c5ccccc5c4C[C@@H]([C@@H]2c2cc(C)cc(C)n2)N3[C@@H]1O[C@@H]1O[C@H](CO)[C@@H](O)[C@H](O)[C@H]1O
ZINC000261492992,CCO[C@@H]1OC[C@](O)(CO)[C@H]1O
ZINC000261492996,C[C@@]12C[C@@]3(O)O[C@@H](O1)[C@@]1(COC(=O)c4ccc(O)cc4)[C@H]3C[C@]21O[C@@H]1O[C@H](COC(=O)c2ccccc2)[C@@H](O)[C@H](O)[C@H]1O
ZINC000261493002,C=CC[C@]12C=C(OC)C(=O)[C@H](C1=O)[C@H](c1ccc(O)c(OC)c1)[C@H]2C
ZINC000261493004,CC(=O)O[C@H]1CC[C@]2(C)[C@H](CC[C@@]34O[C@@H]3C3=C(C)C(=O)O[C@@]35O[C@H]5[C@H]42)C1(C)C
ZINC000261493017,CCCCCC(=O)N[C@@H](c1ccccc1)[C@@H](O)C(=O)O[C@H]1C[C@@]2(O)[C@@H](OC(=O)c3ccccc3)[C@H]3[C@](C)(C(=O)[C@H](O)C(=C1C)C2(C)C)[C@@H](O[C@@H]1OC[C@@H](O)[C@H](O)[C@H]1O)C[C@H]1OC[C@]13OC(C)=O
ZINC000261493027,C/C=C(\C)C(=O)N[C@@H](c1ccccc1)[C@@H](O)C(=O)O[C@H]1C[C@@]2(O)[C@@H](OC(=O)c3ccccc3)[C@H]3[C@](C)(C(=O)[C@H](O)C(=C1C)C2(C)C)[C@@H](O[C@@H]1OC[C@@H](O)[C@H](O)[C@H]1O)C[C@H]1OC[C@]13OC(C)=O
ZINC000261493050,C=C1C[C@@H](OC(=O)[C@@](C)(O)C(C)=O)[C@H]2C(=C)C(=O)O[C@@H]2[C@H]2C(=C)[C@@H](O[C@@H]3O[C@H](CO)[C@@H](O)[C@H](O)[C@H]3O)C[C@@H]12
ZINC000261493073,C/C=C1/CN2[C@@H]3C[C@@]45c6ccccc6N[C@]4(O3)[C@@H]2C[C@H]1[C@]5(COC(C)=O)C(=O)OC
ZINC000261493074,C/C=C1/CN2[C@@H]3C[C@@]45c6ccccc6N[C@]4(O3)[C@@H]2C[C@H]1[C@@]5(COC(C)=O)C(=O)OC
ZINC000261493077,CO[C@H]1C[C@H](O[C@H]2CC[C@@]3(C)C(=CC[C@@H]4[C@@H]3[C@H](O)[C@@H](O)[C@]3(C)[C@@H]([C@@H](C)O)CC[C@]43O)C2)O[C@H](C)[C@H]1O[C@H]1C[C@H](OC)[C@H](O[C@@H]2O[C@H](C)[C@@H](O)[C@@H](OC)[C@H]2O)[C@@H](C)O1
ZINC000261493078,C=C1C[C@]23C[C@H]1CC[C@H]2[C@]1(C)CCC[C@](C)(C(=O)O)[C@H]1C[C@@H]3O
ZINC000261493079,COC(=O)C1=CO[C@@H](O[C@@H]2O[C@H](CO)[C@@H](O)[C@H](O)[C@H]2O)[C@@H]2C(COC(=O)/C=C/c3ccc(O)c(O)c3)=C[C@H](O)[C@H]12
ZINC000261493089,C=C(C)[C@@H]1CC[C@@]2(C)[C@H]1CC[C@]1(C)[C@@H]2CC[C@@H]2[C@@]3(C)CC[C@H](O)C(=C)[C@@H]3[C@H](O)C[C@]21C
ZINC000261493090,C/C=C1/C[N@@+]2([O-])[C@H]3C[C@@H]1[C@@H]1[C@@H]2C[C@@]2(C3=Nc3ccccc32)[C@@H]1OC(C)=O
ZINC000261493091,C/C=C1/C[N@+]2([O-])[C@H]3C[C@@H]1[C@H]1[C@@H]2C[C@@]2(C3=Nc3ccccc32)[C@@H]1OC(C)=O
ZINC000261493092,C/C=C1/C[N@+]2([O-])[C@H]3C[C@@H]1[C@@H]1[C@@H]2C[C@@]2(C3=Nc3ccccc32)[C@@H]1OC(C)=O
ZINC000261493097,C/C(C=O)=C\CC[C@@H](C)[C@H]1CC[C@@]2(C)[C@@H]3CC[C@@H]([C@](C)(O)CO)[C@@]4(CCC(=O)O)C[C@@]34CC[C@]12C
ZINC000261493098,CO[C@H]1C[C@H](O[C@H]2CC[C@@]3(C)C(=CC[C@@H]4[C@@H]3[C@H](OC(C)=O)[C@@H](OC(=O)CC(C)C)[C@]3(C)[C@@H](C(C)=O)CC[C@]43O)C2)O[C@H](C)[C@H]1O[C@H]1C[C@H](OC)[C@H](O[C@@H]2O[C@H](C)[C@@H](O)[C@@H](OC)[C@H]2O)[C@@H](C)O1
ZINC000261493100,CCC1=N[C@H]2C[C@@]3(C(=O)N(OC)c4cc(O)ccc43)[C@@H]3C[C@@H]1[C@H]2CO3
ZINC000261501945,COC(=O)[C@]12OC[C@@]34[C@H]1[C@@H](OC(=O)/C=C(\C)C(C)C)C(=O)O[C@@H]3C[C@H]1C(C)=C(O)C(=O)C[C@]1(C)[C@@H]4[C@@H](O)[C@@H]2O
ZINC000261502005,CCCCCCCCCCCCCCCC(=O)O[C@H]1CC[C@@]2(C)C(=CC[C@@H]3[C@@H]2CC[C@@]2(C)[C@H]3CC[C@H]2[C@H](C)CC[C@@H](CC)C(C)C)C1
ZINC000261502699,COC(=O)[C@]12OC[C@@]34[C@H]1[C@@H](OC(=O)CC(C)C)C(=O)O[C@@H]3C[C@H]1C(C)=C(O)C(=O)C[C@]1(C)[C@@H]4[C@@H](O)[C@@H]2O
ZINC000261506029,COC(=O)[C@]12OC[C@@]34[C@H]1[C@@H](OC(C)=O)C(=O)O[C@@H]3C[C@H]1C(C)=C(O)C(=O)C[C@]1(C)[C@@H]4[C@@H](O)[C@@H]2O
ZINC000263583855,C=C1C[C@]23CC[C@H]4[C@@](C)(CCC[C@@]4(C)C(=O)O[C@@H]4O[C@H](CO)[C@@H](O)[C@H](O)[C@H]4O)[C@@H]2CC[C@@]1(O[C@@H]1O[C@H](CO)[C@@H](O)[C@H](O[C@@H]2O[C@H](CO)[C@@H](O)[C@H](O)[C@H]2O[C@@H]2O[C@@H](C)[C@H](O)[C@@H](O)[C@H]2O)[C@H]1O)C3
ZINC000263591685,CC(C)(O)CC[C@@H](O)[C@](C)(O)[C@@H]1CC[C@@]2(O)C3=CC(=O)[C@]4(O)C[C@@H](O)[C@@H](O)C[C@]4(C)[C@H]3CC[C@]12C
ZINC000267326171,C=C1C(=O)O[C@@H]2C=C(C)[C@@H](OC(C)=O)CC=C(COC(C)=O)C[C@@H](OC(=O)/C(C)=C/CO)[C@@H]12
ZINC000299806675,C=C1C(=O)O[C@@H]2C=C(C)C[C@H](O)C=C(C)C[C@@H](OC(=O)/C(=C\C)CO)[C@@H]12
ZINC000299808564,C=C1[C@H](OC(C)=O)C[C@@H](OC(=O)c2cccnc2)C(C)(C)C=C[C@@H](C)C(=O)[C@@]2(OC(C)=O)C[C@H](C)[C@H](OC(C)=O)[C@@H]2[C@H]1OC(C)=O
ZINC000299811195,COC(=O)/C(C)=C1\C(=O)[C@H](O)[C@]2(C)C3=C(C[C@@H]4[C@]5(OC(=O)C6=C5C[C@H]5[C@](O)(COC(=O)C(C)=CCOC(=O)CCC(=O)OC6)[C@H]6C[C@H]6[C@]45C)[C@H]31)[C@H]1C[C@H]12
ZINC000299811562,CO[C@@H]1C=C2[C@@H]3CC(C)(C)CC[C@]3(CO)[C@@H](O)C[C@@]2(C)[C@]2(C)CC[C@@H]3[C@](C)(CC[C@H](O[C@@H]4O[C@H](C)[C@H](O)[C@H](O[C@@H]5O[C@H](CO)[C@@H](O)[C@H](O)[C@H]5O)[C@H]4O)[C@@]3(C)CO)[C@H]12
ZINC000299815232,C[C@@H]1C[C@H](O)C2=C(CO)C(=O)OC2=C[C@@]2(C)CC[C@]1(O)O2
ZINC000299817392,COc1c(O)cc2oc(-c3cc(CC[C@@H](C)CO)c4c(c3)C[C@@H](O)C(C)(C)O4)c(OC)c(=O)c2c1O
ZINC000299817393,COc1c(O)cc2oc(-c3cc(CC[C@H](C)CO)c4c(c3)C[C@H](O)C(C)(C)O4)c(OC)c(=O)c2c1O
ZINC000299817394,COc1c(O)cc2oc(-c3cc(CC[C@H](C)CO)c4c(c3)C[C@@H](O)C(C)(C)O4)c(OC)c(=O)c2c1O
ZINC000299817395,COc1c(O)cc2oc(-c3cc(CC[C@@H](C)CO)c4c(c3)C[C@H](O)C(C)(C)O4)c(OC)c(=O)c2c1O
ZINC000299817396,C=C(C)[C@@H]1CC[C@]2(C)CC=C(C)C(=O)C[C@@H]12
ZINC000299817416,COc1cc([C@H]2Oc3c(OC)cc4c(c3[C@H]2CO)[C@H](c2ccc(O)c(OC)c2)[C@@H](CO)[C@H](CO)C4)ccc1O
ZINC000299817455,C[C@@]1(C(=O)O)CCC[C@@]2(C)C3=CC[C@@H]4C[C@]3(C=C4CO)CC[C@H]12
ZINC000299817501,CO[C@@H]1OC(=O)C=C1CC[C@@]1(C)[C@H](C)CC[C@@]2(C)C(C(=O)O)=CCC[C@H]12
ZINC000299817502,CO[C@H]1OC(=O)C=C1CC[C@@]1(C)[C@H](C)CC[C@@]2(C)C(C(=O)O)=CCC[C@H]12
ZINC000299817510,C=C1[C@H]2CC[C@H]3[C@@]45CO[C@@](O)([C@@H](OC(C)=O)[C@@H]4C(C)(C)CC[C@H]5O)[C@]3(C2)[C@@H]1OC(C)=O
ZINC000299817522,COc1cc(/C=C/c2cc(O)cc(O)c2)c2c(c1)O[C@H](c1ccc(OC)c(O)c1)[C@H]2c1cc(O)cc(O)c1
ZINC000299817584,CC(C)[C@H]1CC[C@]2(C)[C@H]3CC=C(CO)[C@@H]2[C@H]31
ZINC000299817614,CC1=CC(=O)CC(C)(C)[C@]12O[C@@H]2[C@@H](O)[C@H](C)O
ZINC000299817615,CC1=CC(=O)CC(C)(C)[C@]12O[C@@H]2[C@@H](O)[C@@H](C)O
ZINC000299817616,CC1=CC(=O)CC(C)(C)[C@]12O[C@@H]2[C@H](O)[C@@H](C)O
ZINC000299817617,CC1=CC(=O)CC(C)(C)[C@]12O[C@@H]2[C@H](O)[C@H](C)O
ZINC000299817631,C=C1COC(=O)[C@]12C[C@]1(C)[C@@H](C)CC[C@H](OC(=O)/C=C\SC)[C@@H]1[C@H]2OC(=O)/C(C)=C\C
ZINC000299817685,C=C1C[C@@]23CC[C@@H]4[C@](C)(C(=O)O)[C@H](OC(=O)/C(C)=C/C)CC[C@@]4(C)[C@]2(O)CC[C@@H]1C3
ZINC000299817724,CC1=C(O)C(=O)[C@H]2C(C)(C)CCC[C@]2(C)[C@H]1CCc1ccoc1
ZINC000299817725,C[C@H](O)C1=C(Cc2ccoc2)C(=O)[C@@]2(C)CCCC(C)(C)[C@@H]2C1
ZINC000299817736,CO[C@@H]1c2c(ccc3ccc(=O)oc23)OC(C)(C)[C@H]1OC(=O)c1ccccc1
ZINC000299817755,C[C@@H]1C[N@@+]2([O-])C[C@H]3CCC4=C5[C@H](CC4)[C@H](C(=O)O)C[C@@]54C(=O)[C@@H]1C[C@@H]2[C@@]34C
ZINC000299817769,CC(=O)O[C@@H]1C(C)=C2[C@@H](OC(C)=O)[C@H](O)[C@]3(C)[C@@H](O)C[C@H]4OC[C@@]4(OC(C)=O)[C@H]3[C@H](OC(=O)c3ccccc3)[C@](O)([C@H]1O)C2(C)C
ZINC000299817798,OC[C@H]1O[C@@H](OCc2nccc3c2[nH]c2ccccc23)[C@H](O)[C@@H](O)[C@@H]1O
ZINC000299817812,CCO[C@@H]1C[C@](O)(CCC2=C(C)C(=O)[C@@H](O)[C@H]3C(C)(C)CCC[C@]23C)CO1
ZINC000299817813,CCO[C@@H]1C[C@@](O)(CCC2=C(C)C(=O)[C@@H](O)[C@H]3C(C)(C)CCC[C@]23C)CO1
ZINC000299817814,CCO[C@H]1C[C@](O)(CCC2=C(C)C(=O)[C@@H](O)[C@H]3C(C)(C)CCC[C@]23C)CO1
ZINC000299817815,CCO[C@H]1C[C@@](O)(CCC2=C(C)C(=O)[C@@H](O)[C@H]3C(C)(C)CCC[C@]23C)CO1
ZINC000299817819,COc1cc(/C=C/C(=O)OC[C@H]2O[C@H](O[C@@]3(CO)O[C@@H](CO)[C@H](O)[C@H]3OC(=O)c3ccc(O)cc3)[C@H](O)[C@@H](O)[C@@H]2O)cc(OC)c1OC
ZINC000299817835,CCCCCCCCC/C=C/CCC[C@@H](O)[C@@H](O)[C@H](CO)NC(=O)[C@H](O)[C@H](O)CCCCCCCCCCCCCCCCCCCCC
ZINC000299817836,COc1ccc(-c2oc3c4c(cc(O)c3c(=O)c2O[C@@H]2O[C@@H](C)[C@H](O)[C@@H](O)[C@H]2O[C@@H]2O[C@@H](C)[C@H](O)[C@@H](O)[C@H]2O)OC(C)(C)C=C4)cc1
ZINC000299817868,CC1=C[C@H](C(C(=O)/C=C/c2ccc(O)cc2)C(=O)/C=C/c2ccc(O)cc2)[C@@H](C(C)C)CC1
ZINC000299817878,COc1cc(OC)c2c(c1)C(=O)[C@H]1C[C@](C)(OC)OC[C@@H]1C2=O
ZINC000299817891,CC1(C)C(=O)C=C[C@@]2(C)C1=C(O)C(=O)[C@]1(C)[C@@H]2CC[C@@]2(C)[C@H](C3=CCNC3=O)C[C@H]3O[C@]321
ZINC000299817892,CC(=O)O[C@@H]1C2=C(C)[C@@H](O)[C@H](O)[C@@](O)([C@@H](OC(=O)c3ccccc3)[C@@H]3[C@]4(OC(C)=O)CO[C@@H]4C[C@H](O)[C@@]3(C)[C@H]1O)C2(C)C
ZINC000299845942,C[C@@H]1O[C@@H](O[C@@H]2[C@@H](O)[C@H](O[C@@H]3O[C@@H](CO)[C@H](O)[C@H]3O)[C@@H](CO)O[C@H]2O[C@H]2CC[C@@]3(C)C(=CC[C@H]4[C@@H]5C[C@@H]6O[C@]7(CC[C@@H](C)CO7)[C@@H](C)[C@H]6[C@@]5(C)CC[C@@H]43)C2)[C@H](O)[C@H](O)[C@H]1O
ZINC000306120830,O=C(O[C@@H]1[C@@H]2O[C@]2(CO)[C@@H]2[C@H](O[C@@H]3O[C@H](CO)[C@@H](O)[C@H](O)[C@H]3O)OC=C[C@@H]12)c1ccc(O)cc1
ZINC000306121024,C/C=C1/CN2[C@H]3C[C@@]45c6ccccc6N[C@@]4(O3)[C@H]2C[C@H]1[C@@H]5C(=O)OC
ZINC000306121025,C/C=C1/CN2[C@H]3C[C@@]45c6ccccc6N[C@@]4(O3)[C@H]2C[C@H]1[C@H]5C(=O)OC
ZINC000306121784,CCN1C[C@@]2(COC)[C@H]3[C@@H](OC)[C@H]4[C@H]1[C@]3([C@@H](OC)C[C@H]2O)[C@@H]1C[C@@]2(O)[C@@H](OC)C[C@@]4(OC(C)=O)[C@H]1[C@H]2OC(=O)c1ccc(OC)cc1
ZINC000309559671,COC(=O)C1=CO[C@@H]2OC[C@]3(O)C=C[C@H]1[C@@H]23
ZINC000334159455,C/C=C1/CN2CCc3c([nH]c4ccccc34)[C@@H]2C[C@@H]1[C@H](Cc1cn2c(c3nc4ccccc4c1-3)C[C@@H]1C(C(=O)OC)=CO[C@@H](C)[C@H]1C2)C(=O)OC
ZINC000334159660,C[C@@H]1OC=C(C(=O)O)[C@H]2Cc3c4nc5ccccc5c-4ccn3C[C@H]12
ZINC000367610589,COc1ccc2c(c1OC)=CN1CCC3=CC(=O)C(O)=CC3=C1C=2
ZINC000407947101,OC[C@@H]1O[C@H](Oc2cc(O)cc(CCc3ccc(O)cc3)c2)[C@@H](O)[C@H](O)[C@H]1O
ZINC000409421686,C[C@@H](CC[C@]1(O)O[C@H]2C[C@H]3[C@@H]4CC[C@@H]5C[C@@H](O[C@H]6O[C@H](CO)[C@H](O)[C@@H](O)[C@@H]6O[C@@H]6O[C@H](CO)[C@H](O)[C@H](O)[C@@H]6O)CC[C@]5(C)[C@H]4CC[C@]3(C)[C@H]2[C@@H]1C)CO[C@@H]1O[C@H](CO)[C@@H](O)[C@H](O)[C@@H]1O
ZINC000409421687,C[C@@H](CC[C@]1(O)O[C@H]2C[C@H]3[C@@H]4CC[C@@H]5C[C@@H](O[C@H]6O[C@H](CO)[C@H](O)[C@@H](O)[C@@H]6O[C@@H]6O[C@H](CO)[C@@H](O)[C@@H](O)[C@@H]6O)CC[C@]5(C)[C@H]4CC[C@]3(C)[C@H]2[C@@H]1C)CO[C@@H]1O[C@H](CO)[C@@H](O)[C@H](O)[C@@H]1O
ZINC000409421688,C[C@@H](CC[C@]1(O)O[C@H]2C[C@H]3[C@@H]4CC[C@@H]5C[C@@H](O[C@H]6O[C@H](CO)[C@H](O)[C@@H](O)[C@@H]6O[C@@H]6O[C@H](CO)[C@@H](O)[C@H](O)[C@@H]6O)CC[C@]5(C)[C@H]4CC[C@]3(C)[C@H]2[C@@H]1C)CO[C@@H]1O[C@H](CO)[C@@H](O)[C@H](O)[C@@H]1O
ZINC000409421689,C[C@@H](CC[C@]1(O)O[C@H]2C[C@H]3[C@@H]4CC[C@@H]5C[C@@H](O[C@H]6O[C@H](CO)[C@H](O)[C@@H](O)[C@@H]6O[C@@H]6O[C@H](CO)[C@H](O)[C@@H](O)[C@@H]6O)CC[C@]5(C)[C@H]4CC[C@]3(C)[C@H]2[C@@H]1C)CO[C@@H]1O[C@H](CO)[C@@H](O)[C@H](O)[C@@H]1O
ZINC000409444133,COC(=O)[C@@H]1[C@@H](O)CC[C@@H]2CN3CCc4c([nH]c5ccccc45)[C@H]3C[C@@H]21
ZINC000409444134,C=C[C@@](C)(O)CC/C=C(\C)C(=O)O
ZINC000409444204,C=C1[C@H]2C[C@]3([C@@H]1O)[C@H]1C[C@H]4[C@@]5([C@@H]6CC[C@@]4(C)[C@H](O6)N(CC)[C@H]15)[C@@H]3CC2=O
ZINC000473135113,CC1=CC[C@@H](OC(=O)c2ccccc2)[C@@H]2[C@@]1(C)[C@@H](OC(=O)c1cccnc1)[C@H](O)[C@]1(C)O[C@@]3(CC[C@]21C)COC(=O)C3
ZINC000523041915,CC1=CC(=O)[C@]23O[C@@]2(C)CC[C@H]2[C@H](C)C(=O)O[C@@H]2[C@@H]13
ZINC000575416825,C[C@@H]1O[C@@H](OC[C@@H]2O[C@@H](Oc3cc(O)c4c(=O)cc(-c5ccc(O)cc5)oc4c3)[C@H](O)[C@H](O)[C@@H]2O)[C@H](O)[C@@H](O)[C@H]1O
ZINC000575416832,C[C@@H]1O[C@@H](OC[C@@H]2O[C@@H](Oc3cc(O)c4c(=O)cc(-c5ccc(O)cc5)oc4c3)[C@H](O)[C@H](O)[C@@H]2O)[C@@H](O)[C@@H](O)[C@H]1O
ZINC000575448251,CC(=O)O[C@H]1CCC(C)(C)[C@]2(O)C[C@@H]3OC(=O)[C@@H]4c5ccoc5C[C@@H]([C@H]34)[C@@]12C
ZINC000575448253,CO[C@H]1C[C@H](O[C@H]2CC[C@@]3(C)C(=CC[C@@H]4[C@H]3[C@H](O)[C@@H](O)[C@]3(C)[C@@H]([C@@H](C)O)CC[C@]43O)C2)O[C@H](C)[C@H]1O[C@H]1C[C@H](OC)[C@H](O[C@@H]2O[C@H](C)[C@@H](O)[C@@H](OC)[C@H]2O)[C@@H](C)O1
ZINC000575448342,C=C1C(=O)[C@]23C[C@H]1C[C@@H](O)[C@H]2[C@@]12CO[C@@H](O)[C@H]1[C@](C)(COC(C)=O)CC[C@@H]2OC3=O
ZINC000575625988,CCN1C[C@@]2(COC)[C@H]3[C@@H](OC)[C@H]4[C@H]1[C@]3([C@@H](OC)C[C@H]2O)[C@@H]1C[C@@]2(O)[C@@H](OC)C[C@@]4(OC(C)=O)[C@H]1[C@H]2OC(=O)c1ccccc1
ZINC000575626368,CC[C@H](C)C(=O)O[C@@H]1[C@@H](OC(C)=O)[C@]2(C)[C@H](C(C)=O)CC[C@@]23O[C@]32CC[C@H]3C[C@@H](O[C@H]4C[C@@H](OC)[C@H](O[C@@H]5O[C@H](C)[C@@H](O)[C@@H](OC)[C@H]5O)[C@@H](C)O4)CC[C@]3(C)[C@H]12
ZINC000583646008,C[C@@]12C[C@@]3(O)O[C@@H](O1)[C@]1(COC(=O)c4ccccc4)[C@H]3C[C@]21O[C@@H]1O[C@H](COC(=O)c2cc(O)c(O)c(O)c2)[C@@H](O)[C@H](O)[C@H]1O
ZINC000583646010,COC(=O)[C@@H](Cc1ccc(O)c(O)c1)OC(=O)[C@@H]1c2c(/C=C/C(=O)O[C@H](Cc3ccc(O)c(O)c3)C(=O)O)ccc(O)c2O[C@H]1c1ccc(O)c(O)c1
ZINC000584567038,CC1(C)C[C@H](C(=O)O[C@@H]2O[C@H](CO[C@@H]3O[C@H](CO)[C@@H](O)[C@H](O)[C@H]3O)[C@@H](O)[C@H](O)[C@H]2O)[C@H]2CC[C@]3(C)C(=CC[C@@H]4[C@@]5(C)CC[C@H](O[C@@H]6OC[C@H](O)[C@H](O)[C@H]6O)[C@@](C)(CO)[C@@H]5CC[C@]43C)[C@@H]2C1
ZINC000584567039,CC1(C)C[C@H](C(=O)O[C@@H]2O[C@H](CO[C@H]3O[C@H](CO)[C@@H](O)[C@H](O)[C@H]3O)[C@@H](O)[C@H](O)[C@H]2O)[C@@H]2CC[C@]3(C)C(=CC[C@@H]4[C@@]5(C)CC[C@H](O[C@@H]6OC[C@H](O)[C@H](O)[C@H]6O)[C@@](C)(CO)[C@@H]5CC[C@]43C)[C@@H]2C1
ZINC000584567040,CC1(C)C[C@H](C(=O)O[C@@H]2O[C@H](CO[C@H]3O[C@H](CO)[C@@H](O)[C@H](O)[C@H]3O)[C@@H](O)[C@H](O)[C@H]2O)[C@H]2CC[C@]3(C)C(=CC[C@@H]4[C@@]5(C)CC[C@H](O[C@@H]6OC[C@H](O)[C@H](O)[C@H]6O)[C@@](C)(CO)[C@@H]5CC[C@]43C)[C@@H]2C1
ZINC000584567041,CC1(C)C[C@H](C(=O)O[C@@H]2O[C@H](CO[C@@H]3O[C@H](CO)[C@@H](O)[C@H](O)[C@H]3O)[C@@H](O)[C@H](O)[C@H]2O)[C@@H]2CC[C@]3(C)C(=CC[C@@H]4[C@@]5(C)CC[C@H](O[C@@H]6OC[C@H](O)[C@H](O)[C@H]6O)[C@@](C)(CO)[C@@H]5CC[C@]43C)[C@@H]2C1
ZINC000585660584,C=C1C(=O)O[C@@H]2C=C(C)C[C@H]3C=C(C[C@H](OC(=O)/C(C)=C\C)[C@@H]12)C(=O)O3
ZINC000585660673,C=C(C)C(=O)O[C@@H]1[C@@H](O)C(C=O)=CCCC(CO)=C[C@H]2OC(=O)C(=C)[C@H]12
ZINC000585672079,C=C1CC[C@H]2[C@@H](C=C(C)C(=O)[C@@]3(O)C[C@H](C)[C@H](O)[C@@H]3[C@H]1O)C2(C)C
ZINC000585672778,CC(=O)O[C@H]1[C@H](O[C@H]2CC[C@]34C[C@]35CC[C@]3(C)[C@H]([C@@]6(C)CC[C@@H](C(C)(C)O)O6)[C@@H](O)C[C@@]3(C)[C@@H]5C[C@H](O[C@@H]3O[C@H](CO)[C@@H](O)[C@H](O)[C@H]3O)[C@H]4C2(C)C)OC[C@@H](O)[C@@H]1O
ZINC000585672848,C[C@@H]1O[C@@H](O[C@@H]2[C@@H](O)[C@H](O)[C@@H](CO)O[C@H]2O[C@H]2C[C@]3(C)[C@H](C[C@@H](O)[C@@H]4[C@H]([C@]5(C)CC[C@H](C(C)(C)O)O5)CC[C@]43C)[C@@]3(C)CC[C@H](O)C(C)(C)[C@H]23)[C@H](O)[C@H](O)[C@H]1O
ZINC000585672871,CC(=O)O[C@H]1[C@H](O)CO[C@@H](O[C@H]2CC[C@]34C[C@]35CC[C@]3(C)[C@H]([C@@]6(C)CC[C@@H](C(C)(C)O)O6)[C@@H](O)C[C@@]3(C)[C@@H]5C[C@H](O[C@@H]3O[C@H](CO)[C@@H](O)[C@H](O)[C@H]3O)[C@H]4C2(C)C)[C@@H]1OC(C)=O
ZINC000585672948,CC(=O)O[C@H]1[C@H](O)CO[C@@H](O[C@H]2CC[C@]34C[C@]35CC[C@]3(C)[C@H]([C@@]6(C)CC[C@@H](C(C)(C)O)O6)[C@@H](O)C[C@@]3(C)[C@@H]5C[C@H](O[C@@H]3O[C@H](CO)[C@@H](O)[C@H](O)[C@H]3O)[C@H]4C2(C)C)[C@@H]1O
ZINC000605600776,CCCCCC[C@H](O)C/C=C\CCCCCCCC(=O)OC[C@@H](COC(=O)CCCCCCC/C=C\C[C@H](O)CCCCCC)OC(=O)CCCCCCC/C=C\C[C@H](O)CCCCCC
ZINC000605600796,CCCCCC[C@H](O)C/C=C\CCCCCCCC(=O)OC[C@@H](COC(=O)CCCCCCC/C=C\C[C@H](O)CCCCCC)OC(=O)CCCCCCC/C=C\C[C@@H](O)CCCCCC
ZINC000605706290,CCN1C[C@]2(COC)CC[C@H](OC)[C@@]34[C@@H]5C[C@@]6(O)[C@@H](OC)C[C@](OC(C)=O)([C@@H]([C@H](OC)[C@H]23)[C@@H]14)[C@H]5[C@H]6OC(=O)c1ccc(OC)cc1
ZINC000606302937,CCN1C[C@]2(OC(=O)c3ccccc3NC(C)=O)CC[C@H](OC)[C@@]34[C@@H]2C[C@@H]([C@@H]13)[C@@]1(O)C[C@H](OC)[C@@H]2C[C@@H]4[C@]1(O)[C@H]2OC
ZINC000616581882,C/C(=C\COc1c2ccoc2cc2oc(=O)ccc12)CC[C@@H]1OC(C)(C)OC1(C)C
ZINC000618006095,COc1cc(/C=C/C(=O)OC[C@H]2O[C@H](O[C@@]3(CO)O[C@H](CO)[C@@H](O)[C@@H]3OC(=O)/C=C/c3cc(OC)c(O)c(OC)c3)[C@H](O)[C@@H](O)[C@@H]2O)cc(OC)c1O
ZINC000653837612,C=C1[C@H]2C[C@H]2[C@@]2(C)[C@H]1[C@@H](OC(C)=O)C1=C(C)C(=O)O[C@@]13C1=C4[C@](O)(C[C@H]32)[C@H]2C[C@H]2[C@]4(C)[C@@H](O)C(=O)/C1=C(/C)C(=O)OC
ZINC000653848622,CC1=C(C)C(=O)O[C@@H]([C@](C)(O)[C@]2(O)CC[C@@]3(O)[C@@H]4C[C@H]5O[C@]56[C@@H](O)[C@@H](O)CC(=O)[C@]6(C)[C@H]4CC[C@]23C)C1
ZINC000822218737,CC1=CCC[C@@]23O[C@@H]2[C@@H](OC3=O)c2c(C)coc2C1
ZINC000936068999,CC1(C)CC[C@]2(C(=O)O)CC[C@]3(C)C(=CC[C@@H]4[C@@]5(C)CC[C@H](O[C@@H]6O[C@@H](C(=O)O)[C@H](O)[C@@H](O[C@H]7OC[C@H](O)[C@@H](O)[C@@H]7O)[C@@H]6O)C(C)(C)[C@@H]5CC[C@]43C)[C@@H]2C1
ZINC000936069006,CC(=O)O[C@H]1[C@H](O[C@H]2CC[C@]34C[C@@]35CC[C@]3(C)[C@@H]([C@@]6(C)CC[C@@H](C(C)(C)O)O6)[C@@H](O)C[C@@]3(C)[C@@H]5C[C@H](O[C@@H]3O[C@H](CO)[C@@H](O)[C@H](O)[C@H]3O)[C@H]4C2(C)C)OC[C@@H](O)[C@@H]1O
ZINC000936069009,C[C@@H]1O[C@@H](O[C@@H]2[C@@H](CO)O[C@@H](O[C@H]3CC[C@@]4(C)C(=CC[C@H]5[C@@H]6C[C@@H]7O[C@@]8(CC[C@@H](C)CN8)[C@@H](C)[C@@H]7[C@@]6(C)CC[C@@H]54)C3)[C@H](O)[C@H]2O)[C@H](O)[C@H](O)[C@H]1O
ZINC000936069012,COc1cc(-c2oc3cc(O)cc(O)c3c(=O)c2O[C@@H]2O[C@H](CO[C@@H]3O[C@@H](C)[C@H](O)[C@@H](O)[C@H]3O)[C@@H](O)[C@H](O)[C@H]2O[C@H]2O[C@H](C)[C@H](O)[C@@H](O)[C@H]2O)ccc1O
ZINC000936069300,C=C1C(=O)O[C@@H]2C=C(C)CCC=C(C(=O)OC)[C@H](OC(C)=O)[C@@H](OC(=O)[C@@](C)(O)[C@@H](C)Cl)[C@@H]12
ZINC000936069301,C=C1C(=O)O[C@@H]2C=C(C)CCC=C(C(=O)OC)[C@H](OC(C)=O)[C@@H](OC(=O)[C@@](C)(O)[C@H](C)Cl)[C@@H]12
ZINC000936069302,C=C1C(=O)O[C@@H]2C=C(C)CCC=C(C(=O)OC)[C@H](OC(C)=O)[C@@H](OC(=O)[C@](C)(O)[C@H](C)Cl)[C@@H]12
ZINC000936069303,C=C1C(=O)O[C@@H]2C=C(C)CCC=C(C(=O)OC)[C@H](OC(C)=O)[C@@H](OC(=O)[C@](C)(O)[C@@H](C)Cl)[C@@H]12
ZINC000936069304,C=C1C(=O)O[C@@H]2[C@@H]3O[C@]3(C)CCC=C(C(=O)OC)[C@H](OC(C)=O)[C@@H](OC(=O)[C@](C)(O)[C@H](C)Cl)[C@@H]12
ZINC000936069305,C=C1C(=O)O[C@@H]2[C@@H]3O[C@]3(C)CCC=C(C(=O)OC)[C@H](OC(C)=O)[C@@H](OC(=O)[C@](C)(O)[C@@H](C)Cl)[C@@H]12
ZINC000936069306,C=C1C(=O)O[C@@H]2[C@@H]3O[C@]3(C)CCC=C(C(=O)OC)[C@H](OC(C)=O)[C@@H](OC(=O)[C@@](C)(O)[C@H](C)Cl)[C@@H]12
ZINC000936069307,C=C1C(=O)O[C@@H]2[C@@H]3O[C@]3(C)CCC=C(C(=O)OC)[C@H](OC(C)=O)[C@@H](OC(=O)[C@@](C)(O)[C@@H](C)Cl)[C@@H]12
ZINC000936069309,C=C1C(=O)O[C@@H]2C=C(C)CCC=C(C(=O)O)C[C@@H](OC(=O)/C(C)=C\C)[C@@H]12
ZINC000936069310,CC1=CCC(C)(C)C=CC[C@]2(C)Oc3c(C=O)c(O)c(C=O)c(O)c3[C@@H](c3ccccc3)[C@H]2CC1
ZINC000936069311,CC1=CCC(C)(C)C=CC[C@]2(C)Oc3c(C=O)c(O)c(C=O)c(O)c3[C@H](c3ccccc3)[C@H]2CC1
ZINC000936069341,C=C1[C@H](OC(=O)C(C)C)[C@@H](O)[C@@H](OC(C)=O)C(C)(C)C=C[C@H](C)[C@H](OC(C)=O)[C@@]2(O)C[C@@](C)(OC(C)=O)[C@H](OC(=O)c3ccccc3)[C@@H]2[C@H]1OC(C)=O
ZINC000936069684,CC1=CCC[C@]2(C)O[C@H]2CC(=C(C)C)C(=O)C1
ZINC000936069921,CCCC(=O)O[C@H]1[C@H](C)O[C@@H](O[C@@H]2[C@@H](C)O[C@@H](O[C@@H]3[C@@H](OC)[C@H](O)CC(=O)O[C@H](C)CC=CC=C[C@H](O)[C@H](C)C[C@@H]3CC=O)[C@H](O)[C@H]2N(C)C)C[C@@]1(C)O
ZINC000936070082,C=C1C(=O)O[C@@H]2[C@@H]3O[C@]3(C)CCC=C(C)C[C@@H](OC(C)=O)[C@@H]12
ZINC000936070096,C=C1C(=O)O[C@@H]2C=C(C)[C@@]3(O)C=C[C@@](C)(C[C@@H](OC(=O)C(C)C)[C@@H]12)O3
ZINC000958322923,CC1=CC[C@@]2(C(C)C)CC[C@@](C)(O2)[C@H](O)CCC(C)=CCC1
ZINC001076447980,O=C(/C=C/c1ccccc1)OC[C@@]12O[C@@H]1[C@H](O)[C@H]1C=CO[C@H](O[C@H]3O[C@@H](CO)[C@H](O)[C@@H](O)[C@@H]3O)[C@H]12
ZINC001076448005,C=C1C(=O)O[C@H]2C=C(C)[C@H](OC(C)=O)CC=C(C)C[C@H](OC(=O)/C(=C/CO)CO)[C@H]12
ZINC001076498655,O=C(/C=C/c1ccc(O)cc1)OC[C@@H]1O[C@@H](O[C@@]2(CO)O[C@@H](CO)[C@H](OC(=O)/C=C/c3ccc(O)cc3)[C@H]2O)[C@@H](OC(=O)/C=C/c2ccc(O)cc2)[C@H](O)[C@H]1O
ZINC001076499726,COc1cc(/C=C/C(=O)OC[C@@H]2O[C@@H](O[C@@]3(CO)O[C@@H](CO)[C@H](O)[C@H]3O)[C@@H](O)[C@H](O)[C@H]2O)cc(OC)c1O
ZINC001077991859,COc1cc2cc3c4c(cc(OC)c(OC)c4c2cc1OC)CCN3C=O
ZINC001077991870,COc1c(OC)c(OC)c2oc(=O)ccc2c1O
ZINC001077991873,COc1cc(O)c2c(=O)cc(Oc3ccc(O)cc3)oc2c1C[C@@H](O)C(C)(C)O
ZINC001077991880,CC(C)=CCc1cc(-c2cc(=O)c3c(O)cc(O)c(CC=C(C)C)c3o2)cc(CC=C(C)C)c1O
ZINC001077991881,CC(C)=CCC/C(C)=C/Cc1cc(O)cc2c1OC(=O)C2=C(C)C
ZINC001077991887,COc1cc2oc(=O)ccc2cc1C(=O)C(=O)C(C)C
ZINC001077991908,CC(C)=CCc1c(O)cc(O)c2c(=O)cc(Oc3ccc(O)cc3)oc12
ZINC001077991918,C=C1CC[C@H]([C@H](C)C(=O)O)[C@@H]2C=C(C(=O)OC)CC[C@@H]12
ZINC001077991927,COc1c(O)c(OC)c2ccc(=O)oc2c1CC=C(C)C
ZINC001077991932,CC(C)=CCc1cc(Oc2cc(=O)c3c(O)cc(O)c(CC=C(C)C)c3o2)ccc1O
ZINC001077991938,COc1ccc2ccc(=O)oc2c1C(=O)C(OC(=O)C=C(C)C)=C(C)C
ZINC001077995381,C=C1C(=O)[C@]23CC[C@H]4[C@@](C)(C(=O)O)CCC[C@]4(C)[C@@]2(O)CC[C@@H]1C3
ZINC001077995382,CC(=O)OC[C@@H]1O[C@H](Oc2cccc3c2C(=O)O[C@H](c2ccc(OC(C)=O)cc2)C3)[C@@H](OC(C)=O)[C@H](OC(C)=O)[C@H]1OC(C)=O
ZINC001077995384,C[C@@H](CC[C@H](O)C(C)(C)O)[C@@H]1CC[C@]2(C)[C@H]3CC[C@@H]4C(C)(C)[C@H](O)CC[C@]45C[C@]35CC[C@@]12C
ZINC001077995385,O=C(/C=C/c1ccccc1)O[C@@H]1[C@H]2C=CO[C@H](O[C@H]3O[C@@H](CO)[C@H](O)[C@@H](O)[C@@H]3O)[C@H]2[C@]2(CO)O[C@H]12
ZINC001077995386,COC(=O)[C@H]1C[C@@]23C(=O)[C@H]4C[C@H]5[C@]2(C)[C@@H](CCC2=C3[C@H]1CC2)C[N@+]5([O-])C[C@@H]4C
ZINC001077995387,COC(=O)[C@H]1C[C@@]23C(=O)[C@H]4C[C@H]5[C@]2(C)[C@@H](CCC2=C3[C@H]1CC2)C[N@@+]5([O-])C[C@@H]4C
ZINC001077995388,C=C(C)[C@H](CC)CC[C@H](C)[C@@H]1CC[C@@H]2[C@H]3CC=C4C[C@H](O[C@H]5O[C@@H](CO)[C@H](O)[C@@H](O)[C@@H]5O)CC[C@@]4(C)[C@@H]3CC[C@@]12C
ZINC001077995389,C=C1[C@H]2CC[C@]3(C)[C@@H](c4ccoc4)OC(=O)C[C@@]13O[C@@H]1CC(=O)C(C)(C)[C@@H]([C@@H](O)C(=O)OC)[C@]21C
ZINC001077995390,CC[C@H]1C(=O)O[C@@]23C=C[C@H]4C(C(=O)O)=CO[C@@H](O[C@@H]12)[C@H]43
ZINC001077995391,COc1cc(C(=O)O[C@H]2C[C@@](C)(O)[C@H]3[C@@H]2C=CO[C@@H]3O[C@H]2O[C@@H](CO)[C@H](O)[C@@H](O)[C@@H]2O)cc(OC)c1O
ZINC001077995392,CC1=CC(=O)C[C@@]2(C)C=C3OC(=O)C(C)=C3C[C@H]12
ZINC001077995393,COC(=O)[C@]12CCC3=C(CC[C@@H]4[C@]3(C)CC[C@@H]3C(C)(C)[C@H](O)CC[C@]34C)[C@H]1CC(C)(C)CC2
ZINC001077995394,CC1=CC(=O)C[C@@]2(C)C[C@@H]3OC(=O)C(C)=C3C[C@H]12
ZINC001077995395,CC(C)C[C@H](c1c(O)c(C=O)c(O)c(C=O)c1O)[C@H]1CC[C@](C)(O)[C@H]2[C@H]3[C@@H](CC[C@@]21C)C3(C)C
ZINC001077995396,CC[C@@H](/C=C/[C@H](C)[C@@H]1CC[C@@H]2C3=CC[C@@H]4C[C@H](O[C@H]5O[C@@H](CO)[C@H](O)[C@@H](O)[C@@H]5O)CC[C@@]4(C)[C@@H]3CC[C@]21C)C(C)C
ZINC001077995397,CC1(C)CC[C@@]2(C(=O)O)CC[C@@]3(COC(=O)/C=C/c4ccc(O)c(O)c4)C(=CC[C@H]4[C@]5(C)CC[C@@H](O)C(C)(C)[C@H]5CC[C@@]43C)[C@H]2C1
ZINC001077995398,C[C@@H](CC[C@H](O)C(C)(C)O)[C@@H]1CC[C@]2(C)[C@H]3CC[C@@H]4C(C)(C)C(=O)CC[C@]45C[C@]35CC[C@@]12C
ZINC001077995399,CC1(C)[C@@H](O)CC[C@]2(C)[C@H]3CC[C@@H]4C[C@]3(CC[C@@H]12)C[C@]4(O)CO
ZINC001077995400,C[C@@H](C/C=C/C(C)(C)O)[C@@H]1CC[C@]2(C)[C@H]3CC[C@@H]4C(C)(C)[C@H](O)CC[C@]45C[C@]35CC[C@@]12C
ZINC001077995401,COC(=O)C[C@@H]1[C@@]2(C)C3=C(C)[C@@H](c4ccoc4)C[C@@H]3O[C@H]2[C@H]2OC[C@@]3(C)[C@@H](OC(C)=O)C[C@@H](OC(=O)/C=C/c4ccccc4)[C@]1(C)[C@H]23
ZINC001077995402,COC(=O)C1=C2CCC3=C2[C@]2(C1)C(=O)[C@H]1C[C@H]4[C@]2(C)[C@@H](CC3)C[N@@+]4([O-])C[C@@H]1C
ZINC001077995403,COC(=O)C1=C2CCC3=C2[C@]2(C1)C(=O)[C@H]1C[C@H]4[C@]2(C)[C@@H](CC3)C[N@+]4([O-])C[C@@H]1C
ZINC001077995404,C=C[C@]1(C)CC(=O)[C@@H]2[C@@](C)(O1)[C@H](OC(C)=O)[C@H](OC(C)=O)[C@@H]1C(C)(C)CC[C@@H](O)[C@@]21C
ZINC001077995406,CC(=O)O[C@@H]1CC[C@H]2C(=CC[C@@H]3[C@]2(C)CC[C@]2(C)[C@H]4CC[C@@H](C(C)C)[C@]4(C)CC[C@@]32C)C1(C)C
ZINC001077995407,CC1=CC(=O)C[C@]2(C)[C@@H]1CC1=C(C)C(=O)O[C@]1(O)[C@@H]2O
ZINC001077995408,COC(C)(C)/C=C/C[C@H](C)[C@@H]1CC[C@]2(C)[C@H]3C=C[C@]45OC[C@@]3(CC[C@@]12C)[C@H]4CC[C@@H](O[C@H]1O[C@@H](CO)[C@H](O)[C@H](O)[C@@H]1O)C5(C)C
ZINC001077995409,C[C@@]12CCC(=O)C=C1C=C[C@H]1[C@H]2CC(=O)[C@]2(C)[C@@H]1CC[C@H]2[C@@H](O)CO
ZINC001077995413,COC(=O)C1=C2CCOC3=C2[C@]2(C1)C(=O)[C@H]1C[C@H]4[C@]2(C)[C@@H](CC3)C[N@+]4([O-])C[C@@H]1C
ZINC001077995414,COC(=O)C1=C2CCOC3=C2[C@]2(C1)C(=O)[C@H]1C[C@H]4[C@]2(C)[C@@H](CC3)C[N@@+]4([O-])C[C@@H]1C
ZINC001077995416,COC(=O)N1c2ccccc2[C@@]23CC(=O)C[C@]4(CCCN(C=O)[C@H]42)CC[C@@]13C(=O)OC
ZINC001077995417,C=C1CC[C@H]2[C@@](C)(CCC[C@@]2(C)C(=O)O)[C@@H]1CCC1=C[C@H](OC)OC1=O
ZINC001077995418,C=C1CC[C@H]2[C@@](C)(CCC[C@@]2(C)C(=O)O)[C@@H]1CCC1=C[C@@H](OC)OC1=O
ZINC001077995419,CC1=CC(=O)C[C@@]2(C)C[C@@]3(O)OC(=O)C(C)=C3C[C@H]12
ZINC001077995420,CC(C)[C@@H]1CC[C@@]2(C)O[C@@H]1[C@H]1[C@H]2CC[C@]1(C)O
ZINC001077995422,CC(=O)O[C@H](CC1=C(O)C(=O)OC1)[C@@]1(C)[C@@H]2CCC=C(C)[C@@]2(C)[C@H](OC(=O)c2cccnc2)[C@@H](OC(=O)c2ccccc2)[C@@]1(C)O
ZINC001077995423,CC(C)C[C@@H](c1c(O)c(C=O)c(O)c(C=O)c1O)[C@H]1CC[C@](C)(O)[C@H]2C[C@@H](C(C)(C)O)CC[C@@]21C
ZINC001077995424,C[C@H]1CC[C@@H]2C(C)(C)[C@@H]3C[C@@]12CC[C@@]3(O)CO
ZINC001077995427,CC(=O)O[C@]12[C@@H]3O[C@@H]3[C@@]3(CO3)[C@@]1(C)C[C@@H]1OC(=O)[C@@H]2[C@H]1C(C)(C)O
ZINC001077995428,CC[C@H]1[C@@H]2CCCCN3CC[C@H]([C@@H]4[C@H]1OC(=O)[C@@H]4C)[C@H]23
ZINC001077995430,COC(=O)C1=CO[C@H](O[C@H]2O[C@@H](CO)[C@H](O)[C@@H](O)[C@@H]2O)[C@@H]2[C@@]1(O)[C@@H](O)C[C@@]2(C)O
ZINC001077995432,CC(C)C1=CC[C@]2(C)[C@@H](O)CC[C@@](C)(O)[C@H]2C1
ZINC001077995435,CO[C@H]1[C@H](O)[C@@H](O[C@@H]2CC[C@]3(C)[C@@H](CC[C@H]4[C@H]3CC[C@@]3(C)[C@H](C5=CC(=O)OC5)[C@H](OC(C)=O)C[C@@]43O)C2)O[C@@H](C)[C@H]1O
ZINC001077995438,CO[C@H]1C=C2[C@H]3CC(C)(C)CC[C@@]3(C)CC[C@]2(C)[C@@]2(C)CC[C@@H]3C(C)(C)[C@H](O)CC[C@@]3(C)[C@H]12
ZINC001077995439,O=C1C[C@H](c2ccc(O)cc2)Oc2c1c(O)cc(O)c2[C@H]1O[C@@H](CO)[C@H](O)[C@@H](O)[C@@H]1O
ZINC001077995440,CO[C@H]1[C@H](O)[C@@H](O[C@@H]2CC[C@]3(C)[C@@H](CC[C@H]4[C@H]3CC[C@@]3(C)[C@H](C5=CC(=O)OC5)CC[C@@]43O)C2)O[C@@H](C)[C@H]1O
ZINC001077995441,CC(=O)O[C@@H]1CC[C@@]2(C)O[C@H](O)[C@@]1(C)[C@@H]2CC[C@@]12[C@H]3N[C@H]4[C@@H](CC[C@]45CCC[C@@H]51)[C@@]2(C)CC[C@H]3C(C)C
ZINC001077995442,CC(=O)O[C@@H]1CC[C@@]2(C)O[C@H](O)[C@@]1(C)[C@H]2CC[C@@]12[C@H]3N[C@H]4[C@@H](CC[C@]45CCC[C@@H]51)[C@@]2(C)CC[C@H]3C(C)C
ZINC001077995443,CC(=O)O[C@@H]1CC[C@@]2(C)O[C@H](O)[C@@]1(C)[C@H]2CC[C@@]12[C@H]3N[C@H]4[C@@H](CC[C@]45CCC[C@@H]51)[C@@]2(C)CC[C@@H]3C(C)C
ZINC001077995444,CC(=O)O[C@@H]1CC[C@@]2(C)O[C@H](O)[C@@]1(C)[C@@H]2CC[C@@]12[C@H]3N[C@H]4[C@@H](CC[C@]45CCC[C@@H]51)[C@@]2(C)CC[C@@H]3C(C)C
ZINC001077995445,COc1cc(O)c(C(=O)/C=C/c2ccccc2)c(O)c1[C@@H]1C[C@@H](c2ccccc2)Oc2c(OC)c(O)cc(OC)c21
ZINC001077995446,COC(=O)C1=CO[C@H](O[C@H]2O[C@@H](CO)[C@H](O)[C@@H](O)[C@@H]2O)[C@@H]2[C@H]1C=C[C@]21C=C([C@@H](C)OC(=O)/C=C/c2ccc(O)cc2)C(=O)O1
ZINC001077995449,C/C=C(\C)C(=O)OC[C@]1(O)[C@H]2CC3=C(COC(C)=O)C(=O)O[C@]34[C@H]3C5=C(C[C@@H]4[C@]2(C)[C@H]2C[C@H]21)[C@@H]1C[C@@H]1[C@@]5(C)[C@H](O)C(=O)/C3=C(/C)C(=O)OC
ZINC001077995455,C=C[C@@H]1[C@@H](O[C@H]2O[C@@H](CO)[C@H](O)[C@@H](O)[C@@H]2O)OC=C(C(=O)O)[C@@H]1CCOC(=O)/C=C/c1ccc(O)c(O)c1
ZINC001077996375,C/C(=C\COc1ccc2ccc(=O)oc2c1)CC[C@@H]1OC(C)(C)OC1(C)C
ZINC001077996378,COC(=O)C[C@@H]1[C@@]2(C)C3=C(C)[C@@H](c4ccoc4)C[C@@H]3O[C@H]2[C@H]2OC[C@@]3(C)[C@@H](O)C[C@@H](OC(=O)C=C(C)C)[C@]1(C)[C@H]23
ZINC001077996379,C=C1C(=O)[C@@]23[C@@H](O)[C@@H]1CC[C@@H]2[C@@]12[C@@H]([C@@H](O)[C@]3(O)O[C@H]1O)C(C)(C)CC[C@H]2O
ZINC001077996382,CCCCCCCCCCCCCCCC(=O)O[C@@H]1CC[C@]2(C)[C@H](CC[C@]3(C)C4=CC[C@]5(C)CCC(C)(C)C[C@@H]5[C@@]4(C)[C@@H]4O[C@@H]4[C@H]32)C1(C)C
ZINC001077996383,COC(=O)C1=C[C@@H](O)C[C@H]2[C@]1(C)[C@H](O[C@H]1O[C@@H](CO)[C@H](O)[C@@H](O)[C@@H]1O)C=C1C(=O)O[C@@H](c3ccoc3)C[C@@]12C
ZINC001077996414,C/C=C1/CN(C)[C@@H]2Cc3c([nH]c4ccccc34)C(=O)C[C@@H]1[C@@]2(CO)C(=O)OC
ZINC001077996419,C/C=C1/CN(C)[C@@H]2Cc3c([nH]c4ccccc34)C(=O)C[C@@H]1[C@]2(CO)C(=O)OC
ZINC001077996421,COc1cc(/C=C/[C@H](c2ccc(O)c(OC)c2)[C@@H](O)CO)ccc1O
ZINC001077996433,C/C=C1/C[N@@+]2(C)[C@@H]3C[C@@H]1[C@@H](CO)[C@H]2Cc1c3[nH]c2ccc(O)cc12
ZINC001077996453,C/C=C1/C[N@@+]2(C)[C@@H]3C[C@@H]1[C@H](CO)[C@H]2Cc1c3[nH]c2ccc(O)cc12
ZINC001077996454,C/C=C1/C[N@+]2(C)[C@@H]3C[C@@H]1[C@H](CO)[C@H]2Cc1c3[nH]c2ccc(O)cc12
ZINC001077996455,C/C=C1/C[N@+]2(C)[C@@H]3C[C@@H]1[C@@H](CO)[C@H]2Cc1c3[nH]c2ccc(O)cc12
ZINC001077996473,COC(=O)C1=CO[C@H](O[C@H]2O[C@@H](CO)[C@H](O)[C@@H](O)[C@@H]2O)[C@@H]2[C@@]1(O)C[C@@H](OC(=O)/C=C/c1ccc(OC)cc1)[C@@]2(C)O
ZINC001077996487,C/C=C1/CN2[C@@H]3Cc4c([nH]c5ccc(O)cc45)[C@@]2(O)C[C@@H]1[C@H]3CO
ZINC001077996492,C/C=C1/CN2[C@@H]3Cc4c([nH]c5ccc(O)cc45)[C@@]2(O)C[C@@H]1[C@@H]3CO
ZINC001077996499,C=C1C(=O)O[C@H]2C=C(C)C[C@H]3C=C(C[C@@H](OC(=O)/C(C)=C\C)[C@H]12)C(=O)O3
ZINC001077996501,CC(=O)C[C@H]1C(=O)C(CO)=CC[C@@](C)(CCC=C(C)C)[C@@H]1/C=C/OC(=O)C=C(C)C
ZINC001077996502,CC(=O)[C@H]1CC[C@@]23O[C@@]24CC[C@@H]2C[C@H](O)CC[C@@]2(C)[C@@H]4[C@@H](O)[C@H](O)[C@@]13C
ZINC001077996503,COc1cc2c(cc1O)[C@@H](c1ccc(O)c(O)c1)[C@@H]1COC(C)(C)OC[C@H]1C2
ZINC001077996505,CC1(C)C(=O)CC[C@]2(C)[C@H]3C[C@H]4CC[C@]3(CC[C@@H]12)C[C@]4(O)CO
ZINC001077996507,C[C@H](O)/C=C/[C@]1(O)[C@@H](C)[C@@H](O)[C@H](O)CC1(C)C
ZINC001077996566,CC1(C)CC[C@@]2(C(=O)O)CC[C@@]3(C)C(=CC[C@H]4[C@]5(C)CC[C@@H](O[C@H]6OC[C@H](O)[C@@H](O)[C@@H]6O)C(C)(C)[C@H]5CC[C@@]43C)[C@H]2C1
ZINC001077996591,CC(=O)O[C@@H]1[C@H](OC(C)=O)CC(C)(C)[C@@]2(O)CC[C@@H]3[C@H](C)c4ccoc4C[C@H]3[C@]12C
ZINC001077996626,C=C1C[C@]23CC[C@@H]4[C@](C)(CC[C@H](OC(=O)/C=C/c5ccccc5)[C@]4(C)C(=O)O)[C@@]2(O)CC[C@H]1C3
ZINC001077996643,C=C[C@@](C)(O)CC[C@]1(C)[C@@H](C)CC[C@]2(C)C(C)=CC(=O)C[C@H]21
ZINC001077996651,CC(=O)O[C@@H]1CC[C@]2(C)[C@H](CC[C@@]3(C)[C@H]2CC(=O)[C@@]2(O)[C@H]4CC(C)(C)CC[C@@]4(C)C[C@@H](O)[C@]32C)C1(C)C
ZINC001077996661,CO[C@H]1C[C@@H](O[C@H]2C=C3C=CC4=C5O[C@H]6CO[C@@]7(C)OC[C@]5(CC[C@H]4[C@]3(C)CC2)[C@@H]67)O[C@@H](C)[C@@H]1O
ZINC001077996670,C/C=C1/C[N@+]2(C)[C@@H]3C[C@@H]1[C@H](CO)[C@H]2Cc1c3[nH]c2ccccc12
ZINC001077996672,C/C=C1/C[N@@+]2(C)[C@@H]3C[C@@H]1[C@H](CO)[C@H]2Cc1c3[nH]c2ccccc12
ZINC001077996675,C/C=C1/C[N@+]2(C)[C@@H]3C[C@@H]1[C@@H](CO)[C@H]2Cc1c3[nH]c2ccccc12
ZINC001077996678,C/C=C1/C[N@@+]2(C)[C@@H]3C[C@@H]1[C@@H](CO)[C@H]2Cc1c3[nH]c2ccccc12
ZINC001077996681,C[C@@H]1[C@@H](CO)[C@@H]2C[C@@H]3c4[nH]c5ccc(O)cc5c4C[C@H]([C@H]2CO)N31
ZINC001077996683,C[C@@H]1[C@@H](CO)[C@@H]2C[C@@H]3c4[nH]c5ccc(O)cc5c4C[C@H]([C@@H]2CO)N31
ZINC001077996686,CC(C)(O)[C@@H]1CC[C@@H]([C@@H]2CC[C@]3(C)[C@H]4CC[C@@H]5C(C)(C)[C@H](O)CC[C@]56C[C@]46CC[C@@]23C)CO1
ZINC001077996690,C=C1CC[C@@H](C(C)C)[C@H]2[C@H]1CC[C@]21[C@@H](C)CC[C@H](O)[C@@]1(C)O
ZINC001077996702,CC1(C)[C@@H](O)CC[C@]2(C)[C@H]3C[C@H]4CC[C@]3(CC[C@@H]12)C[C@]4(O)CO
ZINC001077996705,C/C=C1/CN2[C@@H]3C[C@@H]1[C@H](C=O)[C@H]2Cc1c3[nH]c2ccccc12
ZINC001077996706,CC(=O)O[C@@H]1[C@H]2[C@]3(C)CC[C@@H](O)C[C@H]3CC[C@@]23O[C@]32CC[C@H](C(C)=O)[C@]2(C)[C@H]1OC(C)=O
ZINC001077996716,C/C=C1/CN(C)[C@@H]2Cc3c([nH]c4ccc(O)cc34)C(=O)C[C@@H]1[C@H]2CO
ZINC001077996718,C/C=C1/CN(C)[C@@H]2Cc3c([nH]c4ccc(O)cc34)C(=O)C[C@@H]1[C@@H]2CO
ZINC001077996721,C/C=C(/CO)[C@@H]1C[C@@H]2c3[nH]c4ccc(O)cc4c3C[C@H]([C@H]1CO)N2C
ZINC001077996731,C/C=C(/CO)[C@@H]1C[C@@H]2c3[nH]c4ccc(O)cc4c3C[C@H]([C@@H]1CO)N2C
ZINC001077996732,C=C1CC[C@H]2[C@@](C)(CO[C@H]3O[C@@H](CO)[C@H](O)[C@@H](O)[C@@H]3O)[C@@H](O)CC[C@]2(C)[C@H]1/C=C/C1=CCOC1=O
ZINC001077996735,C[C@@H]1C(=O)CC[C@H]2[C@@]1(C)CC[C@H]1[C@]3(C)CC[C@]4(C)CC[C@](C)(CO)C[C@@H]4[C@@]3(C)CC[C@@]12C
ZINC001077996738,C=C[C@]12C[N@@+](C)([O-])[C@@H]3C[C@@]14C(=Nc1ccccc14)[C@@H]1C[C@H]2[C@H]3CO1
ZINC001077996740,C=C1C[C@]23CC[C@H]4C(C)(C)C(=O)CC[C@]4(C)[C@H]2[C@@H](O)[C@H]1CC3=O
ZINC001077996742,C=C1C[C@@]23C[C@@H]1CC[C@@H]2[C@@]1(C)CCC[C@@](C)(C(=O)O)[C@@H]1C[C@H]3OC(C)=O
ZINC001077996744,C[C@@H]1[C@@H](CO)[C@@H]2C[C@@H]3c4[nH]c5ccccc5c4C[C@H]([C@@H]2CO)N31
ZINC001077996745,C=C1CC[C@H]2[C@@](C)(CC[C@H]3C[C@]32C)[C@@H]1CC/C(C)=C/C(=O)O
ZINC001077996748,CC(=O)Oc1ccc2c(c1)O[C@@]1(c3ccc(OC(C)=O)cc3OC(C)=O)Oc3cc(-c4cc5ccc(OC(C)=O)cc5o4)cc(OC(C)=O)c3[C@H]3C=C(C)C[C@H]2[C@H]31
ZINC001077996749,CO[C@H]1C[C@@H](O[C@@H]2CC[C@]3(C)C(=CC[C@@H]4C(=O)O[C@H]5CO[C@@]6(C)OC=C(CC[C@H]43)[C@@H]56)C2)O[C@@H](C)[C@@H]1O
ZINC001077996751,CC(=O)O[C@@H]1C[C@@]2(O)C(COC(=O)[C@@H](OC(=O)CC(C)C)C(C)C)=CO[C@H](OC(=O)CC(C)C)[C@H]2[C@]12CO2
ZINC001077996752,CC(=O)O[C@@H]1C[C@@]2(O)C(COC(=O)[C@H](OC(=O)CC(C)C)C(C)C)=CO[C@H](OC(=O)CC(C)C)[C@H]2[C@]12CO2
ZINC001077996754,COC(=O)[C@]12C[C@@H]3C[C@@H]([C@@H](C)O)[C@H]1N(CCc1c2[nH]c2cc(OC)c(OC)cc12)C3
ZINC001077996755,C/C=C1/CN2[C@@H]3C[C@@H]1[C@](CO)(C(=O)OC)[C@H]2Cc1c3[nH]c2ccccc12
ZINC001077996756,C/C=C1/CN2[C@@H]3C[C@@H]1[C@@](CO)(C(=O)OC)[C@H]2Cc1c3[nH]c2ccccc12
ZINC001077996757,CC1=CC(=O)OC[C@]2(O)[C@H]3C[C@H]3[C@]3(C)[C@@H]4C[C@@]5(O)C6=C(C7=C(C)C(=O)O[C@]7(O)[C@H](O)[C@@]6(C)[C@@H]6C[C@@H]65)[C@@]45OC(=O)C(=C5C[C@@H]23)COC(=O)CCC(=O)OC1
ZINC001077996758,CO[C@H]1[C@H](O)[C@@H](O[C@@H]2CC[C@]3(C)[C@@H](CC[C@]45O[C@]46CC=C(C4=CC(=O)OC4)[C@]6(C)CC[C@@H]35)C2)O[C@@H](C)[C@H]1O[C@H]1O[C@@H](CO)[C@H](O)[C@@H](O)[C@@H]1O
ZINC001077996759,CO[C@H]1C[C@@H](O[C@@H]2CC[C@]3(C)[C@@H](CC[C@@]4(O)[C@H]3CC[C@@]3(C)[C@H](C5=CC(=O)OC5)CC[C@]34O)C2)O[C@@H](C)[C@H]1O
ZINC001077996760,C/C=C1/CN2CC[C@@]34C(=Nc5ccccc53)[C@H]2C[C@@H]1[C@@]4(COC(=O)c1cc(OC)c(OC)c(OC)c1)C(=O)OC
ZINC001077996761,C/C=C1/CN2CC[C@@]34C(=Nc5ccccc53)[C@H]2C[C@@H]1[C@]4(COC(=O)c1cc(OC)c(OC)c(OC)c1)C(=O)OC
ZINC001077996763,CO[C@H]1[C@H](O)[C@@H](O[C@@H]2CC[C@]3(C)[C@H](CC[C@H]4[C@H]3CC[C@@]3(C)[C@H](C5=CC(=O)OC5)CC[C@@]43O)C2)O[C@@H](C)[C@H]1O
ZINC001077996764,C/C=C1/CN2[C@@H]3C[C@@H]1[C@H](CO)[C@H]2Cc1c3[nH]c2ccccc12
ZINC001077996766,CC(=O)O[C@H]1C[C@@H](C)[C@@H]2CC(=O)C(C)=C2C[C@H]1C(C)(C)O
ZINC001077996767,CC(=O)O[C@@H]1[C@H]2OC(=O)[C@H]3c4ccoc4C[C@H]([C@H]23)[C@]2(C)[C@H](O)CCC(C)(C)[C@@]12O
ZINC001077996768,C/C=C1\[C@H]2C[C@H]3c4[nH]c5ccccc5c4C[C@@H]([C@@H]2/C=C/C(C)=O)N3[C@@H]1O[C@@H]1O[C@H](CO)[C@@H](O)[C@H](O)[C@H]1O
ZINC001077996769,C/C=C1\[C@H]2C[C@H]3c4[nH]c5ccccc5c4C[C@@H]([C@H]2/C=C/C(C)=O)N3[C@@H]1O[C@@H]1O[C@H](CO)[C@@H](O)[C@H](O)[C@H]1O
ZINC001077996797,CC[C@@H]1C[C@@H]2CN3CC[C@]4(C(=O)Nc5cc(OC)c(OC)cc54)[C@@](C(=O)OC)(C2)[C@@H]13
ZINC001077996805,CC[C@@H](C)C(=O)O[C@@H]1[C@@H](O)C[C@@H]2[C@](COC(C)=O)([C@H](OC(C)=O)C[C@H](C)[C@@]2(C)[C@H]2C[C@@H]3CCO[C@@H]3O2)[C@]12CO2
ZINC001077996814,C[C@@]1(O)C[C@@H](O)[C@@]2(O)C=CO[C@H](O[C@H]3O[C@@H](CO)[C@H](O)[C@@H](O)[C@@H]3O)[C@@H]12
ZINC001077996844,COC(=O)[C@@]1(C)CC2=C3C=C(C(=O)[C@@H](O)[C@]3(C)[C@H]3C[C@@H]23)[C@@](C)(C(=O)OC)CC2=C3C=C1C(=O)[C@@H](O)[C@]3(C)[C@H]1C[C@@H]21
ZINC001077996857,CC(C)=CCC[C@@](C)(O)[C@@H]1CC[C@@]2(C)[C@H]1CC[C@H]1[C@]3(C)CC[C@@H](OC(=O)/C=C/c4ccc(O)c(O)c4)C(C)(C)[C@H]3CC[C@@]12C
ZINC001077996863,CC1(C)CC[C@@]2(C(=O)O)CC[C@@]3(C)C(=CC[C@H]4[C@]5(C)C[C@H](O)[C@@H](OC(=O)/C=C/c6ccc(O)cc6)[C@](C)(CO)[C@H]5CC[C@@]43C)[C@H]2C1
ZINC001077996867,CO[C@H]1[C@H](O)[C@@H](O[C@@H]2CC[C@]3(C)[C@@H](CC[C@]45O[C@]46CC[C@@H](C4=CC(=O)OC4)[C@]6(C)CC[C@@H]35)C2)O[C@@H](C)[C@H]1O
ZINC001077996873,C[C@H]1C[C@]2(OC(=O)/C=C/c3ccccc3)C(=O)C(CO)=C[C@@H]3[C@H](CC[C@@]4(C)O[C@@H]4[C@H]2[C@H]1O)C3(C)C
ZINC001077996882,C=C1C[C@]23CC[C@H]4[C@]5(C)CCC[C@]4(OC5=O)[C@]2(C)CC[C@H]1C3
ZINC001077997724,CO[C@H]1O[C@@]23C=C[C@H]4[C@]1(CC[C@@]1(C)[C@H]([C@@H](C)C/C=C/C(C)(C)OC)CC[C@]41C)[C@H]2CC[C@@H](O)C3(C)C
ZINC001077997731,CO[C@@H]1O[C@@]23C=C[C@H]4[C@]1(CC[C@@]1(C)[C@H]([C@@H](C)C/C=C/C(C)(C)OC)CC[C@]41C)[C@H]2CC[C@@H](O)C3(C)C
ZINC001077997746,COC(C)(C)c1ccc2c(c1)CC[C@@H]1[C@@](C)(C(=O)O)CCC[C@@]21C
ZINC001077997764,C=C1[C@@H](OC(C)=O)[C@@H]2[C@H](OC(C)=O)[C@H](C)C[C@@]2(OC(C)=O)[C@@]2(O)O[C@H](C(=O)[C@@H]2C)C(C)(C)[C@@H](OC(C)=O)[C@@H](OC(=O)c2ccccc2)[C@@H]1OC(C)=O
ZINC001078018412,C=C1C(=O)[C@@]23C[C@@H]1CC[C@@H]2[C@]12CO[C@H](O)[C@H]1C(C)(C)[C@H](O)C[C@H]2OC3=O
ZINC001078028122,CC1(C)[C@@H](O)CC[C@]2(C)[C@@H]1CC[C@@]1(C)[C@H]2CC[C@H]2[C@H]([C@@]3(C)CCC(=O)O3)CC[C@@]21C
ZINC001078028182,CC[C@@H](/C=C/[C@H](C)[C@@H]1CC[C@@H]2[C@H]3[C@@H](O)C=C4C[C@H](O)CC[C@@]4(C)[C@@H]3CC[C@@]12C)C(C)C
ZINC001078028184,COC(=O)[C@@]12CC[C@@]34CCCN5C[C@@H](C(=O)C3)[C@]1(c1ccccc1N2)[C@H]54
ZINC001078028203,COC(=O)C1=CC[C@]23CC[C@H]([C@](C)(/C=C/C=C(\C)C(=O)OC)OC2=O)[C@]3(OC(C)=O)CC1
ZINC001078028240,CC(=O)O[C@@H]1C[C@@H]2C(=CC[C@@H]3[C@@](C)(C(=O)O)CCC[C@@]23C)C=C1C(C)C
ZINC001078028285,CC(=O)OC[C@@H](O)[C@@]1(C)C=C2CC[C@H]3C(C)(C)[C@@H](O[C@H]4O[C@@H](CO)[C@H](O)[C@@H](O)[C@@H]4O)CC[C@]3(C)[C@H]2CC1
ZINC001078028297,COc1cc(/C=C/COC(C)=O)cc(OC)c1O[C@H]1O[C@@H](COC(C)=O)[C@H](OC(C)=O)[C@@H](OC(C)=O)[C@@H]1OC(C)=O
ZINC001078028407,C/C(C(=O)O)=C1\CC[C@H]2[C@](C)(CC[C@@]3(C)[C@H]([C@@H](C)CC/C=C(\C)C(=O)O)CC[C@]23C)[C@H]1CCC(=O)O
ZINC001078028409,CC1=CC[C@]23CC[C@H]([C@](C)(/C=C/C=C(\C)C(=O)O)OC2=O)[C@]3(O)CC1
ZINC001078028410,C[C@@H](CC[C@H]1OC(C)(C)OC1(C)C)[C@@H]1CC[C@]2(C)[C@H]3CC[C@@H]4C(C)(C)[C@H](O)CC[C@]45C[C@]35CC[C@@]12C
ZINC001078028414,C[C@@H]1C(=O)[C@@]23C[C@@H]1CC[C@@H]2[C@@]1(COC3=O)C(=O)C=CC(C)(C)[C@@H]1C=O
ZINC001078028417,CC(=O)O[C@@H]1[C@@H](OC(C)=O)[C@@]2(C)O[C@@]3(CC[C@@]2(C)[C@@H]2[C@@H](OC(=O)c4cccnc4)CC=C(C)[C@@]12C)COC(=O)C3
ZINC001078028420,C=C1CC[C@@H]2C(C)(C)[C@H](OC(C)=O)CC[C@@]2(C)[C@@H]1CC/C(C)=C/C(=O)O
ZINC001078028650,CC1(C)O[C@@H]2CC(=O)OC[C@]23[C@@H]1CC(=O)[C@@]1(C)[C@H]3CC[C@]2(C)[C@@H](C3=CC(=O)O[C@H]3O)OC(=O)[C@@H]3O[C@]312
ZINC001078028651,CC1(C)O[C@@H]2CC(=O)OC[C@]23[C@@H]1CC(=O)[C@@]1(C)[C@H]3CC[C@]2(C)[C@@H](C3=CC(=O)O[C@@H]3O)OC(=O)[C@@H]3O[C@]312
ZINC001078028657,C=C1[C@@H]2[C@@H](OC(C)=O)[C@H]3CC(=O)C(C)=C([C@H](OC(C)=O)[C@@H](OC(C)=O)[C@@]2(C)[C@H](OC(C)=O)C[C@H]1OC(=O)/C=C/c1ccccc1)C3(C)C
ZINC001078028660,C=C1CCCc2c(ccc3c2C(=O)C(=O)c2c(C)coc2-3)C(C)=CCCc2c1ccc1c2C(=O)C(=O)c2c(C)coc2-1
ZINC001078028737,CO[C@H]1C[C@@H](O[C@@H]2CC[C@]3(C)[C@H](CC[C@]45O[C@]46CC[C@H](C(C)=O)[C@]6(C)[C@@H](O)[C@H](O)[C@@H]35)C2)O[C@@H](C)[C@@H]1O[C@H]1O[C@@H](C)[C@H](O)[C@H](OC)[C@@H]1O
ZINC001078028810,C=C(C)[C@H]1CC[C@@]2(C)[C@@H](CC[C@H]3[C@H]([C@@]4(C)CC[C@@H](C(C)(C)O)O4)CC[C@@]32C)[C@]1(C)CCC(=O)O
ZINC001078028829,CCCCCCCCCCCCCCCC(=O)O[C@@H]1CC[C@]2(C)[C@H](CC[C@@]3(C)[C@H]2CC=C2[C@H]4CC(C)(C)CC[C@@]4(CO)CC[C@@]23C)C1(C)C
ZINC001079928301,CO[C@H]1C[C@@H](O[C@@H]2CC[C@]3(C)[C@H](CC[C@]45O[C@]46CC[C@H](C(C)=O)[C@]6(C)[C@@H](OC(C)=O)[C@H](OC(C)=O)[C@@H]35)C2)O[C@@H](C)[C@@H]1O[C@H]1O[C@@H](C)[C@H](O)[C@H](OC)[C@@H]1O
ZINC001079928302,COC(=O)/C(C)=C/C=C/[C@]1(C)OC(=O)[C@@]23CC=C(C)CC[C@@]2(OC(C)=O)[C@@H]1CC3
ZINC001079928303,CO[C@@H]1[C@@H](O)[C@H](C)O[C@H](O[C@@H]2CC[C@]3(C)C(=CC[C@@H]4C(=O)O[C@H]5CO[C@@]6(C)OC=C(CC[C@H]43)[C@@H]56)C2)[C@H]1O
ZINC001079928304,C/C=C1/CN(C)[C@@H]2Cc3c([nH]c4ccc(OC)cc34)C(=O)C[C@@H]1[C@H]2CO
ZINC001079928305,C[C@H]1CN2[C@@H]3C4=CCC[C@H]4CC[C@H]3[C@]3(C)OC(=O)CC[C@@]34CC[C@@H]1[C@@H]24
ZINC001079929366,C[C@@H]1O[C@H](O[C@@H]2CC[C@]3(C)[C@H](CC[C@@]4(C)[C@H]3CC=C3[C@H]5[C@H](C)[C@@H](C)CC[C@@]5(C(=O)O)CC[C@@]34C(=O)O)C2(C)C)[C@@H](O)[C@@H]2OC(C)(C)O[C@H]12
ZINC001082828313,C=C1[C@@H](O)[C@H]2[C@@H](O)[C@@H](C)C[C@]2(O)C(=O)C(C)=C[C@@H]2[C@H](C[C@H]1O)C2(C)C
ZINC001082884045,C[C@@H](C/C=C/C(C)(C)O)[C@@H]1CC[C@]2(C)[C@H]3CC[C@@H]4C(C)(C)C(=O)CC[C@]45C[C@]35CC[C@@]12C
ZINC001082884046,CC1=CC[C@H](O)[C@@]2(C)CC[C@H](C(C)(C)O)C[C@H]12
ZINC001082884047,CO[C@H]1[C@H](O)[C@@H](O[C@@H]2CC[C@]3(C)[C@@H](CC[C@]45O[C@]46CC=C(C4=CC(=O)OC4)[C@]6(C)CC[C@@H]35)C2)O[C@@H](C)[C@H]1O
ZINC001082884048,COC(=O)[C@H]1c2ccoc2C[C@@H]2[C@@H]1[C@H](OC(C)=O)C[C@]1(O)C(C)(C)CC[C@@H](OC(C)=O)[C@@]21C
ZINC001082884049,C/C=C1\CN2[C@@H]3C[C@@H]1[C@H](CO)[C@H]2Cc1c3[nH]c2ccccc12
ZINC001082910600,C=C1C(=O)[C@]23C[C@H](O)[C@H]4[C@@](C)(C(=O)O)CCC[C@]4(C)[C@@]2(O)CC[C@@H]1C3
ZINC001083040735,COC1=C[C@@H](C)O[C@H](O[C@H]2CC[C@@]3(C)C(=CC[C@H]4[C@@H]5CC[C@](O)([C@H](C)O[C@H]6C[C@@H](O)[C@H](O)[C@@H](C)O6)[C@@]5(C)CC[C@@H]43)C2)C1=O
ZINC001083040736,COC1=C[C@H](C)O[C@@H](O[C@H]2CC[C@@]3(C)C(=CC[C@H]4[C@@H]5CC[C@](O)([C@H](C)O[C@H]6C[C@@H](O)[C@H](O)[C@@H](C)O6)[C@@]5(C)CC[C@@H]43)C2)C1=O
ZINC001083040789,CC(C)C1=CC(=O)[C@@](C)([C@H]2[C@H](O)C[C@@]3(C)[C@@H]4CC=C5[C@@H](CC[C@@H](O[C@@H]6O[C@H](CO)[C@@H](O)[C@H](O)[C@H]6O[C@@H]6O[C@@H](C)[C@H](O)[C@@H](O)[C@H]6O)C5(C)C)[C@]4(C)C(=O)C[C@]23C)O1
ZINC001083776494,O=C(OC[C@@H]1O[C@H](O[C@H]2OC=C[C@@H]3[C@@H](OC(=O)c4ccc(O)cc4)[C@H]4O[C@@]4(CO)[C@@H]32)[C@@H](O)[C@H](O)[C@H]1O)c1ccc(O)cc1
ZINC001083777536,COc1ccc2ccc(=O)oc2c1/C=C/C(C)(C)OC
ZINC001453302795,CC(/C=C\C=C(/C)C(=O)O[C@@H]1O[C@H](CO[C@@H]2O[C@H](CO)[C@@H](O)[C@H](O)[C@H]2O)[C@@H](O)[C@H](O)[C@H]1O)=C\C=C\C=C(C)\C=C\C=C(/C)C(=O)O[C@@H]1O[C@H](CO[C@@H]2O[C@H](CO)[C@@H](O)[C@H](O)[C@H]2O)[C@@H](O)[C@H](O)[C@H]1O
ZINC001561512332,CC1=C[C@H](O)CC(C)(C)[C@H]1/C=C/C(C)=C/C=C\C(C)=C\C=C\C=C(C)\C=C\C=C(C)\C=C\C1=C(C)C[C@@H](O)CC1(C)C
ZINC001615811909,C=C1C(=O)O[C@@H]2C=C(C)[C@H](OC(C)=O)CC=C(COC(C)=O)C[C@@H](OC(=O)/C(C)=C/CO)[C@@H]12
ZINC001772576980,C[C@@H]1CC[C@H]2C(C)(C)[C@H](O)CC[C@]2(C)[C@@]12Cc1c(O)cc3c(c1O2)C(=O)OC3
ZINC001772580269,CC(C)(O)[C@H]1OC[C@H]([C@H]2CC[C@]3(C)C4=CC[C@H]5C(C)(C)C(=O)CC[C@]5(C)[C@H]4CC[C@@]23C)C[C@H]1O
ZINC001772588267,C[C@H]1[C@@H](O)CC[C@H]2[C@]1(C)CC[C@@]1(C)[C@@]2(C)CC[C@@]2(C)[C@@H]3CC(C)(C)CC[C@]3(C)CC[C@@]21C
ZINC001772591088,CCCCCCC/C=C/[C@@H](c1ccc(O)cc1)c1c(O)cc(OC)c(C(=O)/C=C/c2ccc(O)cc2)c1O
ZINC001772619699,CC(=O)/C=C/c1c(CO)cc(O)c2c1O[C@]1(C2)[C@H](C)CC[C@H]2C(C)(C)[C@H](O)CC[C@@]21C
ZINC001772715490,CC(/C=C\C=C(/C)C(=O)O)=C\C=C\C=C(C)\C=C\C=C(/C)C(=O)O
ZINC001772820014,C[C@H]1CC[C@@]2(OC1)O[C@H]1C[C@H]3[C@@H]4CC[C@@H]5C[C@@H](O[C@@H]6O[C@H](CO)[C@H](O)[C@H](O)[C@H]6O[C@@H]6O[C@H](CO)[C@@H](O)[C@H](O)[C@H]6O)CC[C@]5(C)[C@H]4CC[C@]3(C)[C@@H]1[C@@H]2C
ZINC001772820016,C=C1[C@@H](O)[C@@H]2[C@@H](O)[C@@H](C)C[C@]2(O)C(=O)C(C)=C[C@@H]2[C@H](C[C@H]1O)C2(C)C
ZINC001772820017,CC(C)=CCC[C@@](C)(O)[C@H]1CC[C@]2(C)[C@H]1[C@H](O)C[C@@H]1[C@@]3(C)CC[C@H](O)C(C)(C)[C@@H]3[C@@H](O[C@@H]3O[C@H](CO)[C@@H](O)[C@H](O)[C@H]3O)C[C@]12C
ZINC001772820023,C[C@H]1[C@@H]2[C@H](C[C@H]3[C@@H]4CC=C5C[C@@H](O[C@@H]6O[C@H](CO)[C@@H](O)[C@H](O)[C@H]6O)CC[C@]5(C)[C@H]4CC[C@@]32C)O[C@]12CC[C@@H](C)CO2
ZINC001772820029,CN[C@@H]1[C@@H](O)[C@@H](O[C@@H]2[C@@H](O)[C@H](O[C@H]3O[C@@H]([C@@H](C)O)[C@@H](O)[C@H](O)[C@H]3N)[C@@H](N)C[C@H]2N)OC[C@]1(C)O
ZINC001772820031,CO[C@H]1CC[C@@H](O[C@H]2C[C@H]([C@]3(C)CC[C@]4(C[C@H](O)[C@@H](C)[C@@H]([C@@H](C)/C=C(\C)C(=O)[C@H](C)C[C@H](C)C(=O)O)O4)O3)O[C@]3(O[C@H]([C@H]4O[C@@](O)(CO)[C@H](C)C[C@@H]4C)C[C@@H]3C)[C@@H]2C)O[C@@H]1C
ZINC001772820032,CO[C@H]1CC[C@@H](O[C@H]2C[C@H]([C@]3(C)CC[C@]4(C[C@H](O)[C@@H](C)[C@H]([C@@H](C)/C=C(\C)C(=O)[C@H](C)C[C@H](C)C(=O)O)O4)O3)O[C@]3(O[C@H]([C@H]4O[C@@](O)(CO)[C@H](C)C[C@@H]4C)C[C@@H]3C)[C@@H]2C)O[C@@H]1C
ZINC001772820033,CC[C@H]1[C@H]2OC(=O)[C@@H](C)[C@@H]2[C@@H]2C[C@H]([C@@H]3C[C@H](C)C(=O)O3)N3CCCC[C@H]1[C@H]23
ZINC001772820034,CC[C@H]1[C@H]2OC(=O)[C@@H](C)[C@@H]2[C@@H]2C[C@@H]([C@@H]3C[C@H](C)C(=O)O3)N3CCCC[C@H]1[C@H]23
ZINC001772820035,CC[C@@H]1[C@H]2CCCCN3[C@@H]([C@@H]4C[C@H](C)C(=O)O4)C[C@@H]([C@@H]4[C@H](C)C(=O)O[C@@H]41)[C@@H]23
ZINC001772820036,CC(=O)O[C@H](C[C@@H](C)[C@H]1C(=O)[C@H](O)[C@@]2(C)[C@@H]3CC[C@H]4C(C)(C)[C@@H](O[C@@H]5OC[C@H](O)[C@H](O)[C@H]5O)CC[C@@]45C[C@@]35CC[C@]12C)[C@H]1OC1(C)C
ZINC001772820040,CC(=O)O[C@H]1CC[C@@]2(C)[C@@H](CC[C@@H]3[C@@H]2CC[C@]2(C)[C@H]4[C@H](C[C@@H]32)O[C@]2(CC[C@@H](C)CO2)[C@H]4C)C1
ZINC001772820043,C[C@@]12C[C@H](c3ccoc3)O[C@@]13C[C@H](OC3=O)[C@H]1[C@H]3C[C@@H](C[C@H]12)OC3=O
ZINC001772820044,C=C1CC[C@H]2[C@@H](C=C(C)C(=O)[C@@]3(O)C[C@H](C)[C@H](O)[C@H]3[C@H]1O)C2(C)C
ZINC001772820046,C[C@@H]1O[C@@H](O[C@H]2[C@H](O)[C@@H](O[C@@H]3O[C@@H](C)[C@H](O)[C@@H](O)[C@H]3O)[C@H](O[C@H]3CC[C@@]4(C)C(=CC[C@H]5[C@@H]6C[C@@H]7O[C@]8(CC[C@@H](C)CO8)[C@@H](C)[C@H]7[C@@]6(C)CC[C@@H]54)C3)O[C@@H]2CO)[C@H](O)[C@H](O)[C@H]1O
ZINC001772820052,CN[C@H]1C[C@@H](N)[C@H](O)[C@@H](O[C@@H]2O[C@H](CO)[C@H](O)[C@@H]3O[C@@]4(O[C@H]23)O[C@@H]([C@@H](N)CO)[C@H](O)[C@H](O)[C@H]4O)[C@@H]1O
ZINC001772820053,CN[C@H]1C[C@@H](N)[C@H](O)[C@@H](O[C@@H]2O[C@H](CO)[C@H](O)[C@@H]3O[C@]4(O[C@H]23)O[C@@H]([C@@H](N)CO)[C@H](O)[C@H](O)[C@H]4O)[C@@H]1O
ZINC001772820055,CC(=O)OC[C@@H](OC(C)=O)[C@@]1(C)C=C2CC[C@H]3C(C)(C)[C@@H](O[C@H]4O[C@@H](CO)[C@H](O)[C@@H](O)[C@@H]4O)CC[C@]3(C)[C@H]2CC1
ZINC001772820056,COC(OC)[C@@H](CC(=O)[C@@H](O)C(C)(C)OC)[C@H]1CC[C@]2(C)C3=CC[C@H]4C(C)(C)C(=O)CC[C@]4(C)[C@H]3CC[C@@]12C
ZINC001772820057,COC(=O)C1=CO[C@@H](O[C@@H]2O[C@H](CO)[C@@H](O)[C@H](O)[C@H]2O)[C@H]2[C@@](C)(OC(C)=O)C[C@@H](OC(=O)c3ccccc3)[C@]12O
ZINC001772820058,CCCCCCCCCCCCCCCC(=O)O[C@@H]1CC[C@]2(C)[C@H](CC[C@@]3(C)[C@H]2CC=C2[C@H]4[C@H](C)[C@@H](C)CC[C@@]4(C)CC[C@@]23C)C1(C)C
ZINC001772820059,C[C@@H]1C[C@H]2O[C@]3(O[C@@H]2C(C)(C)O)[C@@H]1[C@@]1(C)CC[C@@]24C[C@@]25CC[C@H](O[C@@H]2OC[C@H](O)[C@H](O)[C@H]2O)C(C)(C)[C@@H]5CC[C@H]4[C@]1(C)[C@H]3O
ZINC001772820060,C/C=C1/CN2[C@@H]3C[C@@]45c6ccc(O)cc6N[C@]4(O3)[C@H]2C[C@H]1[C@]5(COC(C)=O)C(=O)OC
ZINC001772820061,C/C=C1/CN2[C@@H]3C[C@@]45c6ccc(O)cc6N[C@]4(O3)[C@H]2C[C@H]1[C@@]5(COC(C)=O)C(=O)OC
ZINC001772820062,CC[C@H](CC[C@@H](C)[C@H]1CC[C@H]2[C@H]3[C@H](O)C=C4C[C@@H](O[C@@H]5O[C@H](CO)[C@@H](O)[C@H](O)[C@H]5O)CC[C@]4(C)[C@H]3CC[C@@]21C)C(C)C
ZINC001772820063,COC(=O)C1=CO[C@@H](O[C@@H]2O[C@H](CO)[C@@H](OC(=O)/C=C/c3ccc(O)cc3)[C@H](O)[C@H]2O)[C@@H]2[C@@H]1CC[C@]2(C)O
ZINC001772820064,C=C1C(=O)O[C@@H]2C[C@H]3[C@]4(C)CC[C@H]([C@H](C)CC/C=C(\C)COC(C)=O)[C@@]4(C)CC[C@]34C[C@]4(CCC(=O)OC)[C@H]12
ZINC001772820065,C=C(C)[C@H]1CC[C@@]2(CO)CC[C@@]3(C)[C@@H](CC[C@H]4[C@]5(C)CC[C@@H](OC(=O)/C=C/c6ccc(O)cc6)C(C)(C)[C@H]5CC[C@@]43C)[C@H]12
ZINC001772820066,CC1(C)[C@@H](O)CC[C@@]2(C)[C@@H]3CC[C@H]4[C@]5(C)CC[C@@H](O)C(C)(C)[C@H]5CC[C@]4(C)CC3=CC[C@H]12
ZINC001772820067,CC(=O)c1c(O)c([C@@H]2O[C@H](CO)[C@@H](O)[C@H](O)[C@H]2O)c(O)c([C@@H]2O[C@H](COC(=O)/C=C/c3ccccc3)[C@@H](O)[C@H](O)[C@H]2O)c1O
ZINC001772820068,C=C(C)[C@H]1[C@H]2OC(=O)[C@H]1[C@@]1(O)[C@@H]3O[C@@H]3[C@@]3(OC(C)=O)CO[C@@H]2[C@]31C
ZINC001772820069,CC1(C)O[C@@H]2CC(=O)OC[C@]23C1=C(O)C(=O)[C@@]1(C)[C@H]3C[C@@H](O)[C@]2(C)[C@@H](c3ccoc3)OC(=O)[C@@H]3O[C@]312
ZINC001772820070,CC1(C)C(=O)C=C[C@]2(C)C1=C(O)C(=O)[C@@]1(C)[C@H]2[C@H](O)C[C@]2(C)[C@@H](c3ccoc3)C[C@@H]3O[C@]312
ZINC001772820071,CC(=O)O[C@H]1[C@H](OC(C)=O)[C@@]2(C)C(C)=CC[C@@H](OC(=O)C(C)C)[C@H]2[C@@]2(C)CC[C@]3(COC(=O)C3)O[C@@]12C
ZINC001772820072,CC(C)[C@@]1(O)[C@H](O)[C@H]2[C@@]3(O)[C@@H]4O[C@@](O)(C[C@@]2(C)[C@@]2(O)CC[C@@H](C)[C@@H]42)[C@@]13C
ZINC001772820073,CC(C)[C@@]1(O)[C@H](O)[C@H]2[C@@]3(O)[C@@H]4O[C@@](O)(C[C@@]2(C)[C@@]2(O)CC[C@@H](C)[C@H]42)[C@@]13C
ZINC001772820074,C=C(C)[C@@H]1CC[C@]2(C(=O)O)CC[C@]3(C)[C@H](CC[C@@H]4[C@@]5(C)[C@@H](C(=O)O)[C@H](OC(C)=O)C(C)(C)[C@@H]5CC[C@]43C)[C@H]12
ZINC001772820075,COC(=O)C1=CO[C@@H](O[C@@H]2O[C@H](CO)[C@@H](O)[C@H](O)[C@H]2O)[C@H]2[C@@](C)(OC(C)=O)C[C@@H](O)[C@]12O
ZINC001772820076,C=C(C)[C@H]1[C@H]2OC(=O)[C@H]1[C@@]1(O)[C@@H]3O[C@@H]3[C@@]3(O)CO[C@@H]2[C@]31C
ZINC001772820077,COC(=O)C1=CO[C@@H](O[C@@H]2O[C@H](CO)[C@@H](O)[C@H](O)[C@H]2O)[C@H]2[C@@](C)(OC(C)=O)C[C@@H](OC(=O)/C=C/c3ccccc3)[C@]12O
ZINC001772820078,CC(C)(O)[C@H]1[C@H]2OC(=O)[C@H]1[C@@]1(O)[C@@H]3O[C@@H]3[C@@]3(CO3)[C@@]1(C)[C@H]2O
ZINC001772820079,CC(=O)O[C@@H]1CC[C@]2(C)[C@H](CC[C@]3(C)CC4=CC[C@@H]5C(C)(C)[C@@H](O)CC[C@@]5(C)[C@@H]4CC[C@@H]23)C1(C)C
ZINC001772820080,C=C[C@@]12C=CCN3CC[C@]4(c5ccccc5NC(=O)[C@]4(C(=O)OC)C1)[C@H]32
ZINC001772820081,CC(C)(O)[C@@H]1CC[C@@]2(C)[C@@H]3CC[C@H]4[C@]5(C)CCCC(C)(C)[C@H]5[C@H](O)C[C@]4(C)[C@@]3(C)CC[C@H]12
ZINC001772820082,C=C[C@@]12C=CCN3CC[C@]4(c5cc(O)ccc5NC(=O)[C@]4(C(=O)OC)C1)[C@H]32
ZINC001772820083,CO[C@@H]1O[C@@](OC)([C@H]2OC2(C)C)C[C@H]1[C@H]1CC[C@]2(C)C3=CC[C@H]4C(C)(C)[C@H](O)CC[C@]4(C)[C@H]3CC[C@@]12C
ZINC001772820084,C[C@@]12C[C@H](O)C[C@@](C)(OC1=O)[C@]2(O)/C=C/C(=C\C(=O)O)CO
ZINC001772820085,C/C=C1/C[N@+]2(C)CCc3c4n(c5ccccc35)[C@@H](C(=O)O)[C@H]1C[C@@H]42
ZINC001772820086,C/C=C1/C[N@@+]2(C)CCc3c4n(c5ccccc35)[C@@H](C(=O)O)[C@H]1C[C@@H]42
ZINC001772820087,CC(=O)OC[C@@H]1O[C@H](O[C@H]2[C@H](O)[C@@H](OCCc3ccc(O)c(O)c3)O[C@@H](CO)[C@@H]2OC(=O)/C=C/c2ccc(O)c(O)c2)[C@@H](O)[C@H](O)[C@H]1O
ZINC001772820088,CC(=O)c1c(O)c([C@@H]2O[C@H](CO)[C@@H](O)[C@H](O)[C@H]2O)c(O)c([C@@H]2O[C@H](COC(=O)/C=C/c3ccc(O)cc3)[C@@H](O)[C@H](O)[C@H]2O)c1O
ZINC001772820089,CC1(C)[C@@H](O)CC[C@@]2(C)[C@H]1CCC1=C[C@](C)([C@H](O)CO)CC[C@@]12O
ZINC001772820090,CC1(C)C[C@H](O[C@H]2O[C@@H](CO)[C@H](O)[C@@H](O)[C@@H]2O)C[C@@]2(C)[C@H]1[C@@H](O)C[C@]13C[C@@H](CC[C@@H]12)[C@@](C)(O)C3
ZINC001772820091,CC[C@H]1[C@@H]2OC(=O)[C@H](C)[C@@H]2[C@H]2C[C@H]([C@@H]3C[C@H](C)C(=O)O3)N3[C@@H]4CCC[C@H]1[C@]23O4
ZINC001772820092,CC[C@H]1[C@@H]2OC(=O)[C@H](C)[C@H]2[C@H]2C[C@@H]([C@@H]3C[C@H](C)C(=O)O3)N3[C@@H]4CCC[C@H]1[C@]23O4
ZINC001772820093,CC[C@H]1[C@@H]2OC(=O)[C@H](C)[C@H]2[C@H]2C[C@H]([C@@H]3C[C@H](C)C(=O)O3)N3[C@@H]4CCC[C@H]1[C@]23O4
ZINC001772820094,C/C=C1/CN2[C@@H]3C[C@]45c6ccc(OC)cc6N[C@]4(O3)[C@@H]2C[C@H]1[C@@]5(COC(=O)c1cc(OC)c(OC)c(OC)c1)C(=O)OC
ZINC001772820095,C/C=C1/CN2[C@@H]3C[C@]45c6ccc(OC)cc6N[C@]4(O3)[C@@H]2C[C@H]1[C@]5(COC(=O)c1cc(OC)c(OC)c(OC)c1)C(=O)OC
ZINC001772820096,CC(=O)OC[C@H]1[C@@H]2C[C@@H]2[C@@]2(C)C=C3OC(=O)C(CO)=C3C[C@H]12
ZINC001772820097,C=C(C)[C@@H]1CC[C@]2(C)CC[C@]3(C)[C@H](CC[C@@H]4[C@]5(C)[C@@H](CC[C@]43C)C(C)(C)[C@H](O)C[C@H]5O)[C@H]12
ZINC001772820098,COC(=O)C1=CO[C@H](O[C@H]2O[C@@H](CO)[C@H](O)[C@@H](O)[C@@H]2O)[C@H]2[C@H](C(=O)OC)CC(=O)[C@@H]12
ZINC001772820099,COc1cc(C[C@@H](CO)[C@H](CO[C@H]2OC[C@H](O)[C@@H](O)[C@@H]2O)Cc2cc(OC)c(O)c(OC)c2)cc(OC)c1O
ZINC001772820100,CCCCCCCCCCCCCCCC(=O)O[C@@H]1CC[C@]2(C)[C@H](CC[C@@]3(C)[C@H]2CC=C2[C@H]4CC(C)(C)CC[C@@]4(C)CC[C@@]23C)C1(C)C
ZINC001772820101,COc1ccc(CCO[C@H]2O[C@@H](CO)[C@H](OC(=O)/C=C/c3ccc(O)c(OC)c3)[C@@H](O[C@H]3O[C@@H](CO)[C@H](O)[C@@H](O)[C@@H]3O)[C@@H]2O)cc1O
ZINC001772820102,CC(C)(O[C@@H]1O[C@H](CO[C@@H]2OC[C@](O)(CO)[C@H]2O)[C@@H](O)[C@H](O)[C@H]1O)[C@H]1Oc2ccc3ccc(=O)oc3c2[C@H]1O
ZINC001772820103,CO[C@@H]1OC(=O)C[C@H]1[C@H]1CC[C@]2(C)C3=CC[C@H]4C(C)(C)C(=O)CC[C@]4(C)[C@H]3CC[C@@]12C
ZINC001772820104,C=C1[C@H](OC(C)=O)[C@@H](OC(C)=O)[C@@H](OC(C)=O)C(C)(C)C=C[C@H](C)[C@H](OC(C)=O)[C@@]2(O)C[C@@](C)(OC(C)=O)[C@H](OC(=O)c3ccccc3)[C@H]2[C@H]1OC(C)=O
ZINC001772820105,CC1(C)[C@@H](O)CC[C@]2(C)[C@H]3CC[C@@](C)([C@H](O)CO)C=C3[C@H](O)C[C@@H]12
ZINC001772820106,CC(=O)O[C@H]1C[C@@]2(O)[C@@H](OC(C)=O)[C@H]3[C@]4(OC(C)=O)CO[C@@H]4C[C@H](OC(C)=O)[C@@]3(C)[C@@H](OC(C)=O)[C@H](OC(C)=O)C(=C1C)C2(C)C
ZINC001772820107,CC1(C)C(=O)CC[C@]2(C)[C@H]3CC[C@@H]4C[C@]3(CC[C@@H]12)C[C@H]4C(=O)O
ZINC001772820108,C=C1[C@@H]2CC[C@]3([C@@H]4C[C@@H]5[C@]6(C)CCC[C@@]5([C@H]3C2)[C@@H](OC6=O)O4)[C@@H]1O
ZINC001772820109,C/C=C1/CN2[C@@H]3C[C@@]45c6ccccc6N(COC)[C@]4(O3)[C@H]2C[C@H]1[C@H]5C(=O)OC
ZINC001772820110,C/C=C1/CN2[C@@H]3C[C@@]45c6ccccc6N(COC)[C@]4(O3)[C@H]2C[C@H]1[C@@H]5C(=O)OC
ZINC001772820111,CC1(C)[C@H]2CC=C3C[C@@]4(C)CC[C@@H]5C(C)(C)[C@H](O)CC[C@@]5(C)[C@@H]4CC[C@H]3[C@]2(C)CC[C@H]1O
ZINC001772820112,C[C@H]1C[C@@H]2OC(=O)[C@@H](CO)[C@H]2[C@@H]1CO
ZINC001772820113,C=C1[C@H](OC(C)=O)[C@@H](O)[C@@H](OC(=O)c2cccnc2)C(C)(C)C=C[C@H](C)[C@H](OC(C)=O)[C@@]2(O)C[C@@](C)(OC(C)=O)[C@H](OC(=O)c3ccccc3)[C@H]2[C@H]1OC(C)=O
ZINC001772820114,CC(C)(O)CC[C@@H]1OC(C)(C)O[C@@]1(C)[C@@H]1CC[C@]2(O)C3=CC(=O)[C@H]4C[C@H](O)[C@H](O)C[C@@]4(C)[C@@H]3CC[C@@]12C
ZINC001772820115,CC(=O)O[C@@H]1CC[C@]2(C)[C@H](CC[C@@]3(C)[C@H]2CCC2=C4CC(C)(C)CC[C@@]4(C)CC[C@@]23C)C1(C)C
ZINC001772820116,C=C1CC[C@@H]2[C@H]([C@@H]3[C@H]1CC[C@]3(C)[C@@H](CC(C)C)c1c(O)c(C=O)c(O)c(C=O)c1O)C2(C)C
ZINC001772820117,CC(=O)O[C@H]1C(=O)[C@@]2(C)[C@@H](CC[C@]3(C)[C@@H](c4ccoc4)OC(=O)[C@@H]4O[C@]423)[C@]23COC(=O)C[C@H]2OC(C)(C)[C@H]13
ZINC001772820118,CC(=O)O[C@H]1C[C@](C)(OC(C)=O)C[C@@H]2[C@@]1(OC(C)=O)C[C@@]1(C)[C@H](OC(C)=O)[C@@H]3[C@@H](OC(=O)c4ccccc4)[C@@H](C)C[C@]3(O)[C@H](OC(C)=O)[C@@]21C
ZINC001772820119,CC(=O)OC[C@@]12[C@@H](O)C[C@H]3OC[C@@]3(OC(C)=O)[C@@H]1[C@H](OC(=O)c1ccccc1)[C@]1(C(C)(C)O)C[C@H](O)C(C)=C1[C@@H](O)[C@@H]2O
ZINC001772820120,CC1(C)CCC[C@@]2(C)[C@@H]3C[C@@H]4CC[C@]3(C[C@@]4(C)O)[C@H](OC(=O)/C=C/c3ccccc3)C[C@H]12
ZINC001772820121,CC(C)(O)[C@@H]1CC[C@](C)([C@@H]2CC[C@@]3(C)[C@H]2[C@@H](O)C[C@H]2[C@]4(C)CCC(=O)C(C)(C)[C@H]4CC[C@@]23C)O1
ZINC001772820122,CC1(C)C(=O)CC[C@]2(C)[C@H]3CC[C@@H]4C[C@]3(CC[C@@H]12)C[C@]4(O)CO
ZINC001772820123,CC1(C)[C@@H](O)CC[C@]2(C)C3=C(CC[C@@H]12)[C@@H]1OC[C@@H](O)[C@]1(C)CC3
ZINC001772820124,C/C=C1\CN2[C@@H]3C[C@@H]1[C@@](CO)(C(=O)OC)[C@H]2Cc1c3[nH]c2ccccc12
ZINC001772820125,C/C=C1\CN2[C@@H]3C[C@@H]1[C@](CO)(C(=O)OC)[C@H]2Cc1c3[nH]c2ccccc12
ZINC001772820126,CC1(C)CCC[C@@]2(C)[C@H]1C[C@@H](O)[C@]13C[C@H](CC[C@H]21)[C@](O)(COC(=O)Cc1ccccc1)C3
ZINC001772820127,CC1(C)CC[C@@]2(C(=O)O)CC[C@@]3(C)C(=CC[C@H]4[C@]5(C)C[C@H](O)[C@H](O)[C@@](C)(CO)[C@H]5CC[C@@]43C)[C@H]2C1
ZINC001772820128,CC[C@@]12C=CCN3CC[C@]4(c5ccccc5N(C)[C@@H]4[C@](O)(C(=O)OC)[C@H]1OC(C)=O)[C@H]32
ZINC001772820129,CC(=O)O[C@@H]1C(C)=C2[C@@H](OC(C)=O)[C@H](O)[C@]3(C)[C@@H](O)C[C@H]4OC[C@@]4(OC(C)=O)[C@@H]3[C@H](OC(=O)c3ccccc3)[C@](O)([C@H]1O)C2(C)C
ZINC001772820130,C=C(C)[C@@H]1CC[C@]2(C)[C@H](CC[C@@H]3[C@H]([C@]4(C)CC[C@@](O)(C(C)(C)O)O4)CC[C@]32C)[C@@]1(C)CCC(=O)O
ZINC001772820131,C=C1C(=O)[C@@]23C[C@H]1C[C@@H](O)[C@H]2[C@]12CO[C@@H]4OC[C@](C)(CC[C@@H]1OC3=O)[C@@H]42
ZINC001772820132,C=C1C(=O)[C@@]23C[C@H]1C[C@@H](O)[C@@H]2[C@]12CO[C@@H]4OC[C@](C)(CC[C@@H]1OC3=O)[C@@H]42
ZINC001772820133,C=C1[C@H](OC(=O)C(C)C)[C@@H](O)[C@@H](OC(C)=O)C(C)(C)C=C[C@H](C)[C@H](OC(C)=O)[C@@]2(O)C[C@@](C)(OC(C)=O)[C@H](OC(=O)c3ccccc3)[C@H]2[C@H]1OC(C)=O
ZINC001772820134,CC(C)(O)CC[C@@H]1OC(C)(C)O[C@@]1(C)[C@@H]1CC[C@]2(O)C3=CC(=O)[C@H]4C[C@@H]5OC(C)(C)O[C@@H]5C[C@@]4(C)[C@@H]3CC[C@@]12C
ZINC001772820135,C=C(C)[C@@H]1CC[C@]2(C(=O)OC)CC[C@]3(CO)[C@H](CC[C@@H]4[C@@]5(C)CC[C@H](OC(C)=O)C(C)(C)[C@@H]5CC[C@]43C)[C@H]12
ZINC001772820136,CC1(C)CC[C@@]2(C(=O)O)CC[C@@]3(C)C(=CC[C@H]4[C@]5(C)CC[C@@H](O)[C@](C)(CO)[C@H]5[C@@H](O)C[C@@]43C)[C@H]2C1
ZINC001772820137,CC(=O)O[C@H]1C[C@H]2OC[C@@]2(OC(C)=O)[C@@H]2[C@H](O)[C@]3(O)[C@@H](OC(=O)c4ccccc4)[C@H](OC(C)=O)C(C)=C([C@@H](OC(C)=O)[C@H](OC(C)=O)[C@]12C)C3(C)C
ZINC001772820138,COc1cc([C@H]2OC[C@@H]3[C@H]2CO[C@H]3c2cc(OC)c(OC)c(OC)c2)cc(OC)c1O
ZINC001772820139,COC(=O)C1=CO[C@@H](O[C@@H]2O[C@H](CO)[C@@H](O)[C@H](O)[C@H]2O)[C@@H]2[C@@H]1C=C[C@@]21C=C([C@H](C)O)C(=O)O1
ZINC001772820140,CO[C@H]1O[C@](C)([C@@H]2CC[C@]3(C)[C@@H]2CC[C@@H]2[C@@]4(C)CCC(=O)C(C)(C)[C@@H]4CC[C@]23C)CCC1(C)C
ZINC001772820141,C=C(CC[C@H](C)[C@@H]1CC[C@]2(C)[C@H]3CC[C@@H]4C(C)(C)[C@H](OC(C)=O)CC[C@]45C[C@]35CC[C@@]12C)C(C)C
ZINC001772820142,C[C@H]1C(=O)O[C@@]2(C[C@@H](C)[C@]3(CC[C@@]4(C)C5=C(CC[C@@]43C)[C@@]3(C)CC[C@H](O)[C@](C)(CO)[C@@H]3CC5)O2)[C@H]1O
ZINC001772820143,COC(=O)[C@@H](O)[C@@H]1[C@@]2(C)[C@H]3CC[C@]4(C)C(=CC(=O)O[C@H]4c4ccoc4)[C@@]34OC(=O)[C@]3(O)[C@@H]4[C@@]2(O)C[C@]13C
ZINC001772820144,COC(=O)[C@@H](O)[C@H]1[C@@]2(C)[C@H]3CC[C@]4(C)C(=CC(=O)O[C@H]4c4ccoc4)[C@@]34OC(=O)[C@]3(O)[C@@H]4[C@@]2(O)C[C@]13C
ZINC001772820145,COC(=O)[C@@H](O)[C@H]1[C@@]2(C)[C@H]3CC[C@]4(C)C(=CC(=O)O[C@H]4c4ccoc4)[C@@]34OC(=O)[C@]3(O)[C@H]4[C@@]2(O)C[C@]13C
ZINC001772820146,COC(=O)[C@@H](O)[C@H]1[C@@]2(C)[C@H]3CC[C@@]4(C)[C@H](c5ccoc5)OC(=O)C[C@@]45O[C@H]4C(=O)[C@]1(C)C[C@]2(O)[C@@H]4[C@@]35O
ZINC001772820147,COC(=O)[C@@H](O)[C@H]1[C@@]2(C)[C@H]3CC[C@@]4(C)[C@H](c5ccoc5)OC(=O)C[C@@]45O[C@H]4C(=O)[C@]1(C)C[C@]2(O)[C@H]4[C@@]35O
ZINC001772820148,O[C@H]1[C@H]2c3cc4c(cc3[C@]3(O)CN5CCC[C@]25[C@H]3[C@H]1O)OCO4
ZINC001772820149,C[C@@H]1CN2C[C@H]3CCC4=C5[C@]6(CC[C@@]57C(=O)[C@@H]1C[C@@H]2[C@@]37C)C[C@H]4[C@H]1O[C@@H](O[C@@H]2O[C@H](CO)[C@@H](O)[C@H](O)[C@H]2O)[C@@H]2C(CO)=C[C@@H]3OC(=O)[C@@]16[C@@H]23
ZINC001772820150,COC(=O)[C@H]1c2cc(O)cc(C/C=C(\C)CCC=C(C)C)c2O[C@@]2(C)C=C[C@H](C(C)C)C[C@@H]12
ZINC001772820151,CC1(C)C(=O)CC[C@@]2(C)[C@H]1CC[C@]1(C)[C@@H]2CC[C@@H]2[C@H]([C@]3(C)CCC(=O)O3)CC[C@]21C
ZINC001772820152,C=C1C(=O)[C@]23C[C@H](O)[C@H]4[C@@](C)(C(=O)O[C@H]5O[C@@H](CO)[C@H](O)[C@@H](O)[C@@H]5O)CCC[C@]4(C)[C@@]2(O)CC[C@@H]1C3
ZINC001772820153,C[C@H]1CN2C[C@@H]3CC[C@]45C[C@H](C6=C4[C@]4(CC6)C(=O)[C@H]1C[C@H]2[C@]34C)[C@@H]1O[C@H](O[C@H]2O[C@@H](CO)[C@H](O)[C@@H](O)[C@@H]2O)[C@H]2C(CO)=C[C@H]3OC(=O)[C@]15[C@H]32
ZINC001772820154,C=C(C)[C@H]1CCC(C)=C[C@@H]1c1c(O)cc2occ(-c3ccc(O)cc3)c(=O)c2c1O
ZINC001772820155,CC1(C)CC[C@@]2(C(=O)O)CC[C@@]3(C)C(=CC[C@H]4[C@]5(C)CC[C@H](O)[C@](C)(CO)[C@H]5CC[C@@]43C)[C@H]2C1
ZINC001772820156,C=C1C(=O)[C@]23CC[C@H]4[C@@](C)(C(=O)O[C@H]5O[C@@H](CO)[C@H](O)[C@@H](O)[C@@H]5O)CCC[C@]4(C)[C@@]2(O)CC[C@@H]1C3
ZINC001772820157,C[C@@H]1CC[C@]2(C(=O)O)CC[C@]3(C)C(=CC[C@@H]4[C@@]5(C)[C@H](O)C(=O)C(C)(C)[C@@H]5CC[C@]43C)[C@@H]2[C@]1(C)O
ZINC001772820159,CCC(=O)[C@@H]1C[C@@H](C)[C@]2(CC[C@@]3(C)C4=C(CC[C@@]32C)[C@@]2(C)CC[C@H](O[C@@H]3O[C@H](CO[C@@H]5OC[C@H](O)[C@H](O)[C@H]5O)[C@@H](O)[C@H](O)[C@H]3O)[C@](C)(CO)[C@@H]2CC4)O1
ZINC001772820160,COc1cc(C(=O)O[C@@H]2CC[C@]3(C)[C@H](CC[C@]4(C)C5=CC[C@]6(C)CCC(C)(C)C[C@@H]6[C@@]5(C)CC[C@H]43)C2(C)C)cc(O)c1O
ZINC001772820161,C=C1C(=O)[C@]23C[C@H]1C[C@@H](OC(C)=O)[C@@H]2[C@]12CCCC(C)(C)[C@H]1[C@H](O)[C@@]3(O)OC2
ZINC001772820162,COC1=C[C@@]23CCCN2CCc2cc4c(cc2[C@H]3[C@H]1OC(C)=O)OCO4
ZINC001772820163,C[C@H]1OC(=O)C[C@@H]2C(C(=O)O)=CO[C@@H](O[C@@H]3O[C@H](COC(=O)/C=C/c4ccccc4)[C@@H](O)[C@H](O)[C@H]3O)[C@H]21
ZINC001772820164,COC(=O)C1=CO[C@@H](O)[C@@H]2[C@@H]1C[C@H](O)[C@@H]2C
ZINC001772820165,C/C=C(\C)C(=O)O[C@@H]1[C@@H]2OC[C@@]3(C)[C@@H]2[C@](C)([C@@H](O)C[C@H]3OC(C)=O)[C@H]2C[C@H](O)O[C@H]3C[C@@H](c4ccoc4)C(C)=C3[C@]12C
ZINC001772820166,C[C@H]1C(=O)O[C@@]2(C[C@@H](C)[C@]3(CC[C@@]4(C)C5=C(CC[C@@]43C)[C@@]3(C)CCC(=O)[C@](C)(CO)[C@@H]3CC5)O2)[C@H]1O
ZINC001772820167,C[C@]1(O)C[C@@H](O)[C@@H]2C(C(=O)O)=CO[C@@H](O[C@@H]3O[C@H](CO)[C@@H](O)[C@H](O)[C@H]3O)[C@H]21
ZINC001772820168,CC(C)CC(=O)O[C@H]1C=CC=CC(=O)O[C@H]2[C@@H](C)C[C@@H]3[C@]2(O)[C@H](O)[C@@]2(CO)O[C@H]2[C@H]2[C@H]4O[C@@]5(c6ccccc6)O[C@@H]([C@H](C)[C@@]23O5)[C@@]4(O)[C@](C)(O)C[C@H]2CC[C@H]1[C@H]2C
ZINC001772820169,COC(=O)[C@@H](O)[C@H]1[C@@]2(C)[C@H]3CC[C@@]4(C)[C@H](c5ccoc5)OC(=O)C[C@@]45O[C@@]4(O)C(=O)[C@]1(C)C[C@]2(O)[C@H]4[C@@]35O
ZINC001772820170,COC(=O)[C@@H](O)[C@H]1[C@@]2(C)[C@H]3CC[C@@]4(C)[C@H](c5ccoc5)OC(=O)C[C@@]45O[C@@]4(O)C(=O)[C@]1(C)C[C@]2(O)[C@@H]4[C@@]35O
ZINC001772820171,C=C1[C@H](OC(=O)/C=C(\C)CC)C[C@@H](C(C)C)[C@@H]2[C@H]1CC(=O)[C@H]2[C@@H](C)OC(C)=O
ZINC001772820173,CC[C@H]1[C@@H]2OC(=O)[C@@H](C)[C@H]2[C@H]2C[C@H]([C@@H]3C[C@H](C)C(=O)O3)N3CCCC[C@H]1[C@H]23
ZINC001772820174,CC[C@H]1[C@@H]2OC(=O)[C@@H](C)[C@H]2[C@H]2C[C@@H]([C@@H]3C[C@H](C)C(=O)O3)N3CCCC[C@H]1[C@H]23
ZINC001772820177,COC(=O)C1=CO[C@@H](O[C@H]2O[C@@H](CO)[C@H](O)[C@@H](O)[C@@H]2O)[C@@H]2[C@@H]1C=C[C@@]21C=C([C@H](C)OC(=O)/C=C/c2ccc(O[C@@H]3O[C@H](CO)[C@H](O)[C@@H](O)[C@@H]3O)cc2)C(=O)O1
ZINC001772820178,COC(=O)C1=CO[C@@H](O[C@H]2O[C@@H](CO)[C@H](O)[C@@H](O)[C@@H]2O)[C@@H]2[C@@H]1C=C[C@@]21C=C([C@H](C)OC(=O)/C=C/c2ccc(O[C@@H]3O[C@H](CO)[C@@H](O)[C@H](O)[C@@H]3O)cc2)C(=O)O1
ZINC001772820179,COC(=O)C1=CO[C@@H](O[C@H]2O[C@@H](CO)[C@H](O)[C@@H](O)[C@@H]2O)[C@@H]2[C@@H]1C=C[C@@]21C=C([C@H](C)OC(=O)/C=C/c2ccc(O[C@@H]3O[C@H](CO)[C@H](O)[C@H](O)[C@@H]3O)cc2)C(=O)O1
ZINC001772820180,COC(=O)C1=CO[C@@H](O[C@H]2O[C@@H](CO)[C@H](O)[C@@H](O)[C@@H]2O)[C@@H]2[C@@H]1C=C[C@@]21C=C([C@H](C)OC(=O)/C=C/c2ccc(O[C@@H]3O[C@H](CO)[C@@H](O)[C@@H](O)[C@@H]3O)cc2)C(=O)O1
ZINC001772820181,C=C(C)C(=O)O[C@H]1C[C@@](C)(O)[C@]2(O)CC[C@](C)(C=C3OC(=O)C(COC(C)=O)=C31)O2
ZINC001772820182,COC(=O)C[C@H]1[C@]2(C)C3=C(C)[C@H](c4ccoc4)C[C@H]3O[C@@H]2[C@@H]2OC[C@@]3(C)[C@@H]2[C@]1(C)[C@@H](OC(=O)/C=C/c1ccccc1)C[C@H]3O
ZINC001772820184,C[C@H](O)C1=C[C@@]2(C=C[C@@H]3C(C(=O)O)=CO[C@@H](O[C@@H]4O[C@H](CO)[C@@H](O)[C@H](O)[C@H]4O)[C@H]32)OC1=O
ZINC001772820185,CC(=O)OCC1=C2C(=C[C@@]3(C)CC[C@](O)(O3)[C@](C)(O)C[C@@H]2OC(C)=O)OC1=O
ZINC001772820186,C/C=C1/CN2CC[C@]34c5ccccc5N(C)[C@@]35OC[C@@]4(C(=O)OC)[C@H]1C[C@@H]25
ZINC001772820187,CO[C@H]1C[C@H](O[C@H]2CC[C@@]3(C)C(=CC[C@@H]4[C@H]3[C@H](O)[C@@H](O)[C@]3(C)[C@H]([C@@H](C)O)CC[C@]43O)C2)O[C@H](C)[C@H]1O[C@H]1C[C@H](OC)[C@H](O[C@@H]2O[C@H](C)[C@@H](O)[C@@H](OC)[C@H]2O)[C@@H](C)O1
ZINC001772820188,CO[C@H]1C[C@H](O[C@H]2CC[C@@]3(C)C(=CC[C@@H]4[C@@H]3[C@H](O)[C@@H](O)[C@]3(C)[C@H]([C@@H](C)O)CC[C@]43O)C2)O[C@H](C)[C@H]1O[C@H]1C[C@H](OC)[C@H](O[C@@H]2O[C@H](C)[C@@H](O)[C@@H](OC)[C@H]2O)[C@@H](C)O1
ZINC001772820189,C=C1C(=O)O[C@H]2C=C(C)CCC=C(C(=O)OC)[C@@H](OC(C)=O)[C@H](OC(=O)[C@@]3(C)O[C@H]3C)[C@H]12
ZINC001772820190,COC(=O)[C@@]12C=C[C@H](OC(C)=O)[C@H]3[C@@](C)(CCc4ccoc4)[C@H](C)CC[C@]31C2
ZINC001772820191,CO[C@H]1C[C@H](O[C@H]2CC[C@@]3(C)C(=CC[C@@H]4[C@@H]3[C@H](OC(C)=O)[C@@H](OC(=O)CC(C)C)[C@]3(C)[C@H]([C@@H](C)O)CC[C@]43O)C2)O[C@H](C)[C@H]1O[C@H]1C[C@H](OC)[C@H](O[C@@H]2O[C@H](C)[C@@H](O)[C@@H](OC)[C@H]2O)[C@@H](C)O1
ZINC001772820192,CO[C@H]1C[C@H](O[C@H]2CC[C@@]3(C)C(=CC[C@@H]4[C@H]3[C@H](OC(C)=O)[C@@H](OC(=O)CC(C)C)[C@]3(C)[C@H]([C@@H](C)O)CC[C@]43O)C2)O[C@H](C)[C@H]1O[C@H]1C[C@H](OC)[C@H](O[C@@H]2O[C@H](C)[C@@H](O)[C@@H](OC)[C@H]2O)[C@@H](C)O1
ZINC001772820193,CO[C@H]1C[C@H](O[C@H]2CC[C@@]3(C)C(=CC[C@@H]4[C@H]3[C@H](OC(C)=O)[C@@H](OC(=O)CC(C)C)[C@]3(C)[C@@H]([C@@H](C)O)CC[C@]43O)C2)O[C@H](C)[C@H]1O[C@H]1C[C@H](OC)[C@H](O[C@@H]2O[C@H](C)[C@@H](O)[C@@H](OC)[C@H]2O)[C@@H](C)O1
ZINC001772820194,C[C@@H]1[C@@H]2CO[C@@H](O)[C@H]3[C@H]2C[C@@H]2c4[nH]c5ccccc5c4C[C@H]3N21
ZINC001772820195,C[C@@H]1[C@@H]2CO[C@H](O)[C@H]3[C@H]2C[C@@H]2c4[nH]c5ccccc5c4C[C@H]3N21
ZINC001772820196,CCCCCCCCC/C=C/[C@@H](c1ccc(O)cc1)c1c(O)cc(OC)c(C(=O)/C=C/c2ccc(O)cc2)c1O
ZINC001772820197,C=C(C)[C@@H]1CC[C@]2(C)CC[C@]3(C)[C@H](CC[C@@H]4[C@@]5(C)C[C@@H](O)[C@H](O)C(C)(C)[C@@H]5CC[C@]43C)[C@H]12
ZINC001772820198,C=C1CC[C@H]2C(C)(C)CCC[C@]2(C(=O)O)[C@H]1C[C@H]1C(C)=CCC[C@]12C(=O)Oc1ccc3c(c12)[C@@H](OC(C)=O)C[C@H]1C(C)(C)CCC[C@]31C
ZINC001772820199,COc1cc(C(=O)O[C@@H]2C[C@](C)(O)[C@@H]3[C@H](O[C@@H]4O[C@H](CO)[C@@H](O)[C@H](O)[C@H]4O)OC=C[C@@H]23)ccc1O
ZINC001772820200,C=C(C)[C@@H]1CC[C@]2(C)CC[C@]3(C)[C@H](CC[C@@H]4[C@]5(C)[C@@H](CC[C@]43C)C(C)(C)[C@@H](OC(C)=O)C[C@H]5OC(C)=O)[C@H]12
ZINC001772820201,C=C/C(C)=C/C[C@H]1[C@]23CCCC(C)(C)[C@H]2CC[C@@]1(C)OC3=O
ZINC001772820202,CC1=C(CO)C(=O)O[C@@H]([C@@H](C)[C@H]2CC[C@H]3[C@H]4[C@H](O)C=C5CC=CC(=O)[C@]5(C)[C@H]4CC[C@@]32C)C1
ZINC001772820203,CC1=C(CO)C(=O)O[C@H]([C@@H](C)[C@H]2CC[C@H]3[C@H]4[C@H](O)C=C5CC=CC(=O)[C@]5(C)[C@H]4CC[C@@]32C)C1
ZINC001772820204,C=C/C(C)=C/C[C@@H]1C(=C)CC[C@@H]2C(C)(C)CCC[C@@]12C(=O)O
ZINC001772820205,CC(=O)O[C@H]1C[C@@H](OC(C)=O)[C@@]2(C)CO[C@H]3[C@@H](O)[C@@]4(C)C5=CC[C@@H](c6ccoc6)[C@]5(C)CC[C@@H]4[C@]1(C)[C@H]32
ZINC001772820206,C=C1C[C@@H](OC(=O)c2ccccc2)[C@@H]2[C@](C)(CO)CCC[C@]2(C)[C@H]1CC/C(C)=C/CO
ZINC001772820207,CO[C@H]1C[C@H](O[C@H]2CC[C@@]3(C)C(=CC[C@@H]4[C@H]3[C@H](OC(C)=O)[C@@H](OC(=O)CC(C)C)[C@]3(C)[C@@H](C(C)=O)CC[C@]43O)C2)O[C@H](C)[C@H]1O[C@H]1C[C@H](OC)[C@H](O[C@@H]2O[C@H](C)[C@@H](O)[C@@H](OC)[C@H]2O)[C@@H](C)O1
ZINC001772820208,C[C@@H]1[C@@H]2CO[C@H](O)[C@H]3[C@H]2C[C@@H]2c4[nH]c5ccc(O)cc5c4C[C@H]3N21
ZINC001772820209,C[C@@H]1[C@@H]2CO[C@@H](O)[C@H]3[C@H]2C[C@@H]2c4[nH]c5ccc(O)cc5c4C[C@H]3N21
ZINC001772820210,C/C=C1/CN2[C@@H]3C[C@@H]1[C@H](CO)[C@H]2Cc1c3[nH]c2ccc(OC)cc12
ZINC001772820211,C/C=C1/CN2[C@@H]3C[C@@H]1[C@@H](CO)[C@H]2Cc1c3[nH]c2ccc(OC)cc12
ZINC001772820212,C[C@H]1O[C@@H](O)[C@H]2[C@H]3C[C@H]4c5[nH]c6ccccc6c5C[C@@H]2N4[C@H](O)[C@H]31
ZINC001772820213,C[C@H]1O[C@H](O)[C@H]2[C@H]3C[C@H]4c5[nH]c6ccccc6c5C[C@@H]2N4[C@H](O)[C@H]31
ZINC001772820214,CCN1C[C@]2(COC)CC[C@H](O)[C@@]34[C@H]2[C@@H](OC)[C@@H]([C@@H]13)[C@@]1(OC(=O)c2ccccc2)C[C@H](OC)[C@H]2C[C@@H]4[C@H]1[C@H]2O
ZINC001772820215,CCN1C[C@@]2(COC)CC[C@@H](O)[C@@]34[C@@H]1[C@@H]([C@@H](OC)[C@H]32)[C@]1(O)C[C@@H](OC)[C@H]2C[C@@]4(O)[C@H]1[C@@H]2O
ZINC001772820216,CCN1C[C@]2(CO)CC[C@H](O)[C@@]34[C@H]2[C@@H](O)[C@@H]([C@@H]13)[C@@]1(O)C[C@H](OC)[C@H]2C[C@@H]4[C@H]1[C@H]2OC(=O)c1ccccc1
ZINC001772820217,CCN1C[C@]2(COC)CC[C@H](O)[C@@]34[C@H]2[C@@H](O)[C@@H]([C@@H]13)[C@@]1(O)C[C@H](OC)[C@H]2C[C@@H]4[C@H]1[C@H]2OC(=O)c1ccccc1
ZINC001772820218,C[C@@H]1O[C@@H](O[C@@H]2[C@@H](O[C@@H]3OC[C@@H](O)[C@H](O)[C@H]3O)[C@@H](O)[C@@H](C)O[C@H]2O[C@@H]2C[C@H](O)CC3=CC[C@H]4[C@@H]5C[C@@H]6O[C@]7(CC[C@@H](C)CO7)[C@@H](C)[C@H]6[C@@]5(C)CC[C@@H]4[C@]32C)[C@H](O)[C@H](O)[C@H]1O
ZINC001772820219,CC(C)[C@@H]1CC[C@@H](C)[C@H]2CC[C@@]3(C=C12)C[C@@H](c1ccccc1)c1c(O)c(C=O)c(O)c(C=O)c1O3
ZINC001772820220,CC(C)[C@@H]1CC[C@@H](C)[C@H]2CC[C@@]3(C=C12)C[C@H](c1ccccc1)c1c(O)c(C=O)c(O)c(C=O)c1O3
ZINC001772820221,CCN1C[C@@]2(COC)CC[C@@H](O)[C@@]34[C@H]5C[C@@H]6[C@H](OC)C[C@](O)([C@@H]5[C@@H]6OC(=O)c5ccccc5)[C@@H]([C@@H](OC)[C@H]32)[C@H]14
ZINC001772820222,O=C1C=C[C@@]2(O)C(=C1)OC[C@@]1(O)c3cc4c(cc3O[C@@H]21)OCO4
ZINC001772820223,CC(C)=CCc1cc(-c2coc3cc(O)c(CCO)c(O)c3c2=O)ccc1O
ZINC001772820224,C[C@@H]1O[C@@H](O[C@@H]2[C@@H](O)[C@H](O[C@@H]3OC[C@@H](O)[C@H](O)[C@H]3O)[C@@H](CO)O[C@H]2O[C@H]2CC[C@@]3(C)C(=CC[C@H]4[C@@H]5C[C@@H]6O[C@]7(CC[C@@H](C)CO7)[C@@H](C)[C@H]6[C@@]5(C)CC[C@@H]43)C2)[C@H](O)[C@H](O)[C@H]1O
ZINC001772820225,CC(=O)O[C@@H]1CC[C@@]2(C)[C@@H](CC[C@]3(C)[C@@H]2CC[C@@H]2[C@@H]4[C@H](C(C)=O)CC[C@]4(C(=O)O)CC[C@]23C)[C@]1(C)C(=O)O
ZINC001772820226,CCN1C[C@]2(CO)CC[C@H](O)[C@@]34[C@H]2[C@@H](OC)[C@@H]([C@@H]13)[C@@]1(O)C[C@H](OC)[C@H]2C[C@]4(O)[C@H]1[C@H]2O
ZINC001772820227,C=C1CC[C@H]2[C@@H](C=C(C)C(=O)[C@@]3(OC(C)=O)C[C@H](C)[C@H](OC(=O)c4ccccc4)[C@H]3[C@H]1OC(C)=O)C2(C)C
ZINC001772820228,COc1ccc([C@H]2COc3cc(OC)c(O)cc3C2)c(O)c1
ZINC001772820229,COC(C)(C)c1cc2c(o1)c(CC=C(C)C)c(O)c1c(=O)c(-c3ccc(O)c(O)c3)coc12
ZINC001772820230,CC(C)=CCC[C@](C)(O[C@@H]1O[C@H](CO)[C@@H](O)[C@H](O)[C@H]1O[C@@H]1O[C@@H](C)[C@H](O)[C@@H](O)[C@H]1O)[C@H]1CC[C@]2(C)[C@H]1[C@H](O)C[C@@H]1[C@@]3(C)CC[C@H](O)C(C)(C)[C@@H]3CC[C@]12C
ZINC001772820231,COc1ccc2c(c1)O[C@H]1[C@@]3(O)CCC(=O)C=C3OC[C@@]21O
ZINC001772820232,C=C(CO)[C@@H]1CC[C@]2(C(=O)O)CC[C@]3(C)[C@H](CC[C@@H]4[C@@]5(C)CC[C@@H](OC(C)=O)[C@@](C)(C(=O)O)[C@@H]5CC[C@]43C)[C@H]12
ZINC001772820233,CC(=O)O[C@H]1[C@H](O[C@@H]2[C@@H](O)[C@H](O[C@@H]3OC[C@@H](O)[C@H](O)[C@H]3O)[C@@H](CO)O[C@H]2O[C@H]2CC[C@@]3(C)C(=CC[C@H]4[C@@H]5C[C@@H]6O[C@]7(CC[C@@H](C)CO7)[C@@H](C)[C@H]6[C@@]5(C)CC[C@@H]43)C2)O[C@@H](C)[C@H](O)[C@H]1O
ZINC001772820234,C=C(C)[C@@H]1CC[C@]2(CO)CC[C@]3(C)[C@H](CC[C@@H]4[C@@]5(C)CC[C@H](O)[C@@](C)(CO)[C@@H]5CC[C@]43C)[C@H]12
ZINC001772820235,CC(=O)O[C@H]1CC[C@]2(C)[C@@H]3[C@@H]4O[C@@H]4[C@]4(C)C(=CC[C@@]5(C)CCC(C)(C)C[C@@H]45)[C@]3(C)CC[C@H]2C1(C)C
ZINC001772820236,CC(C)=CCc1cc(Oc2cc(=O)c3c(O)cc(O)c(CC=C(C)C)c3o2)cc(CC=C(C)C)c1O
ZINC001772820237,COC(C)(C)c1cc2c(O)c3c(=O)c(-c4ccc(O)c(O)c4)coc3c(CC=C(C)C)c2o1
ZINC001772820238,CCN1C[C@@]2(CO)CC[C@@H](O)[C@@]34[C@H]5C[C@@H]6[C@H](OC)C[C@](O)([C@@H]5[C@@H]6O)[C@@H]([C@@H](OC)[C@H]32)[C@H]14
ZINC001772820239,C=C(C=O)[C@@H]1CC[C@]2(C)CC[C@]3(C)[C@H](CC[C@@H]4[C@@]5(C)CC[C@H](O)C(C)(C)[C@@H]5CC[C@]43C)[C@H]12
ZINC001772820240,COC(=O)C1=C(CCO)C2=C(O)CC[C@@H]3CN4C[C@@H](C)[C@H]5C[C@@H]4[C@]3(C)C2=C1C5=O
ZINC001772820241,C[C@]12O[C@H]1[C@H](O)[C@]1(O)C=CO[C@@H](O[C@@H]3O[C@H](CO)[C@@H](O)[C@H](O)[C@H]3O)[C@H]12
ZINC001772820242,COC[C@@]12CC[C@H](OC)[C@@]34[C@H]1[C@@H](OC)[C@@H]([C@H]3N(C)C2)[C@@]1(OC(C)=O)[C@@H](O)[C@H](OC)[C@]2(O)C[C@@H]4[C@@H]1[C@H]2OC(=O)c1ccccc1
ZINC001772820243,O=C1C=C2OC[C@@]3(O)c4cc5c(cc4O[C@H]3[C@@]2(O)CC1)OCO5
ZINC001772820244,C=C1C([C@@H](C)[C@@H]2CC=C(C)C(=O)O2)=CC[C@@]2(C)[C@@H]3C[C@@H](OC(C)=O)[C@@H]4C(=C[C@@]3(O)C[C@@H]12)C=CC(=O)OC4(C)C
ZINC001772820245,C=C1[C@@H](OC(C)=O)[C@@H]2[C@H](OC(=O)c3ccccc3)[C@@](C)(OC(C)=O)C[C@@]2(O)[C@H](OC(C)=O)[C@H](C)C=CC(C)(C)[C@@H](OC(C)=O)[C@@H](O)[C@@H]1OC(C)=O
ZINC001772820246,C=C1[C@@H](OC(=O)/C=C/c2ccccc2)C[C@H](OC(C)=O)[C@@]2(C)[C@@H](OC(C)=O)[C@H](OC(C)=O)[C@]3(O)[C@@]4(C)OC[C@@]3(C)[C@@H](CC4=O)[C@@H](OC(C)=O)[C@H]12
ZINC001772820247,COC(=O)[C@H](CC(C)C)N1Cc2c(cc(O)c3c2O[C@]2(C3)[C@H](C)CC[C@H]3C(C)(C)[C@H](O)CC[C@@]32C)C1=O
ZINC001772820248,CC(=O)O[C@H]1CC[C@]2(C)[C@H](CC[C@@]34O[C@@H]3C3=C(C)C(=O)O[C@@]35O[C@H]5[C@@H]42)C1(C)C
ZINC001772820249,COC(=O)[C@@H](CC(C)C)N1Cc2c(cc(O)c3c2O[C@]2(C3)[C@H](C)CC[C@H]3C(C)(C)[C@H](O)CC[C@@]32C)C1=O
ZINC001772820250,C[C@@H]1C[C@H]2O[C@]3(O[C@@H]2C(C)(C)O)[C@@H]1[C@@]1(C)CC[C@@]24C[C@@]25CCC(=O)C(C)(C)[C@@H]5CC[C@H]4[C@]1(C)[C@H]3O
ZINC001772820251,CC(C)=CCc1c(O)cc2occ(-c3ccc(O)c(CCO)c3)c(=O)c2c1O
ZINC001772820252,CCN1C[C@]2(COC)CC[C@H](O)[C@@]34[C@H]2[C@@H](OC)[C@@H]([C@@H]13)[C@@]1(OC(=O)c2ccccc2)C[C@H](OC)[C@H]2C[C@]4(O)[C@H]1[C@H]2O
ZINC001772820253,C=C1C(=O)[C@@]23CC[C@@H]4[C@](C)(C(=O)O[C@@H]5O[C@H](CO)[C@@H](O)[C@H](O)[C@H]5O)CCC[C@@]4(C)[C@H]2[C@@H](O)C[C@@H]1C3
ZINC001772820254,C=C(CO)C(=O)O[C@H]1C[C@@](C)(O)[C@]2(O)CC[C@](C)(C=C3OC(=O)C(COC(C)=O)=C31)O2
ZINC001772820255,CC(=O)O[C@@H]1C2=C(C)[C@@H](O)[C@H](O)[C@@](O)([C@@H](OC(=O)c3ccccc3)[C@H]3[C@]4(OC(C)=O)CO[C@@H]4C[C@H](O)[C@@]3(C)[C@H]1O)C2(C)C
ZINC001772820256,CC(C)CC(=O)O[C@@H]1OC=C(CO[C@@H]2O[C@H](CO)[C@@H](O)[C@H](O)[C@H]2O)[C@H]2C[C@H](O)[C@@](C)(O)[C@H]12
ZINC001772820257,C[C@]12C[C@@]3(O)O[C@@H](O1)[C@]1(COC(=O)c4ccccc4)[C@H]3C[C@]12O[C@@H]1O[C@H](CO)[C@@H](O)[C@H](O)[C@H]1O
ZINC001772820258,CC(C)=CCC[C@](C)(O[C@@H]1O[C@H](CO)[C@@H](O)[C@H](O)[C@H]1O)[C@H]1CC[C@]2(C)[C@H]1[C@H](O)C[C@@H]1[C@@]3(C)CC[C@H](O)C(C)(C)[C@@H]3[C@@H](O[C@@H]3O[C@H](CO)[C@@H](O)[C@H](O)[C@H]3O[C@@H]3OC[C@@H](O)[C@H](O)[C@H]3O)C[C@]12C
ZINC001772820259,CC(C)=CCC[C@@](C)(O)[C@H]1CC[C@]2(C)[C@H]1[C@H](O)C[C@@H]1[C@@]3(C)CC[C@H](O[C@@H]4O[C@H](CO)[C@@H](O)[C@H](O)[C@H]4O[C@@H]4O[C@H](CO)[C@@H](O)[C@H](O)[C@H]4O[C@@H]4OC[C@@H](O)[C@H](O)[C@H]4O)C(C)(C)[C@@H]3CC[C@]12C
ZINC001772820260,O=C1C[C@@H](c2ccc(O)cc2)Oc2cc3occc3cc21
ZINC001772820261,CC(=O)O[C@H]1CCC(C)(C)[C@]2(O)[C@@H](OC(C)=O)[C@H](OC(C)=O)[C@H]3[C@H](CC(=O)[C@@]4(O)[C@@H](O)[C@@H](O)O[C@@]34C)[C@@]12C
ZINC001772820262,CC(=O)OC[C@]1(O)[C@@H](O)C[C@]2(O)C(COC(=O)[C@@H](OC(=O)CC(C)C)C(C)C)=CO[C@@H](OC(=O)CC(C)C)[C@@H]12
ZINC001772820263,CO[C@@H]1N=C[C@@H]2[C@H](C)N3[C@H]4C[C@H]2[C@H]1[C@@H]3Cc1c4[nH]c2ccccc12
ZINC001772820264,CC(=O)OC[C@]1(O)[C@@H](O)C[C@]2(O)C(COC(=O)[C@H](OC(=O)CC(C)C)C(C)C)=CO[C@@H](OC(=O)CC(C)C)[C@@H]12
ZINC001772820265,C=C1COC(=O)[C@]12C[C@]1(C)[C@@H](C)CC[C@H](OC(=O)/C=C\SC)[C@H]1[C@H]2OC(C)=O
ZINC001772820266,CC1(C)CCC[C@@]2(C)[C@@H]3C[C@@H]4CC[C@]3(C[C@]4(C)O)[C@H](OC(=O)/C=C/c3ccccc3)C[C@H]12
ZINC001772820267,C=C1C(=O)[C@]23[C@@H](O)C[C@H]4C(C)(C)CC[C@@H](O)[C@]4(C)[C@H]2C[C@@H](O)[C@H]1[C@@H]3O
ZINC001772820268,CC(=O)O[C@H]1C[C@]2(O)C(COC(=O)[C@H](OC(=O)CC(C)C)C(C)C)=CO[C@@H](OC(=O)CC(C)C)[C@H]2[C@@]1(O)CCl
ZINC001772820269,CC(=O)O[C@H]1CCC(C)(C)[C@]2(O)[C@@H](OC(C)=O)[C@H](OC(C)=O)[C@H]3[C@H](C[C@@]4(O)OC(=O)C=C4[C@@]3(C)O)[C@@]12C
ZINC001772820270,CC(=O)O[C@@]12CO[C@@H]1C[C@H](O[C@@H]1OC[C@@H](O)[C@H](O)[C@H]1O)[C@@]1(C)C(=O)[C@H](O)C3=C(C)[C@@H](O)C[C@@](O)([C@@H](OC(=O)c4ccccc4)[C@H]12)C3(C)C
ZINC001772820271,C=C1[C@@H](OC(=O)/C=C/c2ccccc2)C[C@H](OC(C)=O)[C@@]2(COC(=O)c3ccccc3)[C@@H](OC(C)=O)[C@H](OC(C)=O)[C@]3(O)[C@@]4(C)OC[C@@]3(C)[C@@H](CC4=O)[C@@H](OC(C)=O)[C@H]12
ZINC001772820272,C=C1COC(=O)[C@]12C[C@]1(C)[C@H](C)CCC(=O)[C@H]1[C@H]2O
ZINC001772820273,C=C1COC(=O)[C@]12C[C@@]1(C)[C@H](C(=O)CC[C@H]1C)[C@@H]2O
ZINC001772820274,C=C1COC(=O)[C@]12C[C@]1(C)[C@H](C)CCC(=O)[C@H]1[C@@H]2O
ZINC001772820275,C=C1COC(=O)[C@]12C[C@@]1(C)[C@H](C(=O)CC[C@H]1C)[C@H]2O
ZINC001772820276,COC(=O)[C@@H]1C2=CC(=O)O[C@]2(O)C[C@H]2[C@@H]1[C@@H](OC(C)=O)C[C@@]1(O)C(C)(C)CC[C@H](OC(C)=O)[C@]21C
ZINC001772820277,COC(=O)[C@@H]1c2ccoc2C[C@H]2[C@@H]1[C@@H](O)C[C@@]1(O)C(C)(C)CC[C@H](OC(C)=O)[C@]21C
ZINC001772820278,CC1(C)CC[C@H](O)[C@]2(C)[C@H]3Cc4occc4[C@@](C)(O)[C@H]3[C@@H](O)[C@H](O)[C@@]12O
ZINC001772820279,COC(=O)[C@@]12C(=O)c3ccccc3[C@@](O)(C3=C1C(=O)c1ccccc1C3=O)[C@@]21C=CC(C)(C)O1
ZINC001772820280,COC(=O)[C@@H]1c2ccoc2C[C@H]2[C@@H]1[C@@H](OC(C)=O)C[C@@]1(O)C(C)(C)CC[C@H](O)[C@]21C
ZINC001772820281,C=C(C)C(=O)O[C@H]1C[C@@H](C)[C@]2(O)CC[C@](C)(C=C3OC(=O)C(CO)=C31)O2
ZINC001772820282,CC(=O)O[C@H]1C[C@@]2(O)[C@@H](OC(C)=O)[C@@H]3[C@@](C)([C@@H](O)C[C@H](OC(C)=O)[C@]34CO4)[C@@H](O)[C@H](OC(C)=O)C(=C1C)C2(C)C
ZINC001772820283,C=C1C(=O)[C@]23C[C@H]1C[C@@H](O)[C@@H]2[C@@]12CO[C@@H](O)[C@@H]1[C@](C)(COC(C)=O)CC[C@@H]2OC3=O
ZINC001772820284,C=C1C(=O)[C@]23C[C@H]1C[C@@H](O)[C@@H]2[C@@]12CO[C@@H](O)[C@H]1[C@](C)(COC(C)=O)CC[C@@H]2OC3=O
ZINC001772820285,CC(C)=CC(=O)O[C@@H]1[C@H](OC(=O)C(C)C)c2c(ccc3ccc(=O)oc23)OC1(C)C
ZINC001772820286,CCCCCC(=O)N[C@@H](c1ccccc1)[C@@H](O)C(=O)O[C@H]1C[C@@]2(O)[C@@H](OC(=O)c3ccccc3)[C@@H]3[C@](C)(C(=O)[C@H](O)C(=C1C)C2(C)C)[C@@H](O[C@@H]1OC[C@@H](O)[C@H](O)[C@H]1O)C[C@H]1OC[C@@]31OC(C)=O
ZINC001772820287,CC(=O)O[C@H]1CCC(C)(C)[C@]2(O)[C@@H](OC(C)=O)[C@H](OC(C)=O)[C@H]3[C@H](C=C4OC(=O)C=C4[C@@]3(C)O)[C@@]12C
ZINC001772820288,C/C=C(\C)C(=O)N[C@@H](c1ccccc1)[C@@H](O)C(=O)O[C@H]1C[C@@]2(O)[C@@H](OC(=O)c3ccccc3)[C@@H]3[C@](C)(C(=O)[C@H](O)C(=C1C)C2(C)C)[C@@H](O[C@@H]1OC[C@@H](O)[C@H](O)[C@H]1O)C[C@H]1OC[C@@]31OC(C)=O
ZINC001772820289,CC1(C)CCC[C@]2(COC(=O)/C=C/c3ccccc3)[C@@H]1CC[C@@]13CC[C@@H](C[C@H]12)[C@](C)(O)C3
ZINC001772820290,C=C1[C@@H]2[C@@H](OC(C)=O)[C@H]3CC(=O)[C@]4(C)OC[C@@]3(C)[C@]4(O)[C@H](OC(C)=O)[C@@H](OC(C)=O)[C@@]2(COC(=O)c2ccccc2)[C@H](OC(C)=O)C[C@H]1O
ZINC001772820291,NC(=O)C1=C(O)c2ccccc2C(=O)C1=O
ZINC001772820292,CC(=O)O[C@H]1C[C@](C)(O)C[C@@H]2[C@@]1(OC(C)=O)C[C@@]1(C)[C@H](OC(C)=O)[C@@H]3[C@@H](OC(=O)c4ccccc4)[C@@H](C)C[C@]3(O)[C@H](OC(C)=O)[C@@]21C
ZINC001772820293,CC(=O)O[C@H]1CCC(C)(C)[C@]2(O)[C@@H](OC(C)=O)[C@H](OC(C)=O)[C@H]3[C@H](Cc4occc4[C@@]3(C)O)[C@@]12C
ZINC001772820294,CC(=O)O[C@H]1C[C@]2(O)C(COC(=O)[C@H](OC(=O)CC(C)C)C(C)C)=CO[C@@H](OC(=O)CC(C)C)[C@H]2[C@@]1(O)COC(=O)CC(C)C
ZINC001772820295,CC(=O)O[C@H]1C[C@]2(O)C(COC(=O)[C@@H](OC(=O)CC(C)C)C(C)C)=CO[C@@H](OC(=O)CC(C)C)[C@H]2[C@@]1(O)COC(=O)CC(C)C
ZINC001772820296,C/C=C1/[C@H](O[C@@H]2O[C@H](CO)[C@@H](O)[C@H](O)[C@H]2O)OC=C2C(=O)OC[C@H](C)[C@H]3[C@@H](O)C[C@H](C)[C@H]3COC(=O)C[C@H]21
ZINC001772820297,CC(=O)OCC1=C[C@H](O)[C@@H]2C[C@H](OC(C)=O)C(C)=C([C@@H](OC(C)=O)C(OC(C)=O)=C(C)[C@@H](OC(C)=O)C[C@@H]1O)C2(C)C
ZINC001772820298,C=C1COC(=O)[C@]12C[C@]1(C)[C@@H](C)CC[C@H](OC(=O)/C(C)=C\C)[C@H]1[C@H]2OC(C)=O
ZINC001772820299,C[C@@H]1CC[C@@H]2[C@H]1[C@H]1[C@@H](CC[C@]2(C)O)C1(C)C
ZINC001772820300,CO[C@H]1Oc2cc(O)ccc2[C@@H]2Oc3cc4c(cc3[C@H]12)OCO4
ZINC001772820301,COC(=O)Cc1oc(C(=O)OC)c2c(=O)c3c(O)cc(C)cc3oc12
ZINC001772820302,COc1cc([C@H](O[C@@H]2O[C@H](CO)[C@@H](O)[C@H](O)[C@H]2O)[C@H](CO)Oc2c(OC)cc(/C=C/CO)cc2OC)ccc1O
ZINC001772820303,C=C1C(=O)O[C@@H]2C=C(C)CCC=C(C)C[C@@H](OC(=O)/C(=C/COC(C)=O)CO)[C@@H]12
ZINC001772820304,CC(=O)OCC1=C[C@H](OC(C)=O)[C@@H]2C[C@H](OC(C)=O)C(C)=C([C@@H](OC(C)=O)C(OC(C)=O)=C(C)[C@@H](OC(C)=O)C[C@@H]1OC(C)=O)C2(C)C
ZINC001772820305,C=C1C(=O)O[C@@H]2C=C(C)C[C@H](O)C=C(C)C[C@@H](OC(=O)[C@H](C)CC)[C@@H]12
ZINC001772820306,C=C1[C@@H]2CN(CCO)C[C@H]3[C@H]2[C@@H](C(C)C)CC[C@@]13C
ZINC001772820307,CC(=O)OCC1=C2CCC(C)=CC[C@H](O)C(C)=C[C@H]2OC1=O
ZINC001772820308,C=C1C(=O)O[C@@H]2C=C(C)[C@@H](O)CC=C(C)C[C@@H](OC(=O)/C(C)=C/COC(C)=O)[C@@H]12
ZINC001772820309,C=C1C(=O)O[C@@H]2C=C(C)CCC=C(C=O)C[C@@H](OC(=O)/C(C)=C/CO)[C@@H]12
ZINC001772820310,CC(=O)OC[C@]1(O)C(C)=C[C@H](OC(C)=O)[C@H]2C(C)(C)CCC[C@@]21C
ZINC001772820311,CC(=O)OC[C@]1(O)C(C)=C[C@H](OC(C)=O)[C@H]2C(C)(C)CCC[C@]21C
ZINC001772820312,CC(=O)OC[C@]1(O)C(C)=C[C@H](OC(C)=O)[C@@H]2C(C)(C)CCC[C@]21C
ZINC001772820313,CC(=O)OC[C@]1(O)C(C)=C[C@H](OC(C)=O)[C@@H]2C(C)(C)CCC[C@@]21C
ZINC001772820314,CC(=O)OC1=C(C)[C@@H](OC(C)=O)C[C@H](OC(=O)/C=C/c2ccccc2)C(CO)=C[C@H](OC(C)=O)[C@@H]2C[C@H](OC(C)=O)C(C)=C([C@H]1OC(C)=O)C2(C)C
ZINC001772820315,CC(=O)OCC1=C[C@H](OC(C)=O)[C@@H]2C[C@H](OC(C)=O)C(C)=C([C@@H](OC(C)=O)C(OC(C)=O)=C(C)[C@@H](OC(C)=O)C[C@@H]1OC(=O)/C=C/c1ccccc1)C2(C)C
ZINC001772820316,C=C1C(=O)O[C@@H]2C=C(C)[C@H](OC(C)=O)CC=C(C)C[C@@H](OC(=O)/C(C)=C/CO)[C@@H]12
ZINC001772820317,C=C1C(=O)O[C@H]2C=C(C)[C@H](OC(C)=O)CC=C(C)C[C@H](OC(=O)/C(C)=C/CO)[C@H]12
ZINC001772820318,CC(C)=CC(=O)C[C@@H](C)[C@H]1C=CC(=O)CC1
ZINC001772820319,CC(=O)O[C@H]1C[C@H]2[C@@H](OC(C)=O)[C@H]3[C@]4(OC(C)=O)CO[C@@H]4C[C@H](OC(C)=O)[C@@]3(C)[C@@H](OC(C)=O)[C@H](OC(C)=O)C(=C1C)C2(C)C
ZINC001772820320,CC(C)[C@H]1C[C@@H](O)[C@@H]2[C@]3(C)CC[C@H]4C(=CC[C@H]5C(C)(C)CCC[C@@]54C)[C@@]3(C)CC[C@@]21C
ZINC001772820321,CO[C@H]1C[C@H](O[C@H]2CC[C@@]3(C)[C@@H](C2)C[C@@H]2O[C@]24[C@H]3[C@H](O)C(=O)[C@]2(C)[C@@H](C3=CC(=O)OC3)CC[C@@]24O)O[C@@H](C)[C@@H]1O
ZINC001772820322,CO[C@H]1C[C@H](O[C@H]2CC[C@@]3(C)[C@@H](C2)C[C@@H]2O[C@]24[C@@H]3[C@H](O)C(=O)[C@]2(C)[C@@H](C3=CC(=O)OC3)CC[C@]42O)O[C@@H](C)[C@@H]1O
ZINC001772820323,C/C=C1/[C@H](O[C@@H]2O[C@H](CO)[C@@H](O)[C@H](O)[C@H]2O)OC=C(C(=O)OC)[C@H]1CC(=O)OC[C@@H]1[C@@H](C)C[C@H](O)[C@H]1[C@@H](C)CO
ZINC001772820324,C/C=C1/[C@H](O[C@@H]2O[C@H](CO)[C@@H](O)[C@H](O)[C@H]2O)OC=C(C(=O)OC)[C@H]1CC(=O)OC[C@@H]1[C@@H](C)C[C@H](O)[C@@H]1[C@@H](C)CO
ZINC001772820325,CC[C@@H](C)C(=O)O[C@@H]1[C@@H](OC(C)=O)[C@]2(C)[C@H](C(C)=O)CC[C@@]23O[C@]32CC[C@H]3C[C@@H](O[C@H]4C[C@@H](OC)[C@H](O[C@@H]5O[C@H](C)[C@@H](O)[C@@H](OC)[C@H]5O)[C@@H](C)O4)CC[C@]3(C)[C@H]12
ZINC001772820326,C[C@H]1CC[C@@H]2C(C)(C)[C@@H](O)CC[C@@]2(C)[C@]12Cc1c(O)cc3c(c1O2)[C@@H](O)[C@H](c1c(CO)cc(O)c2c1O[C@@]1(C2)[C@@H](C)CC[C@@H]2C(C)(C)[C@@H](O)CC[C@]21C)C3=O
ZINC001772820327,CC(=O)OC1=C(C)[C@H](OC(C)=O)C[C@H](OC(C)=O)C(CO)=C[C@H](O)[C@H]2C[C@H](OC(C)=O)C(C)=C([C@@H]1OC(C)=O)C2(C)C
ZINC001772820328,CC(=O)OC1=C(C)[C@H](OC(C)=O)C[C@H](OC(C)=O)C(CO)=C[C@H](O)[C@H]2C[C@@H](OC(C)=O)C(C)=C([C@H]1OC(C)=O)C2(C)C
ZINC001772820329,CC(=O)OC1=C(C)[C@H](OC(C)=O)C[C@H](OC(C)=O)C(CO)=C[C@H](O)[C@H]2C[C@H](OC(C)=O)C(C)=C([C@H]1OC(C)=O)C2(C)C
ZINC001772820330,CC(=O)OC1=C(C)[C@H](OC(C)=O)C[C@H](OC(C)=O)C(CO)=C[C@H](O)[C@H]2C[C@@H](OC(C)=O)C(C)=C([C@@H]1OC(C)=O)C2(C)C
ZINC001772820331,C=C1C(=O)O[C@@H]2C=C(C)CCC=C(C)C[C@@H](OC(=O)/C(C)=C/C)[C@@H]12
ZINC001772820332,CC1(C)CCC[C@@]2(C)[C@H]1CC[C@]1(C)[C@@H]2CC[C@@H]2[C@@]3(C)CCC(=O)C(C)(C)[C@@H]3CC[C@]21C
ZINC001772820333,C[C@@H]1CC[C@]2(C(=O)O)CC[C@]3(C)C(=CC[C@@H]4[C@@]5(C)C[C@@H](O)[C@H]6OC(C)(C)OC[C@@]6(C)[C@@H]5CC[C@]43C)[C@@H]2[C@]1(C)O
ZINC001772820334,CC1=C(O)C(=O)C2=C(CCCC2(C)C)[C@]1(C)CCc1ccoc1
ZINC001772820335,C=C1[C@H]2[C@@H](O)[C@H]3[C@@H](C(C)C)CC[C@]1(C)[C@@H]3[C@@H]2O
ZINC001772820336,C=C1[C@H]2[C@@H](O)[C@@H]3[C@@H](C(C)C)CC[C@]1(C)[C@@H]3[C@@H]2O
ZINC001772820337,C=C(C)C(=O)O[C@@H]1[C@@H](OCC)C(C=O)=CCCC(CO)=C[C@H]2OC(=O)C(=C)[C@H]12
ZINC001772820338,C=C(C)[C@@H]1CC[C@]2(C(=O)O)CC[C@]3(C)[C@H](CC[C@@H]4[C@@]5(C)CC[C@@H](OC(C)=O)[C@@](C)(C(=O)O)[C@@H]5CC[C@]43C)[C@H]12
ZINC001772820339,C=C(C)[C@@H]1CC[C@]2(C(=O)O)CC[C@]3(C)[C@H](CC[C@@H]4[C@@]5(C)CC[C@@H](OC(C)=O)[C@@](C)(C(=O)O)[C@@H]5CC[C@]43C)[C@@H]12
ZINC001772820340,CC(=O)O[C@H]1C[C@H]2[C@@H](OC(C)=O)C=C3C[C@@](C)([C@@H](OC(C)=O)C[C@@H]3OC(=O)/C=C/c3ccccc3)[C@H](O)C(=O)C(=C1C)C2(C)C
ZINC001772820341,CO[C@H]1C[C@H](O[C@H]2CC[C@@]3(C)[C@H](CC[C@@H]4[C@H]3[C@H](O)C[C@]3(C)[C@@H](C5=CC(=O)OC5)CC[C@]43O)C2)O[C@H](C)[C@@H]1O
ZINC001772820342,CCCCCC(=O)N(C)[C@@H](c1ccccc1)[C@@H](O)C(=O)O[C@H]1C[C@@]2(O)[C@@H](OC(=O)c3ccccc3)[C@@H]3[C@](C)(C(=O)[C@H](OC(C)=O)C(=C1C)C2(C)C)[C@@H](O)C[C@H]1OC[C@@]31OC(C)=O
ZINC001772820343,C=C1C(=O)O[C@@H]2C=C(C)CCC=C(C)C[C@@H](OC(=O)/C(=C\C)CO)[C@@H]12
ZINC001772820344,C=C1COC(=O)[C@]12C[C@]1(C)[C@@H](C)CC[C@H](OC(=O)/C=C\SC)[C@H]1[C@H]2OC(=O)/C(C)=C\C
ZINC001772820345,CC1=C2[C@@H](OC1=O)[C@H](O)[C@]13[C@H]4C[C@@H](C(C)(C)C)[C@]15[C@@H](OC(=O)[C@@H]5O)O[C@]23C(=O)O4
ZINC001772820347,CC1=C2[C@@H](OC1=O)[C@H](O)[C@]13[C@H]4C[C@@H](C(C)(C)C)[C@@]15[C@@H](OC(=O)[C@@H]5O)O[C@]23C(=O)O4
ZINC001772820348,CC1=C2[C@@H](OC1=O)[C@H](O)[C@@]13[C@H]4C[C@@H](C(C)(C)C)[C@@]15[C@@H](OC(=O)[C@@H]5O)O[C@]23C(=O)O4
ZINC001772820349,CC(=O)O[C@H]1C[C@H]2[C@@H](OC(C)=O)C=C3C[C@](C)(C(=O)[C@H](OC(C)=O)C(=C1C)C2(C)C)[C@@H](OC(C)=O)C[C@@H]3O
ZINC001772820350,CO[C@H]1c2c(cc(O)c3c2O[C@@]2(C3)[C@@H](C)CC[C@@H]3C(C)(C)[C@@H](O)CC[C@]32C)C(=O)[C@@H]1c1c(CO)cc(O)c2c1O[C@@]1(C2)[C@@H](C)CC[C@@H]2C(C)(C)[C@@H](O)CC[C@]21C
ZINC001772820351,C=C1[C@@H]2C[C@@H]2[C@]2(C)C=C3OC(=O)C(C)=C3C[C@@]12O
ZINC001772820352,C=C1[C@@H]2C[C@@H]2[C@@]2(C)C=C3OC(=O)C(C)=C3C[C@]12O
ZINC001772820353,C=C1[C@@H]2C[C@@H]2[C@]2(C)C=C3OC(=O)C(C)=C3C[C@]12O
ZINC001772820354,C=C1[C@@H]2C[C@@H]2[C@@]2(C)C=C3OC(=O)C(C)=C3C[C@@]12O
ZINC001772820355,C/C=C1/CC[C@@H]2C3=C(CC[C@@]12C)[C@]1(C)CCC(=O)[C@H](C)[C@H]1CC3
ZINC001772820356,C/C=C1/[C@H](O[C@@H]2O[C@H](CO)[C@@H](O)[C@H](O)[C@H]2O)OC=C(C(=O)OC)[C@H]1CC(=O)O[C@H]1C[C@H](C)[C@H]2COC(=O)C[C@@H]3C(=CO[C@@H](O[C@@H]4O[C@H](CO)[C@@H](O)[C@H](O)[C@H]4O)/C3=C/C)C(=O)OC[C@H](C)[C@@H]12
ZINC001772820357,C=C1[C@@H](O)C[C@H](OC(C)=O)[C@@]2(C)[C@@H](OC(C)=O)[C@H](OC(C)=O)[C@]3(O)[C@@]4(C)OC[C@@]3(C)[C@@H](CC4=O)[C@@H](OC(C)=O)[C@H]12
ZINC001772820358,C=C1COC(=O)[C@]12C[C@]1(C)[C@@H](C)CC[C@H](OC(=O)/C=C\[S@@](C)=O)[C@H]1[C@H]2OC(C)=O
ZINC001772820359,CCOCC1=C2C(=C[C@@]3(C)CC[C@](O)(O3)[C@](C)(O)C[C@@H]2O)OC1=O
ZINC001772820360,CC(=O)OCC1=CC[C@H]2[C@@H]3[C@H]1[C@]2(C)CC[C@@H]3C(C)C
ZINC001772820361,CC(=O)OCC1=CC[C@H]2[C@H]3[C@H](C(C)C)CC[C@@]2(C)[C@@H]13
ZINC001772820362,C=C(C)[C@@H]1CC[C@]2(C)[C@H](CC[C@@H]3[C@@H]4[C@H](C(=C)C)CC[C@]4(C(=O)O)CC[C@]32C)[C@@]1(C)CCC(=O)O
ZINC001772820363,CC(=O)O[C@H]1C(=O)[C@]2(C)[C@@H](O)C[C@H]3OC[C@@]3(OC(C)=O)[C@@H]2[C@H](OC(=O)c2ccccc2)[C@]2(O)C[C@H](OC(=O)/C=C/c3ccccc3)C(C)=C1C2(C)C
ZINC001772820364,COC(=O)C1=CO[C@@H](O[C@@H]2O[C@H](CO)[C@@H](O)[C@H](O)[C@H]2O)[C@H]2[C@@H](C)CC(=O)[C@]12O
ZINC001772820365,C=C1[C@@H]([C@@H]2C[C@@H](O)C(=O)O2)[C@H]2[C@H](CO)[C@@]1(C)CC[C@@H]2C(C)C
ZINC001772820366,C=C1[C@H]([C@@H]2C[C@@H](O)C(=O)O2)[C@H]2[C@H](CO)[C@@]1(C)CC[C@@H]2C(C)C
ZINC001772820367,CC(=O)OCC1=C[C@H](OC(C)=O)[C@@H]2C[C@H](OC(C)=O)C(C)=C([C@@H](OC(C)=O)C(OC(C)=O)=C(C)[C@@H](OC(C)=O)C[C@@H]1O)C2(C)C
ZINC001772820368,C[C@H](O)C1=C(Cc2ccoc2)C(=O)[C@]2(C)CCCC(C)(C)[C@@H]2C1
ZINC001772820369,C[C@H](O)C1=C(Cc2ccoc2)C(=O)[C@]2(C)CCCC(C)(C)[C@H]2C1
ZINC001772820370,C[C@H](O)C1=C(Cc2ccoc2)C(=O)[C@@]2(C)CCCC(C)(C)[C@H]2C1
ZINC001772820371,C/C=C1\[C@@H]2CC(=O)OC[C@@H]3[C@@H](C)C[C@H](O)[C@]3(O)[C@@H](C)COC(=O)C2=CO[C@@H]1O[C@H]1O[C@@H](CO)[C@H](O)[C@@H](O)[C@@H]1O
ZINC001772820372,C/C=C1\[C@@H]2CC(=O)OC[C@@H]3[C@@H](C)C[C@@H](O)[C@@]3(O)[C@@H](C)COC(=O)C2=CO[C@@H]1O[C@H]1O[C@@H](CO)[C@H](O)[C@@H](O)[C@@H]1O
ZINC001772820373,C/C=C1\[C@@H]2CC(=O)OC[C@@H]3[C@@H](C)C[C@@H](O)[C@]3(O)[C@@H](C)COC(=O)C2=CO[C@@H]1O[C@H]1O[C@@H](CO)[C@H](O)[C@@H](O)[C@@H]1O
ZINC001772820374,C/C=C1\[C@@H]2CC(=O)OC[C@@H]3[C@@H](C)C[C@H](O)[C@@]3(O)[C@@H](C)COC(=O)C2=CO[C@@H]1O[C@H]1O[C@@H](CO)[C@H](O)[C@@H](O)[C@@H]1O
ZINC001772820375,C/C=C1\CN(C)[C@H]2Cc3c([nH]c4ccccc34)[C@H](c3c(OC)ccc4c5c([nH]c34)[C@@]3(C(=O)OC)C[C@H]4C[C@H](CC)[C@H]3N(CC5)C4)C[C@H]1[C@@H]2C(=O)OC
ZINC001772820376,C/C=C1\CN(C)[C@H]2Cc3c([nH]c4ccccc34)[C@H](c3c(OC)ccc4c5c([nH]c34)[C@@]3(C(=O)OC)C[C@H]4C[C@@H](CC)[C@H]3N(CC5)C4)C[C@H]1[C@@H]2C(=O)OC
ZINC001772820377,C/C=C1\CN(C)[C@H]2Cc3c([nH]c4ccccc34)[C@H](c3c(OC)ccc4c5c([nH]c34)[C@@]3(C(=O)OC)C[C@H]4C[C@@H](CC)[C@H]3N(CC5)C4)C[C@H]1[C@H]2C(=O)OC
ZINC001772820378,C/C=C1\CN(C)[C@H]2Cc3c([nH]c4ccccc34)[C@H](c3c(OC)ccc4c5c([nH]c34)[C@@]3(C(=O)OC)C[C@H]4C[C@H](CC)[C@H]3N(CC5)C4)C[C@H]1[C@H]2C(=O)OC
ZINC001772820379,CO[C@H]1c2c(ccc3ccc(=O)oc23)OC(C)(C)[C@H]1OC(=O)c1ccccc1
ZINC001772820380,CO[C@H]1c2c(ccc3ccc(=O)oc23)OC(C)(C)[C@@H]1OC(=O)c1ccccc1
ZINC001772820381,CO[C@@H]1c2c(ccc3ccc(=O)oc23)OC(C)(C)[C@@H]1OC(=O)c1ccccc1
ZINC001772820382,CC(=O)OCC1=C[C@H](O)[C@@H]2C[C@H](OC(C)=O)C(C)=C([C@@H](OC(C)=O)C(OC(C)=O)=C(C)[C@@H](OC(C)=O)C[C@@H]1OC(=O)/C=C/c1ccccc1)C2(C)C
ZINC001772820383,C=C1C(=O)O[C@@H]2C=C(C)CCC=C(C)C[C@@H](OC(=O)c3ccoc3)[C@@H]12
ZINC001772820384,CC(C)=CC(=O)C[C@@H](C)[C@@H]1C[C@@H]2OO[C@H]1C=C2C
ZINC001772820385,CC1=C(C)C(=O)O[C@H]([C@](C)(O)[C@]2(O)CC[C@@]3(O)[C@@H]4C[C@H]5O[C@]56[C@@H](O)[C@@H](O)CC(=O)[C@]6(C)[C@H]4CC[C@]23C)C1
ZINC001772820386,CC(C)=CC(=O)C[C@@H](C)[C@H]1C[C@@H]2OO[C@H]1C=C2C
ZINC001772820387,C=C(CCC=C(C)C)[C@H]1CC[C@@](C)(O)C[C@H]1c1c(C)cc(O)cc1O
ZINC001772820388,COc1cc(C[C@@H](CO[C@H]2O[C@@H](CO)[C@H](O)[C@@H](O)[C@@H]2O)[C@H](CO[C@H]2O[C@@H](CO)[C@H](O)[C@@H](O)[C@@H]2O)Cc2ccc(O)c(OC)c2)ccc1O
ZINC001772820389,COc1cc([C@H]2Oc3ccc4ccc(=O)oc4c3O[C@@H]2C)ccc1O
ZINC001772820390,COC(=O)[C@@]12OC[C@]34[C@@H]([C@@H](O)[C@@H]1O)[C@@]1(C)C=C(O[C@@H]5O[C@H](CO)[C@@H](O)[C@H](O)[C@H]5O)C(=O)[C@@H](C)[C@@H]1C[C@H]3OC(=O)[C@H](OC(C)=O)[C@@H]24
ZINC001772820391,C=C1C(=O)O[C@H]2[C@H]1CC[C@](C)(O)[C@]1(O)C=C[C@](C)(O)[C@@H]21
ZINC001772820392,COc1ccc([C@H]2O[C@@H](C(=O)O[C@H]3C[C@@]4(O)[C@@H](OC(=O)c5ccccc5)[C@H]5[C@](C)(C(=O)[C@H](O)C(=C3C)C4(C)C)[C@@H](O)C[C@H]3OC[C@]35OC(C)=O)[C@H](c3ccccc3)N2C(=O)OC(C)(C)C)cc1
ZINC001772820393,C[C@]1(OC(=O)c2ccccc2)C[C@@H](O)[C@]2(O)C=CO[C@@H](O[C@@H]3O[C@H](CO)[C@@H](O)[C@H](O)[C@H]3O)[C@@H]12
ZINC001772820394,CCCC(=O)N[C@@H](c1ccccc1)[C@@H](O)C(=O)O[C@H]1C[C@@]2(O)[C@@H](OC(=O)c3ccccc3)[C@@H]3[C@](C)(C(=O)[C@H](OC(C)=O)C(=C1C)C2(C)C)[C@@H](O)C[C@H]1OC[C@@]31OC(C)=O
ZINC001772820395,COc1ccc([C@@H]2O[C@@H](C(=O)O[C@H]3C[C@@]4(O)[C@@H](OC(=O)c5ccccc5)[C@H]5[C@](C)(C(=O)[C@H](O)C(=C3C)C4(C)C)[C@@H](O)C[C@H]3OC[C@]35OC(C)=O)[C@H](c3ccccc3)N2C(=O)OC(C)(C)C)cc1
ZINC001772820396,COc1ccc([C@H]2O[C@@H](C(=O)O[C@H]3C[C@@]4(O)[C@@H](OC(=O)c5ccccc5)[C@@H]5[C@](C)(C(=O)[C@H](O)C(=C3C)C4(C)C)[C@@H](O)C[C@H]3OC[C@@]53OC(C)=O)[C@H](c3ccccc3)N2C(=O)OC(C)(C)C)cc1
ZINC001772820397,C=C1C(=O)O[C@@H]2C[C@@]3(C)CCC[C@@](C)(O)[C@H]3[C@@H](O)[C@H]12
ZINC001772820398,COc1ccc([C@@H]2O[C@@H](C(=O)O[C@H]3C[C@@]4(O)[C@@H](OC(=O)c5ccccc5)[C@@H]5[C@](C)(C(=O)[C@H](O)C(=C3C)C4(C)C)[C@@H](O)C[C@H]3OC[C@@]53OC(C)=O)[C@H](c3ccccc3)N2C(=O)OC(C)(C)C)cc1
ZINC001772820399,CC(=O)O[C@H]1C[C@@]2(O)[C@@H](OC(=O)c3ccccc3)[C@H]3[C@]4(OC(C)=O)CO[C@@H]4C[C@@H](OC(C)=O)[C@@]3(C)[C@@H](OC(C)=O)[C@@H](OC(C)=O)C(=C1C)C2(C)C
ZINC001772820400,C=C(C)[C@@H]1CC[C@]2(C)CC[C@]3(C)[C@H](C[C@H](O)[C@@H]4[C@@]5(C)CC[C@H](O)C(C)(C)[C@@H]5CC[C@]43C)[C@H]12
ZINC001772820401,C=C(C)[C@@H]1CC[C@]2(C)CC[C@]3(C)[C@H](C[C@H](O)[C@H]4[C@@]5(C)CC[C@H](O)C(C)(C)[C@@H]5CC[C@]43C)[C@H]12
ZINC001772820402,C=C(C)[C@@H]1CC[C@]2(C)CC[C@]3(C)[C@H](C[C@H](O)[C@H]4[C@@]5(C)CC[C@H](O)C(C)(C)[C@@H]5CC[C@]43C)[C@@H]12
ZINC001772820403,CC(=O)OC1=C(C)[C@@H](OC(C)=O)C[C@H](O)C(CO)=C[C@H](OC(C)=O)[C@@H]2C[C@H](OC(C)=O)C(C)=C([C@H]1OC(C)=O)C2(C)C
ZINC001772820404,C=C1COC(=O)[C@]12C[C@]1(C)[C@@H](C)CC[C@H](O)[C@H]1[C@H]2O
ZINC001772820405,C[C@@H]1CCC=C2C(=O)C[C@@H](O)[C@H](C(C)(C)O)[C@]21C
ZINC001772820406,C[C@@]12C[C@@]3(O)O[C@@H](O1)[C@]1(CO)[C@H]3C[C@]21O[C@@H]1O[C@H](COC(=O)c2cc(O)c(O)c(O)c2)[C@@H](O)[C@H](O)[C@H]1O
ZINC001772820407,C=C(C)[C@H](CC=C(C)C)Cc1c(O)cc(O)c2c1O[C@@H](c1cc3c(cc1O)O[C@@H](c1ccc(O)cc1)[C@@H]3c1cc(O)cc(O)c1)CC2=O
ZINC001772820408,CCN1C[C@@]2(COC)[C@H]3[C@@H](OC)[C@H]4[C@@H]1[C@@]3([C@@H](OC)C[C@H]2O)[C@@H]1C[C@@]2(O)[C@@H](OC)C[C@@]4(O)[C@H]1[C@H]2OC(=O)c1ccc(OC)cc1
ZINC001772820409,CC(=O)OC[C@@H](C)C1=C(O)C2=C(C(=O)C1=O)[C@@]1(C)CCCC(C)(C)[C@@H]1C[C@H]2OC(C)=O
ZINC001772820410,CC(=O)OC[C@H](C)C1=C(O)C2=C(C(=O)C1=O)[C@@]1(C)CCCC(C)(C)[C@@H]1C[C@H]2OC(C)=O
ZINC001772820411,CCN1C[C@]2(C)C=C[C@H](O)[C@@]34[C@H]2[C@H](O)[C@](O)([C@@H]13)[C@@]1(O)C[C@H](OC)[C@H]2C[C@@H]4[C@H]1[C@H]2O
ZINC001772820412,C[C@H]1CC[C@@]2(OC1)O[C@H]1C[C@H]3[C@@H]4CC[C@]5(O)[C@@H](O)[C@@H](O)C[C@@H](O)[C@]5(C)[C@H]4CC[C@]3(C)[C@@H]1[C@@H]2C
ZINC001772820413,CC(=O)OC[C@H](C)C1=C(O)C2=C(C(=O)C1=O)[C@@]1(C)CCCC(C)(C)[C@@H]1[C@H](O)[C@H]2OC(C)=O
ZINC001772820414,CC(=O)OC[C@@H](C)C1=C(O)C2=C(C(=O)C1=O)[C@@]1(C)CCCC(C)(C)[C@@H]1[C@H](O)[C@H]2OC(C)=O
ZINC001772820415,C=C(C)C(=O)O[C@@H]1[C@H]2C(=C)C(=O)O[C@H]2[C@@H](OC(C)=O)[C@@]2(C)[C@H](OC(C)=O)CC[C@@](C)(O)[C@@H]12
ZINC001772820416,CC(=O)O[C@H]1C[C@H](O)[C@]2(CO2)[C@@H]2[C@H](OC(C)=O)[C@]3(C(C)(C)O)C[C@H](O)C(C)=C3[C@@H](O)[C@H](OC(=O)c3ccccc3)[C@]12C
ZINC001772820417,C[C@@H]1CCC(=O)C2=CC(=O)[C@@H]3[C@@H](C3(C)C)[C@]21C
ZINC001772820418,CC(C)=C[C@H]1C[C@H]([C@@H]2CC[C@]3(C)C4=CC[C@H]5C(C)(C)C(=O)CC[C@]5(C)[C@H]4CC[C@@]23C)CO1
ZINC001772820419,C[C@@]1(O)C[C@@]23CC[C@@H]4[C@@]5(C)CCC[C@@]4(C(=O)OC5)[C@@H]2CC[C@H]1C3
ZINC001772820420,CCN1C[C@]2(COC(=O)c3ccccc3NC(C)=O)CC[C@H](OC)[C@]34[C@H]5C[C@H]6[C@@H](OC)C[C@@](O)([C@@H]5[C@H]6O)[C@](O)([C@@H](OC)[C@H]23)[C@@H]14
ZINC001772820421,CC(=O)[C@@H]1CC[C@]2(C)CC[C@]3(C)[C@H](CC[C@@H]4[C@@]5(C)CCCC(C)(C)[C@@H]5CC[C@]43C)[C@H]12
ZINC001772820422,CCCCCCCCC/C=C/CCC[C@@H](O)[C@@H](O)[C@H](CO)NC(=O)[C@H](O)[C@@H](O)CCCCCCCCCCCCCCCCCCCCC
ZINC001772820423,CC(=O)OCCC[C@H](C)C1=C(C)C[C@H]2OC(=O)[C@@]3(C[C@]45C(=C(C)[C@H]3[C@@H]4OC(C)=O)C[C@H]3[C@H](C[C@@H]5C)OC(=O)[C@H]3C)[C@H]2[C@@H]1O
ZINC001772820424,CCCCCCCCC/C=C/CCC[C@@H](O)[C@@H](O)[C@H](CO)NC(=O)[C@@H](O)[C@@H](O)CCCCCCCCCCCCCCCCCCCCC
ZINC001772820425,CCCCCCCCC/C=C/CCC[C@@H](O)[C@@H](O)[C@H](CO)NC(=O)[C@@H](O)[C@H](O)CCCCCCCCCCCCCCCCCCCCC
ZINC001772820426,CO[C@H]1C[C@H](O[C@H]2[C@@H](O)C[C@H](O[C@H]3CC[C@@]4(C)C(=CC[C@]5(O)[C@@H]4C[C@@H](OC(=O)/C=C(\C)C(C)C)[C@]4(C)[C@](O)(C(C)=O)CC[C@]54O)C3)O[C@@H]2C)O[C@H](C)[C@H]1O[C@H]1C[C@@H](OC)[C@H](O)[C@@H](C)O1
ZINC001772820427,CC(=O)OCCC[C@H](C)C1=C(C)C[C@H]2OC(=O)[C@@]3(C[C@]45C(=C(C)[C@H]3[C@@H]4OC(C)=O)C[C@H]3[C@H](C[C@@H]5C)OC(=O)[C@H]3C)[C@@H]2[C@@H]1O
ZINC001772820428,C/C=C1/[C@H](O[C@@H]2O[C@H](CO)[C@@H](O)[C@H](O)[C@H]2O)OC=C(C(=O)OC)[C@H]1CC(=O)OC[C@H](C)[C@H]1C[C@H]2OC(=O)C3=CO[C@@H](O[C@@H]4O[C@H](CO)[C@@H](O)[C@H](O)[C@H]4O)/C(=C/C)[C@@H]3CC(=O)OC[C@@H]1[C@H]2C
ZINC001772820429,C/C=C1/[C@H](O[C@@H]2O[C@H](CO)[C@@H](O)[C@H](O)[C@H]2O)OC=C(C(=O)OC)[C@H]1CC(=O)OC[C@H](C)[C@@H]1C[C@H]2OC(=O)C3=CO[C@@H](O[C@@H]4O[C@H](CO)[C@@H](O)[C@H](O)[C@H]4O)/C(=C/C)[C@@H]3CC(=O)OC[C@@H]1[C@H]2C
ZINC001772820430,CC1=CCC[C@@H]2[C@]1(C)CC[C@H]1[C@@]2(C=O)CC[C@@]2(C)[C@@H]3CC[C@H](C(C)C)[C@@]3(C)CC[C@]12C
ZINC001772820431,COC(=O)[C@@]12OC[C@]34[C@@H]([C@@H](O)[C@@H]1O)[C@@]1(C)C=C(O[C@@H]5O[C@H](CO)[C@@H](O)[C@H](O)[C@H]5O)C(=O)[C@@H](C)[C@@H]1C[C@H]3OC(=O)[C@H](OC(=O)/C=C(\C)C(C)(C)O)[C@@H]24
ZINC001772820432,C=C1[C@@H]2C[C@H](OC(C)=O)[C@@H]3[C@]4(C)[C@@H](OC(C)=O)C[C@H](O)C(C)(C)[C@H]4[C@@H](OC(C)=O)[C@H](OC(C)=O)[C@]3(C2)[C@@H]1OC(C)=O
ZINC001772820433,COC[C@]12CN(C)[C@H]3[C@@H]4[C@H](OC)[C@H]1[C@]3([C@@H](OC)C[C@H]2O)[C@@H]1C[C@@]2(O)[C@@H](OC)[C@H](O)[C@@]4(OC(C)=O)[C@H]1[C@H]2OC(=O)c1ccccc1
ZINC001772820434,COC(=O)[C@@]12OC[C@]34[C@@H]([C@@H](O)[C@@H]1O)[C@@]1(C)CC(=O)C(O)=C(C)[C@@H]1C[C@H]3OC(=O)[C@H](OC(=O)/C=C(\C)C(C)C)[C@H]24
ZINC001772820435,CC(=O)OCC1=C[C@H](OC(C)=O)[C@@H]2C[C@H](O)C(C)=C([C@@H](OC(C)=O)C(OC(C)=O)=C(C)[C@@H](OC(C)=O)C[C@@H]1O)C2(C)C
ZINC001772820436,CC(C)=CCC[C@H](C)[C@@H]1CC(=O)C(C)=C[C@@H]1O
ZINC001772820437,CC1=CC(=O)[C@@H](O)[C@@]2(C)[C@H]1C[C@H]1OC(=O)[C@H](O)[C@@]3(O)[C@@]4(C)OC[C@]13[C@H]2[C@@H](O)[C@@H]4O
ZINC001772820438,CC(C)[C@H]1CC(=O)[C@H]2[C@]3(C)CC[C@H]4C(=CC[C@H]5C(C)(C)CCC[C@@]54C)[C@@]3(C)CC[C@]12C
ZINC001772820439,C=C1[C@@H]2C(=O)OC[C@H]3[C@H]2[C@@H](C(C)C)CC[C@@]13C
ZINC001772820440,CC1=CC(=O)[C@H](O)[C@@]2(C)[C@H]1C[C@H]1OC(=O)[C@H](O)[C@@]3(O)[C@]4(C)OC[C@]13[C@H]2[C@@H](O)[C@@H]4O
ZINC001772820441,CC1=C(C)C(=O)O[C@H]([C@](C)(O)[C@]2(O)CC[C@@]3(O)[C@@H]4C[C@@H](O)[C@@]5(Cl)CC=CC(=O)[C@]5(C)[C@H]4CC[C@]23C)C1
ZINC001772820442,C=C1[C@@H](O)C[C@H](OC(C)=O)[C@@]2(COC(=O)c3ccccc3)[C@@H](OC(C)=O)[C@H](OC(C)=O)[C@]3(O)[C@@]4(C)OC[C@@]3(C)[C@@H]([C@@H](CO)C4=O)[C@@H](OC(C)=O)[C@H]12
ZINC001772820443,C=C1C(=O)O[C@@H]2C=C(C)CCC=C(COC(C)=O)C[C@@H](OC(=O)/C(C)=C/CO)[C@@H]12
ZINC001772820444,C=C1C(=O)O[C@H]2[C@H]1CC[C@@](C)(O)[C@]13C=C[C@](C)([C@@H]21)[C@@]1(C3)C(=O)O[C@H]2[C@H]1CC[C@]1(C)O[C@@]13CC=C(C)[C@H]23
ZINC001772820445,C=C(C)[C@@H](O)CC/C(C)=C/CC/C(C)=C/Cc1c(C)cc(O)cc1O
ZINC001772820446,C=C1[C@H](CO)[C@H]2[C@H](CO)[C@@]1(C)CC[C@@H]2C(C)C
ZINC001772820447,C[C@@H]1CC[C@@]2(C)[C@H](C)C[C@H](O)C[C@]23CC[C@@H](C(C)(C)O)[C@H](c2cc4ccccc4[nH]2)[C@H]13
ZINC001772820448,C=C1C(=O)[C@]23C[C@H]1C[C@@H](O)[C@@H]2[C@@]1(CCCC(C)(C)[C@H]1C=O)COC3=O
ZINC001772820449,C=C1C(=O)O[C@@H]2CC(C)=C([C@@H](C)CCCOC(C)=O)[C@@H](OC(=O)[C@H](C)CC)[C@H]12
ZINC001772820450,C[C@@H]1CC[C@@]2(C)[C@H](C)C[C@H](O)C[C@]23CC[C@@H](C(C)(C)O)[C@H](c2cc4ccccc4[nH]2)[C@@H]13
ZINC001772820451,COC(=O)[C@H](Cc1ccccc1)N1Cc2c(cc(O)c3c2O[C@]2(C3)[C@H](C)CC[C@H]3C(C)(C)[C@H](O)CC[C@@]32C)C1=O
ZINC001772820452,COC(=O)[C@@]12OC[C@@]34[C@@H](C[C@H]5C(C)=C(O)C(=O)C[C@]5(C)[C@H]3[C@@H](O)[C@@H]1O)OC(=O)[C@H](OC(=O)CC(C)C)[C@H]24
ZINC001772820453,COC(=O)[C@@]12OC[C@]34[C@@H]([C@@H](O)[C@@H]1O)[C@@]1(C)CC(=O)C(O)=C(C)[C@@H]1C[C@H]3OC(=O)[C@H](OC(=O)CC(C)C)[C@H]24
ZINC001772820454,COC(=O)[C@@H](Cc1ccccc1)N1Cc2c(cc(O)c3c2O[C@]2(C3)[C@H](C)CC[C@H]3C(C)(C)[C@H](O)CC[C@@]32C)C1=O
ZINC001772820455,C[C@@H]1O[C@@H](O[C@H]2[C@@H](O)[C@@H](O[C@@H]3O[C@H](CO)[C@H](O)[C@H]3O)[C@H](CO)O[C@H]2O[C@@H]2CC[C@@]3(C)C(=CC[C@H]4[C@@H]5C[C@@H]6O[C@]7(CC[C@@H](C)CO7)[C@@H](C)[C@@H]6[C@@]5(C)CC[C@@H]43)C2)[C@H](O)[C@H](O)[C@@H]1O
ZINC001772820456,C=C1C(=O)O[C@@H]2C=C(C)C[C@H](O)C=C(C)C[C@@H](OC(=O)/C(C)=C/C)[C@@H]12
ZINC001772820457,C=C1C(=O)O[C@@H]2C=C(C)C[C@H](O)C=C(C)C[C@@H](OC(=O)/C(C)=C\C)[C@@H]12
ZINC001772820458,C[C@@H]1O[C@@H](O[C@H]2[C@@H](O)[C@@H](O[C@@H]3O[C@H](CO)[C@H](O)[C@H]3O)[C@H](CO)O[C@H]2O[C@H]2CC[C@@]3(C)C(=CC[C@H]4[C@@H]5C[C@@H]6O[C@]7(CC[C@@H](C)CO7)[C@@H](C)[C@@H]6[C@@]5(C)CC[C@@H]43)C2)[C@H](O)[C@H](O)[C@@H]1O
ZINC001772820459,COC(=O)[C@@]12OC[C@]34[C@@H]([C@@H](O)[C@@H]1O)[C@@]1(C)C=C(O)C(=O)C(C)=C1C[C@H]3OC(=O)[C@H](OC(=O)/C=C(\C)C(C)(C)OC(C)=O)[C@@H]24
ZINC001772820460,COC(=O)[C@@]12OC[C@]34[C@@H]([C@@H](O)[C@@H]1O)[C@@]1(C)C=C(O)C(=O)C(C)=C1C[C@H]3OC(=O)[C@H](OC(=O)/C=C(\C)C(C)(C)OC(C)=O)[C@H]24
ZINC001772820461,COC(=O)[C@@]12OC[C@@]34[C@@H](CC5=C(C)C(=O)C(O)=C[C@]5(C)[C@H]3[C@@H](O)[C@@H]1O)OC(=O)[C@H](OC(=O)/C=C(\C)C(C)(C)OC(C)=O)[C@H]24
ZINC001772820462,CCN1C[C@]2(COC)CC[C@H](OC)[C@@]34[C@H]2[C@H](OC)[C@](O)([C@@H]13)[C@@]1(O)C[C@H](OC)[C@H]2C[C@@H]4[C@H]1[C@H]2O
ZINC001772820463,CCN1C[C@]2(COC)CC[C@H](OC)[C@@]34[C@H]2[C@H](OC)[C@](O)([C@@H]13)[C@@]1(O)C[C@H](OC)[C@H]2C[C@@H]4[C@@H]1C2=O
ZINC001772820464,CC(=O)OC[C@H](C)C1=C(O)C2=C(C(=O)C1=O)[C@@]1(C)CCCC(C)(C)[C@@H]1[C@H](O)[C@H]2O
ZINC001772820465,CC(=O)OC[C@@H](C)C1=C(O)C2=C(C(=O)C1=O)[C@@]1(C)CCCC(C)(C)[C@@H]1[C@H](O)[C@H]2O
ZINC001772820466,C=C1C[C@@]23CC[C@@H]4[C@](C)(C(=O)O)CCC[C@@]4(C)C2=C[C@H](OC)[C@@H]1C3
ZINC001772820467,C=C1[C@H]2C[C@H](O)[C@@]3(C)O[C@@H]1O[C@@H](OC(=O)CC(C)C)[C@@H]23
ZINC001772820468,COC(=O)C1=CO[C@@H](O[C@@H]2O[C@H](CO)[C@@H](O)[C@H](O)[C@H]2O)[C@H]2[C@H]3CN4CCc5c([nH]c6ccccc56)[C@]4(C[C@H]12)O3
ZINC001772820469,COC(=O)[C@@]12OC[C@]34[C@@H]([C@@H](O)[C@@H]1O)[C@@]1(C)CC(=O)C(O[C@@H]5O[C@H](CO)[C@@H](O)[C@H](O)[C@H]5O)=C(C)[C@@H]1C[C@H]3OC(=O)[C@H](OC(=O)/C=C(\C)C(C)C)[C@H]24
ZINC001772820470,COC(=O)[C@]12OC[C@@]34[C@H]1[C@@H](OC(=O)/C=C(\C)C(C)C)C(=O)O[C@@H]3C[C@H]1C(C)=C(O[C@@H]3O[C@H](CO)[C@@H](O)[C@H](O)[C@H]3O)C(=O)C[C@]1(C)[C@@H]4[C@@H](O)[C@@H]2O
ZINC001772820471,COC(=O)[C@@]12OC[C@@]34[C@@H](C[C@H]5C(C)=C(O[C@@H]6O[C@H](CO)[C@@H](O)[C@H](O)[C@H]6O)C(=O)C[C@]5(C)[C@H]3[C@@H](O)[C@@H]1O)OC(=O)[C@H](OC(=O)/C=C(\C)C(C)C)[C@H]24
ZINC001772820472,C=C1C=C[C@@H]([C@@H](C)CC(=O)C=C(C)C)C[C@@H]1O
ZINC001772820473,Oc1ccc([C@H]2Oc3cc(O)cc(O)c3C[C@@H]2O[C@@H]2OC[C@@H](O)[C@H](O)[C@H]2O)cc1
ZINC001772820474,C=C1C(=O)[C@@]23CC[C@@H]4[C@](C)(CO)CCC[C@@]4(C)[C@H]2[C@@H](OC(C)=O)C[C@]1(O)C3
ZINC001772820475,COC(=O)[C@@]12OC[C@]34[C@@H]([C@@H](O)[C@@H]1O)[C@@]1(C)C=C(O[C@@H]5O[C@H](CO)[C@@H](O)[C@H](O)[C@H]5O)C(=O)[C@@H](C)[C@@H]1C[C@H]3OC(=O)[C@H](OC(=O)CC(C)C)[C@@H]24
ZINC001772820476,COC(=O)[C@@]12OC[C@@]34[C@@H](C[C@H]5[C@H](C)C(=O)C(O[C@@H]6O[C@H](CO)[C@@H](O)[C@H](O)[C@H]6O)=C[C@]5(C)[C@H]3[C@@H](O)[C@@H]1O)OC(=O)[C@H](OC(=O)CC(C)C)[C@H]24
ZINC001772820477,COC(=O)[C@@]12OC[C@]34[C@@H]([C@@H](O)[C@@H]1O)[C@@]1(C)C=C(O[C@@H]5O[C@H](CO)[C@@H](O)[C@H](O)[C@H]5O)C(=O)[C@@H](C)[C@@H]1C[C@H]3OC(=O)[C@H](OC(=O)CC(C)C)[C@H]24
ZINC001772820478,CC1=CC(=O)[C@@H](O)[C@@]2(C)[C@H]1[C@@H](O)[C@H]1OC(=O)[C@H](O)[C@@]3(O)[C@]4(CO)OC[C@]13[C@H]2[C@@H](O)[C@@H]4O
ZINC001772820479,COC(=O)[C@]12OC[C@@]34[C@H]1[C@@H](OC(C)=O)C(=O)O[C@@H]3C[C@H]1C(C)=C(O[C@@H]3O[C@H](CO)[C@@H](O)[C@H](O)[C@H]3O)C(=O)C[C@]1(C)[C@@H]4[C@@H](O)[C@@H]2O
ZINC001772820480,CCN1C[C@@]2(COC)[C@H]3[C@@H](OC)[C@H]4[C@@H]1[C@@]3([C@@H](OC)C[C@H]2OC(C)=O)[C@@H]1C[C@@]2(O)[C@@H](OC)C[C@@]4(OC(C)=O)[C@H]1[C@H]2OC(=O)c1ccc(OC)cc1
ZINC001772820481,CC1=CC(=O)[C@@H](O)[C@@]2(C)[C@H]1C[C@H]1OC(=O)[C@H](O)[C@@]3(O)[C@]4(CO)OC[C@]13[C@H]2[C@@H](O)[C@@H]4O
ZINC001772820482,C=C1C(=O)O[C@H]2[C@@H](OC(=O)/C(C)=C/C)[C@@]3(C)[C@H](O)CC[C@@](C)(O)[C@H]3[C@H](OC(=O)C(C)C)[C@@H]12
ZINC001772820483,COC(=O)[C@@]12OC[C@]34[C@@H]([C@@H](O)[C@@H]1O)[C@@]1(C)C=C(O)C(=O)C(C)=C1C[C@H]3OC(=O)[C@H](OC(=O)CC(C)C)[C@H]24
ZINC001772820484,COC(=O)[C@@]12OC[C@@]34[C@@H](CC5=C(C)C(=O)C(O)=C[C@]5(C)[C@H]3[C@@H](O)[C@@H]1O)OC(=O)[C@H](OC(=O)CC(C)C)[C@H]24
ZINC001772820485,C=C(CC[C@@H](C(=O)O)[C@@H]1[C@H](O)C[C@@]2(C)C3=CC[C@@H](C(=C)C)[C@](C)(CCC(=O)OCC)C3=CC[C@]12C)C(C)C
ZINC001772820486,C=C(CC[C@@H](C(=O)O)[C@H]1[C@H](O)C[C@@]2(C)C3=CC[C@@H](C(=C)C)[C@](C)(CCC(=O)OCC)C3=CC[C@]12C)C(C)C
ZINC001772820487,C[C@H]1[C@H](C)CC[C@]2(C)[C@H](O)C[C@]3(C)C4=CC[C@H]5C(C)(C)[C@@H](O)CC[C@]5(C)[C@H]4CC[C@@]3(C)[C@@H]12
ZINC001772820488,C=C1[C@@H](C)[C@@H]2[C@H](Cc3ccccc3)NC(=O)[C@]23[C@H](OC(C)=O)C=C[C@@](C)(O)C(=O)[C@@H](C)CC=C[C@H]3[C@@H]1O
ZINC001772820489,C=C1[C@@H](C)[C@@H]2[C@H](Cc3ccccc3)NC(=O)[C@]23[C@H](OC(C)=O)C=C[C@@](C)(O)C(=O)[C@@H](C)CC=C[C@H]3[C@H]1O
ZINC001772820490,C=C1[C@@H](C)[C@H]2[C@H](Cc3ccccc3)NC(=O)[C@]23[C@H](OC(C)=O)C=C[C@@](C)(O)C(=O)[C@@H](C)CC=C[C@H]3[C@H]1O
ZINC001772820491,CCN1C[C@]2(COC)C(=O)C=C[C@@]34[C@@H]5C[C@@]6(O)[C@@H](OC)C[C@@](OC(C)=O)([C@@H]5[C@H]6OC(=O)c5ccc(OC)cc5)[C@@H]([C@H](OC)[C@H]32)[C@@H]14
ZINC001772820492,COC(=O)[C@@]12OC[C@]34[C@@H]([C@@H](O)[C@@H]1O)[C@@]1(C)CC(=O)C(O)=C(C)[C@@H]1C[C@H]3OC(=O)[C@H](OC(=O)/C=C(\C)C(C)(C)OC(C)=O)[C@H]24
ZINC001772820493,COC(=O)[C@@]12OC[C@@]34[C@@H](C[C@H]5C(C)=C(O)C(=O)C[C@]5(C)[C@H]3[C@@H](O)[C@@H]1O)OC(=O)[C@H](OC(=O)/C=C(\C)C(C)(C)OC(C)=O)[C@H]24
ZINC001772820494,C=C1C(=O)O[C@@H]2C[C@H](C)[C@@]3(O)C=C(C(C)=O)[C@@]4(C[C@@H]3C[C@H]12)C(=O)O[C@@H]1C[C@@H](C)C(/C=C/C(C)=O)=CC[C@H]14
ZINC001772820495,C=C1C(=O)O[C@@H]2C[C@H](C)[C@@]3(O)C=C(C(C)=O)[C@@]4(C[C@@H]3C[C@H]12)C(=O)O[C@@H]1C[C@@H](C)C(/C=C/C(C)=O)=CC[C@@H]14
ZINC001772820496,C=C1C(=O)O[C@@H]2C[C@H](C)[C@@]3(O)C=C(C(C)=O)[C@@]4(C[C@@H]3C[C@H]12)C(=O)O[C@H]1C[C@@H](C)C(/C=C/C(C)=O)=CC[C@@H]14
ZINC001772820497,C=C1C(=O)O[C@@H]2C[C@H](C)[C@@]3(O)C=C(C(C)=O)[C@@]4(C[C@@H]3C[C@H]12)C(=O)O[C@H]1C[C@@H](C)C(/C=C/C(C)=O)=CC[C@H]14
ZINC001772820498,C=C1C(=O)[C@]23C[C@H]1[C@@H](O)[C@H](OC(C)=O)[C@@H]2[C@]1(C)[C@@H](OC(C)=O)C[C@H](OC(C)=O)C(C)(C)[C@H]1C[C@@H]3OC(C)=O
ZINC001772820499,O=C1C=CC=Cc2ccc(O)c(c2)Oc2ccc(cc2)CC1
ZINC001772820500,COC(=O)[C@]12OC[C@@]34[C@H]1[C@@H](OC(=O)/C=C(\C)C(C)(C)O)C(=O)O[C@@H]3C[C@H]1C(C)=C(O[C@@H]3O[C@H](CO)[C@@H](O)[C@H](O)[C@H]3O)C(=O)C[C@]1(C)[C@@H]4[C@@H](O)[C@@H]2O
ZINC001772820501,CC(=O)OC(C)(C)/C=C/C(=O)[C@@](C)(O)[C@@H]1[C@@H](O)C[C@]2(C)[C@H]3CC=C4[C@H](CC(=O)[C@@H](O)C4(C)C)[C@@]3(C)C(=O)C[C@@]12C
ZINC001772820502,COc1cc(CCc2cccc(O)c2)cc(OC)c1
ZINC001772820503,C=C1C[C@]23[C@H](O)[C@H]4[C@@H]5[C@](C)(C=O)[C@@H](OC(C)=O)[C@@H](OC(=O)c6ccccc6)[C@@H](OC(C)=O)[C@]56[C@@H]([C@@H]2[C@@H](OC(=O)c2ccccc2)[C@H]1[C@@H](OC(C)=O)[C@H]36)N4C
ZINC001772820504,C=C1C[C@]23[C@H](O)[C@H]4[C@H]5[C@](C)(C=O)[C@@H](OC(C)=O)[C@@H](OC(=O)c6ccccc6)[C@@H](OC(C)=O)[C@]56[C@@H]([C@@H]2[C@@H](OC(=O)c2ccccc2)[C@H]1[C@@H](OC(C)=O)[C@H]36)N4C
ZINC001772820505,C=C1C[C@]23[C@H](O)[C@H]4[C@@H]5[C@](C)(C=O)[C@@H](OC(C)=O)[C@H](OC(=O)c6ccccc6)[C@@H](OC(C)=O)[C@]56[C@@H]([C@@H]2[C@@H](OC(=O)c2ccccc2)[C@H]1[C@@H](OC(C)=O)[C@H]36)N4C
ZINC001772820506,C=C1C[C@]23[C@H](O)[C@H]4[C@H]5[C@](C)(C=O)[C@@H](OC(C)=O)[C@H](OC(=O)c6ccccc6)[C@@H](OC(C)=O)[C@]56[C@@H]([C@@H]2[C@@H](OC(=O)c2ccccc2)[C@H]1[C@@H](OC(C)=O)[C@H]36)N4C
ZINC001772820507,CC(C)=CCC[C@@]1(C)Oc2cc(C)cc3c2[C@H]2C[C@@](C)(CC[C@H]21)O3
ZINC001772820508,CC(C)=CCC[C@@]1(C)Oc2cc(C)cc3c2[C@H]2C[C@@](C)(CC[C@@H]21)O3
ZINC001772820509,C=C1[C@H](OC(=O)/C=C(\C)CC)C[C@@H](C(C)C)[C@@H]2/C(=C/C)C(=O)[C@@H](OC(=O)[C@@H](C)CC)[C@@H]12
ZINC001772820510,COC(=O)[C@@]12OC[C@@]34[C@@H](C[C@H]5C(C)=C(O)C(=O)C[C@]5(C)[C@H]3[C@@H](O)[C@@H]1O)OC(=O)[C@H](OC(C)=O)[C@H]24
ZINC001772820511,COC(=O)[C@]12OC[C@@]34[C@H]1[C@@H](OC(=O)/C=C(\C)C(C)(C)OC(C)=O)C(=O)O[C@@H]3C[C@H]1C(C)=C(O[C@@H]3O[C@H](CO)[C@@H](O)[C@H](O)[C@H]3O)C(=O)C[C@]1(C)[C@@H]4[C@@H](O)[C@@H]2O
ZINC001772820512,C[C@@H]1O[C@@H](Oc2cc(O)c3c(c2)O[C@H](c2ccc(O)cc2)[C@@H](O)C3=O)[C@H](O)[C@H](O)[C@H]1O
ZINC001772820513,COC(=O)[C@@]12OC[C@]34[C@@H]([C@@H](O)[C@@H]1O)[C@@]1(C)C=C(O[C@@H]5O[C@H](CO)[C@@H](O)[C@H](O)[C@H]5O)C(=O)[C@@H](C)[C@@H]1C[C@H]3OC(=O)[C@H](OC(=O)/C=C(\C)C(C)(C)OC(C)=O)[C@@H]24
ZINC001772820514,CC1=C[C@H](O)[C@@H](O)[C@@]2(C)[C@H]1C[C@H]1OC(=O)[C@H](O)[C@@]3(O)[C@@]4(C)OC[C@]13[C@H]2[C@@H](O)[C@@H]4O
ZINC001772820515,Cc1ccc2c(O)cc(C)c(O[C@@H]3O[C@H](CO)[C@@H](O)[C@H](O)[C@H]3O)c2c1
ZINC001772820516,COc1cc2c(cc1OC)[C@H](C)[C@@H](c1ccccc1)O2
ZINC001772820517,C=C1C(=O)[C@]23C[C@@]1(O)C[C@H](OC(C)=O)[C@@H]2[C@]1(C)CCC[C@@](C)(COC(C)=O)[C@H]1C[C@H]3O
ZINC001772820518,CCN1C[C@]2(COC)CC[C@H](O)[C@@]34[C@H]2[C@H](OC)[C@](O)([C@@H]13)[C@@]1(O)C[C@H](OC)[C@H]2C[C@@H]4[C@@H]1C2=O
ZINC000000000353,COc1ccccc1OC[C@H](O)CO
ZINC000000001102,COC1=CC(=O)O[C@H](/C=C/c2ccccc2)C1
ZINC000000002137,CC1(O)CCC(C(C)(C)O)CC1
ZINC000000005319,COc1cc2c(cc1OC)-c1c3c(cc4c1[C@H](C2)N(C)CC4)OCO3
ZINC000000021406,CC(C)=CCc1c(O)cc(O)c2c(=O)cc(-c3ccc(O)cc3)oc12
ZINC000000039288,COc1cc2oc(-c3ccccc3)cc(=O)c2c(O)c1O
ZINC000000044851,COc1cc2c(cc1OC)[C@@H](Cc1ccc(O)cc1)N(C)CC2
ZINC000000051924,CC(C)(O)[C@@H]1Cc2cc3ccc(=O)oc3cc2O1
ZINC000000056792,COc1ccc2c(c1O)-c1c(OC)c(OC)cc3c1[C@H](C2)N(C)CC3
ZINC000000056981,CN[C@@H](Cc1c[nH]c2ccccc12)C(=O)O
ZINC000000058039,COc1ccc2ccc(=O)oc2c1OC
ZINC000000157146,COc1ccc(C=O)cc1
ZINC000000160506,COc1cccc(O)c1C(=O)O
ZINC000000186764,O=c1cc(-c2ccccc2)c2cc(O)c(O)cc2o1
ZINC000000265473,C/C=C(/C)C(=O)O[C@H]1Cc2cc3ccc(=O)oc3cc2OC1(C)C
ZINC000000336322,COc1cc(O)c2c(=O)cc(C)oc2c1
ZINC000000338118,COc1ccc2cc3[n+](cc2c1OC)CCc1cc(O)c(O)cc1-3
ZINC000000338120,COc1cc2c(cc1O)-c1cc3ccc(OC)c(OC)c3c[n+]1CC2
ZINC000000338122,COc1cc2c(cc1O)CC[n+]1cc3c(OC)c(OC)ccc3cc1-2
ZINC000000338143,COc1cc2c3c(cc4ccccc4c3c1OC)N(C)CC2
ZINC000000338330,COc1c2occc2c(OCC=C(C)C)c2ccc(=O)oc12
ZINC000000388569,COc1ccc(CO)cc1OC
ZINC000000391977,O=c1c(-c2ccc(O)cc2)coc2cc(O)c(O)cc12
ZINC000000394284,COc1ccccc1OC[C@@H](O)CO
ZINC000000402427,Cn1cc(C(=O)O)ccc1=O
ZINC000000402986,COc1ccc(C(=O)O)cc1O
ZINC000000404451,C[C@@H](N)Cc1c[nH]c2ccccc12
ZINC000000518644,CC1(C)O[C@H]1COc1c2ccoc2cc2oc(=O)ccc12
ZINC000000518798,CC1(C)O[C@H]1COc1c2occc2cc2ccc(=O)oc12
ZINC000000526257,O=C1C=CC(=O)c2c(O)cccc21
ZINC000000689644,COc1cc2c(cc1OC)C1=Cc3ccc(OC)c(OC)c3CN1CC2
ZINC000000689953,COc1c2c3c4c(c(OC)c(=O)c5c(O)cc(OC)c(c6c(OC)cc(O)c(c1=O)c63)c54)C(C(C)=O)=C(C)C2
ZINC000000895347,N[C@H](CS)C(=O)O
ZINC000000895399,C[C@@H](O)[C@@H](N)C(=O)O
ZINC000000895457,O=C(O)[C@H]1C[C@H](O)CN1
ZINC000000895645,CN1Cc2c(ccc3c2OCO3)-c2ccc3cc4c(cc3c21)OCO4
ZINC000000897443,C/C=C(\C)C(=O)O
ZINC000000898013,CC(C)=CCc1c2ccoc2c(O)c2oc(=O)ccc12
ZINC000000898179,CC(C)(O)[C@@H]1Cc2c(ccc3ccc(=O)oc23)O1
ZINC000000898337,C/C=C(/C)C(=O)O[C@H]1c2c(ccc3ccc(=O)oc23)OC(C)(C)[C@H]1OC(C)=O
ZINC000000898605,C/C1=C\CC[C@]23O[C@H]2[C@@H](OC3=O)c2c(C)coc2C1
ZINC000000898976,CN1CCC=C(C(=O)O)C1
ZINC000000899567,COC1=CC(=O)O[C@H](CCc2ccc3c(c2)OCO3)C1
ZINC000000899897,CC(C)=CCc1c2c(c3occ(-c4ccc(O)c(O)c4)c(=O)c3c1O)C=CC(C)(C)O2
ZINC000000901736,O=C(O)[C@@H]1C[C@H](O)CN1
ZINC000001026053,CC1(C)Oc2cc3oc(=O)ccc3cc2C[C@@H]1O
ZINC000001408502,C1CCN2C[C@@H]3C[C@@H](CN4CCCC[C@H]34)[C@@H]2C1
ZINC000001529210,CC(C)=CCC/C(C)=C/CO
ZINC000001529313,NC(=O)C[C@@H](N)C(=O)O
ZINC000001529571,NCCCCNC(=O)/C=C/c1ccc(O)c(O)c1
ZINC000001530846,C=CCS[S@](=O)CC=C
ZINC000001531038,C=CC[S@](=O)C[C@H](N)C(=O)O
ZINC000001531428,C[N+](C)(C)[C@@H](Cc1c[nH]c2ccccc12)C(=O)O
ZINC000001531613,C=C[C@@](C)(CCC=C(C)C)OC(C)=O
ZINC000001531806,CCCCCC1=CC(=O)C=C(OC)C1=O
ZINC000001531885,COc1ccc([C@@H]2OC[C@H]3[C@H]2CO[C@H]3c2ccc(OC)c(OC)c2)cc1OC
ZINC000001532640,OC[C@H](O)[C@H](O)[C@H](O)[C@@H](O)CO
ZINC000001532693,COc1cc(/C=C\CO)ccc1O
ZINC000001532786,COc1cc(/C=C/C(=O)OCC[N+](C)(C)C)cc(OC)c1O
ZINC000001537184,CC(C)C1=Cc2ccc3c(c2C(=O)C1=O)CCCC3(C)C
ZINC000001550030,Nc1nc2c(ncn2[C@@H]2O[C@H](CO)[C@@H](O)[C@H]2O)c(=O)[nH]1
ZINC000001562070,COc1cccc2c1cc1c3c(cc4c(c32)OCO4)C(=O)N1
ZINC000001566934,COc1ccc2c(C)c3[n+](cc2c1OC)CCc1cc2c(cc1-3)OCO2
ZINC000001571579,O=C(C[C@@H]1NCCC[C@@H]1O)Cn1cnc2ccccc2c1=O
ZINC000001574836,COc1cc2c(c(O)c1OC)-c1c(cc(OC)c(OC)c1OC)C[C@H](C)[C@H](C)C2
ZINC000001575028,COc1ccc2c(c1OC)CN1CCc3cc4c(cc3C1=C2)OCO4
ZINC000001583786,O=c1cccc2n1C[C@H]1C[C@@H]2CN2CCCC[C@@H]12
ZINC000001585286,COc1ccc(-c2cc(=O)c3c(O)cc(O)cc3o2)cc1Oc1ccc(-c2cc(=O)c3c(O)cc(O)cc3o2)cc1
ZINC000001586769,CCCCOC(=O)c1ccc(O)cc1
ZINC000001608516,CC[C@@H](C)C(=O)OC[C@@]1(c2ccc(C)cc2OC(=O)C(C)C)CO1
ZINC000001608517,CC[C@H](C)C(=O)OC[C@@]1(c2ccc(C)cc2OC(=O)C(C)C)CO1
ZINC000001608518,CC[C@@H](C)C(=O)OC[C@]1(c2ccc(C)cc2OC(=O)C(C)C)CO1
ZINC000001608519,CC[C@H](C)C(=O)OC[C@]1(c2ccc(C)cc2OC(=O)C(C)C)CO1
ZINC000001608541,C[C@@H](O)[C@H](C)[C@H](N)C(=O)O
ZINC000001608667,COC1=CC(=O)O[C@@H](/C=C/c2ccc3c(c2)OCO3)C1
ZINC000001614080,COc1ccc(-c2oc3c(OC)c(OC)c(OC)c(OC)c3c(=O)c2OC)cc1OC
ZINC000001621671,COc1ccc2cc3[n+](cc2c1O)CCc1cc2c(cc1-3)OCO2
ZINC000001647160,COc1ccc(-c2oc3cc(OC)c(OC)c(OC)c3c(=O)c2OC)cc1OC
ZINC000001651264,COc1cc2c3c(c1O)-c1c(ccc(OC)c1OC)C[C@@H]3N(C)CC2
ZINC000001678615,C[N+](C)(C)[C@H](Cc1c[nH]c2ccccc12)C(=O)O
ZINC000001694404,CCCCCCCCOC(C)=O
ZINC000001702729,CC(C)=CC[C@H](OC(=O)CC(C)(C)O)C1=CC(=O)c2c(O)ccc(O)c2C1=O
ZINC000001702730,CC(C)=CC[C@@H](OC(=O)C(C)C)C1=CC(=O)c2c(O)ccc(O)c2C1=O
ZINC000001703461,COC1=CC(=O)O[C@H](CCc2ccccc2)C1
ZINC000001747072,C[C@H](O)[C@H](N)C(=O)O
ZINC000001747073,C[C@H](O)[C@@H](N)C(=O)O
ZINC000001846557,CC(C)=CCCc1ccoc1
ZINC000001846642,COc1cc2occc2c2oc(=O)ccc12
ZINC000001850826,CCCC[C@@H]1OC(=O)c2ccccc21
ZINC000001863457,COc1cc(C[C@@H](C)[C@H](C)Cc2ccc(O)c(OC)c2)ccc1O
ZINC000002001304,COc1cc(/C=C/C(=O)OC(C)C)ccc1O
ZINC000002008906,COc1cc2c(cc1OC)[C@@H]1C(=O)c3ccc4c(c3O[C@@H]1CO2)C[C@H](C(C)C)O4
ZINC000002031813,CN1c2ccccc2C(=O)N2CCc3c([nH]c4ccccc34)[C@@H]21
ZINC000002041035,C=C[C@](C)(CCC=C(C)C)OC(C)=O
ZINC000002383163,O=C(O)c1cc2c(c3c1c([N+](=O)[O-])cc1ccccc13)OCO2
ZINC000002386253,COc1cc(/C=C/c2ccc(O)cc2)oc(=O)c1
ZINC000002389524,O=C(/C=C/c1ccc(O)c(O)c1)O[C@@H](C(=O)O)[C@@H](O)C(=O)O
ZINC000002510833,COC(=O)C1=CO[C@H](C)[C@@H]2CN3CC[C@]4(C(=O)Nc5ccccc54)[C@H]3C[C@@H]12
ZINC000002525131,CC(C)=CC[C@@H](OC(=O)CC(C)(C)O)C1=CC(=O)c2c(O)ccc(O)c2C1=O
ZINC000002530725,OC[C@H](O)[C@H](O)[C@@H](O)[C@@H](O)CO
ZINC000002554931,COc1ccc2c(c1O)-c1c(O)c(OC)cc3c1[C@H](C2)N(C)CC3
ZINC000002555622,CCCC[C@H]1OC(=O)C2=CCCC[C@@H]21
ZINC000002557133,C[S@](=O)CCCCN=C=S
ZINC000002558134,O=C1c2ccc(O)cc2OC[C@@H]1c1ccc(O)cc1
ZINC000002561256,O=c1oc2cc(O)ccc2c2oc3cc4c(cc3c12)OCO4
ZINC000002566769,COc1cc2oc(-c3ccccc3)cc(=O)c2c(O)c1OC
ZINC000002575033,C[C@H](O)[C@@H](O)[C@@H](O)[C@H](O)CO
ZINC000003589847,COc1cc(-c2cc(=O)c3c(O)c(OC)c(O)cc3o2)cc(O)c1OC
ZINC000003638105,COC(=O)C1=CCCNC1
ZINC000003650002,CC(C)=CCc1c(O)ccc2c1O[C@@H](c1ccc(O)cc1)CC2=O
ZINC000003780340,Cc1cc(O)c2c(=O)c3c(O)cc(O)c4c5c(O)cc(O)c6c(=O)c7c(O)cc(C)c8c1c2c(c34)c(c78)c65
ZINC000003782944,O=C1C[C@@H](C(=O)O)c2c1oc(=O)c1cc(O)c(O)c(O)c21
ZINC000003793048,COc1cc([C@@H]2Oc3c(O)cc([C@H]4Oc5cc(O)cc(O)c5C(=O)[C@@H]4O)cc3[C@H]2CO)ccc1O
ZINC000003819459,COc1cc(/C=C/C(=O)NC[C@@H](O)c2ccc(O)cc2)ccc1O
ZINC000003819461,COc1cc(/C=C/C(=O)NC[C@H](O)c2ccc(O)cc2)ccc1O
ZINC000003827362,CC[C@@]1(O)C(=O)OCc2c1cc1n(c2=O)Cc2cc3c([N+](=O)[O-])cccc3nc2-1
ZINC000003830747,CC[C@H]1CN2CCc3cc(OC)c(OC)cc3[C@@H]2C[C@@H]1C[C@H]1NCCc2cc(OC)c(OC)cc21
ZINC000003861633,O=C1c2ccccc2C(=O)c2c(O)c(O)cc(O)c21
ZINC000003871988,CC[C@@H]1CN2CCc3cc(OC)c(OC)cc3[C@@H]2C[C@@H]1C[C@H]1NCCc2cc(O)c(OC)cc21
ZINC000003871989,CC[C@H]1CN2CCc3cc(OC)c(OC)cc3[C@@H]2C[C@@H]1C[C@H]1NCCc2cc(O)c(OC)cc21
ZINC000003872753,O=C(O)C1=CCCNC1
ZINC000003872828,CC1=C[C@H]2Cc3[nH]c(=O)ccc3[C@]3(C1)NCCC[C@H]23
ZINC000003875035,C[S@@](=O)CCCCN=C=S
ZINC000003875454,CN1C(=O)[C@]23CC4=CC=C[C@H](O)[C@H]4N2C(=O)[C@@]1(CO)SS3
ZINC000003875620,COc1cc(O)c2c(=O)c(O)c(-c3ccc(O)c(O)c3)oc2c1
ZINC000003881342,C=C[C@@](C)(O)CC[C@@H]1[C@@]2(C)CCCC(C)(C)[C@@H]2CC[C@@]1(C)O
ZINC000003881983,CC1(C)CC[C@]2(C(=O)O)CC[C@]3(C)C(=CC[C@@H]4[C@@]5(C)CC[C@@H](O)C(C)(C)[C@@H]5CC[C@]43C)[C@@H]2C1
ZINC000003894310,CC1(C)CCC[C@]2(C)[C@@H]1CC[C@@](C)(O)[C@@H]2CCO
ZINC000003917574,Cc1cc(O)c2c(=O)c3c(O)cc(O)c4c5c(O)cc(O)c6c(=O)c7c(O)cc(CO)c8c1c2c(c34)c(c65)c78
ZINC000003918301,COc1cc(/C=C/C(=O)O[C@H]2[C@H](O)[C@@H](CO)O[C@@]2(CO)O[C@H]2O[C@H](COC(=O)c3ccc(O)cc3)[C@@H](O)[C@H](O)[C@H]2O)cc(OC)c1O
ZINC000003918317,C=C1C(=O)[C@@]23[C@@H](CC[C@@H]1[C@H]2O)[C@]1(C)CCC(=O)C(C)(C)[C@H]1C[C@H]3O
ZINC000003925289,COc1cc2oc3cc(O)c(OC)c(CC=C(C)C)c3c(=O)c2c(O)c1CC=C(C)C
ZINC000003936686,C=C(C)[C@@H]1CC[C@]2(C(=O)O)CC[C@]3(C)[C@H](CC[C@@H]4[C@@]5(C)CC[C@H](OC(=O)CC(C)(C)C(=O)O)C(C)(C)[C@@H]5CC[C@]43C)[C@@H]12
ZINC000003938746,COC(=O)[C@H]1[C@H]2C[C@@H]3c4[nH]c5cc(OC)ccc5c4CCN3C[C@H]2C[C@@H](OC(=O)c2cc(OC)c(OC)c(OC)c2)[C@@H]1OC
ZINC000003947441,CC(C)C1=CC2=CC[C@@H]3[C@](C)(C(=O)O)CCC[C@]3(C)[C@@H]2CC1
ZINC000003947443,CC(C)C1=CC2=CC[C@H]3[C@@](C)(CCC[C@@]3(C)C(=O)O)[C@@H]2CC1
ZINC000003975659,O=C1C[C@H](O[C@@H]2O[C@H](CO)[C@@H](O)[C@H](O)[C@H]2O)CO1
ZINC000003975662,O=C1C[C@@H](O[C@@H]2O[C@H](CO)[C@@H](O)[C@H](O)[C@H]2O)CO1
ZINC000003978446,O=c1c(O)cc([C@H]2Oc3cc(O)cc(O)c3C[C@H]2O)cc2c([C@H]3Oc4cc(O)cc(O)c4C[C@H]3O)cc(O)c(O)c12
ZINC000003978504,O=C(O[C@@H]1Cc2c(O)cc(O)cc2O[C@@H]1c1cc(O)c(=O)c2c(O)c(O)cc([C@H]3Oc4cc(O)cc(O)c4C[C@H]3O)c2c1)c1cc(O)c(O)c(O)c1
ZINC000003978768,COc1ccc(/C=C/c2cc(O)cc(O[C@@H]3O[C@H](CO)[C@@H](O)[C@H](O)[C@H]3O)c2)cc1
ZINC000003978778,CC(=O)Oc1ccc(/C=C/c2cc(OC(C)=O)cc(OC(C)=O)c2)cc1
ZINC000003978779,COc1ccc(/C=C/c2cc(O)cc(O)c2)cc1
ZINC000003982136,C=C[C@H]1[C@H](O[C@@H]2O[C@H](CO)[C@@H](O)[C@H](O)[C@H]2OC(=O)c2c(O)cc(O)cc2-c2cccc(O)c2)OC=C2C(=O)OCC[C@H]21
ZINC000003982481,C=C1C(=O)O[C@@]23[C@H]1CC[C@@H](C)[C@@H]2CC[C@@]1(C)O[C@H]13
ZINC000003983878,O=c1cc(-c2ccc(O)cc2)oc2cc(O[C@@H]3O[C@H](CO)[C@@H](O)[C@H](O)[C@H]3O[C@@H]3OC[C@](O)(CO)[C@H]3O)cc(O)c12
ZINC000003983953,CN1C[C@H](CO)C=C2c3cccc4[nH]cc(c34)C[C@H]21
ZINC000003983997,C[C@]12CCc3occc3[C@@H]1CC[C@@]13C[C@@H](CC[C@@H]12)[C@](O)(CO)C3
ZINC000003983999,C[C@]12CCc3occc3[C@@H]1CC[C@@]13C[C@@H](CC[C@H]12)[C@](O)(CO)C3
ZINC000004023706,CC(C)c1ccc2c(c1)CC[C@@H]1[C@]2(C)CCC[C@@]1(C)C(=O)O
ZINC000004027386,C=C1CC[C@]2(C)CC[C@]3(C)[C@H](CC[C@@H]4[C@@]5(C)CC[C@H](O)C(C)(C)[C@@H]5CC[C@]43C)[C@H]2[C@@H]1C
ZINC000004046842,CC(C)(C)[C@]1(O)C[C@@H]2OC(=O)C[C@@]23C(=O)O[C@@H]2OC(=O)[C@@H](O)[C@@]231
ZINC000004082270,Nc1nc(=O)[nH]c2c1ncn2[C@@H]1O[C@H](CO)[C@@H](O)[C@H]1O
ZINC000004083543,CC(C)=CC(=O)OC(C)(C)[C@H]1Cc2cc3ccc(=O)oc3cc2O1
ZINC000004096342,OC[C@H]1O[C@@H](OC/C=C/c2ccccc2)[C@H](O)[C@@H](O)[C@@H]1O
ZINC000004097085,C[C@H](CO)CCC[C@@H](C)[C@H]1CC[C@H]2[C@@H]3CC=C4C[C@@H](O)CC[C@]4(C)[C@H]3CC[C@@]21C
ZINC000004097086,C[C@@H](CO)CCC[C@@H](C)[C@H]1CC[C@H]2[C@@H]3CC=C4C[C@@H](O)CC[C@]4(C)[C@H]3CC[C@@]21C
ZINC000004097409,C=CCS[S@@](=O)CC=C
ZINC000004097574,C[S@@](=O)CCCC/C(=N\OS(=O)(=O)O)S[C@@H]1O[C@H](CO)[C@@H](O)[C@H](O)[C@H]1O
ZINC000004097575,C[S@](=O)CCCC/C(=N\OS(=O)(=O)O)S[C@@H]1O[C@H](CO)[C@@H](O)[C@H](O)[C@H]1O
ZINC000004097589,Nc1nc(N)c(O[C@@H]2O[C@H](CO)[C@@H](O)[C@H](O)[C@H]2O)c(=O)[nH]1
ZINC000004097701,CC(/C=C/C=C(\C)C(=O)O)=C\C=C\C=C(C)\C=C\C=C(/C)C(=O)O
ZINC000004097795,C[C@H](CC[C@@H](O)C(C)(C)O)[C@H]1CC[C@@]2(C)[C@@H]3CC=C4[C@@H](CC[C@H](O)C4(C)C)[C@]3(C)C(=O)C[C@]12C
ZINC000004097799,CC(C)(O)/C=C/C(=O)[C@](C)(O)[C@H]1[C@H](O)C[C@@]2(C)[C@@H]3CC=C4[C@@H](C[C@H](O)C(=O)C4(C)C)[C@]3(C)C(=O)C[C@]12C
ZINC000004097808,C[C@@H]1C(=O)C[C@@H](C(C)(C)O)O[C@@H]2C[C@@]3(C)[C@@H]4CC=C5[C@@H](C=C(O)C(=O)C5(C)C)[C@]4(C)C(=O)C[C@]3(C)[C@@H]12
ZINC000004098349,CSC(=O)OCC1=C[C@@H]2OC(=O)C3=CO[C@@H](O[C@@H]4O[C@H](CO)[C@@H](O)[C@H](O)[C@H]4O)[C@H]1[C@@H]32
ZINC000004098363,CC(C)=CCc1c(O)cc2c(c1O)C(=O)C[C@@H](c1ccc(O)cc1)O2
ZINC000004098366,CC(C)=CC[C@]12Oc3cc(O)c([C@H]4C=C(C)C[C@H](c5ccc(O)cc5O)[C@H]4C(=O)c4ccc(O)cc4O)c(O)c3C(=O)[C@@]1(O)Oc1cc(O)ccc12
ZINC000004098437,CC(C)[C@@H]1[C@H]2OC(=O)[C@@H]1[C@@H]1CC[C@@H]3CN(C)[C@H]2[C@@]31C
ZINC000004098548,COc1cc(O)c2c(=O)c3c(O[C@@H]4O[C@H](CO)[C@@H](O)[C@H](O)[C@H]4O)ccc(O)c3oc2c1
ZINC000004098602,O=c1cc(-c2ccc(O)cc2)oc2c([C@@H]3OC[C@H](O)[C@H](O)[C@H]3O)c(O)c([C@@H]3O[C@H](CO)[C@@H](O)[C@H](O)[C@H]3O)c(O)c12
ZINC000004098603,COc1cc2oc(-c3ccc(O)c(O)c3)cc(=O)c2c(O)c1[C@@H]1O[C@H](CO)[C@@H](O)[C@H](O)[C@H]1O
ZINC000004098604,O=c1cc(-c2ccc(O)cc2)oc2c([C@@H]3O[C@H](CO)[C@@H](O)[C@H](O)[C@H]3O)c(O)c([C@@H]3O[C@H](CO)[C@@H](O)[C@H](O)[C@H]3O)c(O)c12
ZINC000004098650,COc1c(O[C@@H]2O[C@H](CO)[C@@H](O)[C@H](O)[C@H]2O)cc2c(c1O)C(=O)c1c(cc(C)c(O)c1OC)C2=O
ZINC000004098657,Cc1cc(O)c2c(c1)C(=O)c1cccc(O[C@@H]3O[C@H](CO)[C@@H](O)[C@H](O)[C@H]3O)c1C2=O
ZINC000004098684,O=C1c2ccccc2C(=O)c2c1cc(O)c(CO)c2O
ZINC000004098728,O=C(/C=C/c1ccc(O)c(O)c1)O[C@@H]1C[C@@](OC(=O)/C=C/c2ccc(O)c(O)c2)(C(=O)O)C[C@@H](O)[C@@H]1O
ZINC000004098737,O=C(/C=C/c1ccc(O)c(O)c1/C=C/c1ccc(O)c(O)c1)O[C@H](Cc1ccc(O)c(O)c1)C(=O)O
ZINC000004098838,COc1ccc(C(C)=O)c(O[C@@H]2O[C@H](CO[C@@H]3OC[C@H](O)[C@H](O)[C@H]3O)[C@@H](O)[C@H](O)[C@H]2O)c1
ZINC000004098920,COc1cc([C@@H]2c3cc4c(cc3[C@H](O)[C@@H]3COC(=O)[C@H]32)OCO4)cc(OC)c1OC
ZINC000004100761,COc1cc(O)c(C(=O)/C=C/c2ccc(O)cc2)c(OC)c1
ZINC000004104836,CC1(C)CC[C@]2(C)CC=C3[C@@](C)(CC[C@H]4[C@@]3(C)CC[C@H]3C(C)(C)C(=O)CC[C@@]34C)[C@@H]2C1
ZINC000004104879,C[C@]12CC[C@H](O)C[C@H]1CC[C@@H]1[C@@H]2CC[C@]2(C)[C@@H](c3ccc(=O)oc3)[C@@H](O)[C@H]3O[C@]132
ZINC000004199939,COc1cc(O)c(CC=C(C)C)c2oc(-c3ccc(O)cc3)c(O)c(=O)c12
ZINC000004214775,O=C1c2c(O)cccc2[C@@H]([C@@H]2O[C@H](CO)[C@@H](O)[C@H](O)[C@H]2O)c2cc(CO)cc(O)c21
ZINC000004424205,O=C(/C=C/c1ccc(O)c(O)c1)O[C@H](C(=O)O)[C@H](OC(=O)/C=C/c1ccc(O)c(O)c1)C(=O)O
ZINC000004475321,COc1cc([C@@H]2c3cc4c(cc3[C@H](O)[C@@H]3COC(=O)[C@@H]32)OCO4)cc(OC)c1OC
ZINC000004521083,CC(C)C1=CC2=CC[C@@H]3[C@](C)(C(=O)O)CCC[C@]3(C)[C@H]2CC1
ZINC000004539100,COc1cc2oc3cc(OC)c(OC)c(CC=C(C)C)c3c(=O)c2c(O)c1CC=C(C)C
ZINC000004600026,COc1ccc([C@H]2OC[C@H]3[C@H](c4ccc(OC)c(OC)c4)OC[C@H]23)cc1OC
ZINC000004654813,O=c1c(O)c(-c2ccc(O)c(O)c2)oc2cc(O[C@@H]3O[C@H](CO)[C@@H](O)[C@H](O)[C@H]3O)cc(O)c12
ZINC000004804529,CC[C@H]1CN2CCc3c([nH]c4ccccc34)[C@@H]2C[C@@H]1/C(=C/OC)C(=O)OC
ZINC000004823972,CC[C@@]1(O)C(=O)OCc2c1cc1n(c2=O)Cc2cc3cc(OC)ccc3nc2-1
ZINC000004916381,CC(=O)O[C@@H]1[C@H](c2ccc(=O)oc2)[C@@]2(C)CC[C@H]3[C@@H](CC[C@]4(O)C[C@@H](O)CC[C@]34C)[C@]23O[C@H]13
ZINC000004916495,C[C@]12CC[C@H](O)C[C@H]1CC[C@@H]1[C@@H]2[C@H](O)C[C@]2(C)[C@@H](c3ccc(=O)oc3)CC[C@]12O
ZINC000004917352,C[C@]12CC[C@H](O)C[C@@]1(O)CC[C@@H]1[C@@H]2CC[C@]2(C)[C@@H](c3ccc(=O)oc3)CC[C@]12O
ZINC000004962910,CC(=O)OC(C)(C)CCC(=O)[C@](C)(O)[C@H]1[C@H](O)C[C@@]2(C)[C@@H]3CC=C4[C@@H](C[C@H](O)C(=O)C4(C)C)[C@]3(C)C(=O)C[C@]12C
ZINC000005011446,CC[C@@]1(O)C(=O)OCc2c1cc1n(c2=O)Cc2cc3c(OC)cccc3nc2-1
ZINC000005132563,C/C=C(/C)C(=O)O[C@H]1[C@@H]2[C@H](C)C(=O)O[C@@H]2C[C@@H](C)[C@@H]2C=CC(=O)[C@@]12C
ZINC000005157268,O=C[C@H](O)[C@@H](O)[C@@H](CO)O[C@@H]1OC[C@@H](O)[C@H](O)[C@H]1O
ZINC000005157911,C=CC[S@](=O)C[C@@H](N)C(=O)O
ZINC000005161433,CC(=O)OCCc1ccc(O)c(O)c1
ZINC000005234422,O=Cc1ccc(O[C@@H]2O[C@H](CO)[C@@H](O)[C@H](O)[C@H]2O)cc1
ZINC000005273745,CCCC[C@H]1OC(=O)C2=CCCC[C@H]21
ZINC000005273746,CCCC[C@@H]1OC(=O)C2=CCCC[C@H]21
ZINC000005273747,CCCC[C@@H]1OC(=O)C2=CCCC[C@@H]21
ZINC000005357374,CC(C)(Cl)[C@H](O)COc1c2ccoc2cc2oc(=O)ccc12
ZINC000005432581,O=c1c2ccccc2ncn1C[C@]1(O)C[C@@H]2NCCC[C@@H]2O1
ZINC000005432583,O=c1c2ccccc2ncn1C[C@@]1(O)C[C@@H]2NCCC[C@@H]2O1
ZINC000005452635,CC(C)=CC[C@H](OC(=O)C(C)C)C1=CC(=O)c2c(O)ccc(O)c2C1=O
ZINC000005480265,C/C=C1/C[C@H](C)[C@](O)(CO)C(=O)OCC2=CCN3CC[C@@H](OC1=O)[C@@H]23
ZINC000005528477,COC(=O)C1=CO[C@H](C)[C@@H]2CN3CC[C@]4(C(=O)Nc5ccccc54)[C@@H]3C[C@H]12
ZINC000005722524,COc1c2c3c4c(c(OC)c(=O)c5c(O)cc(OC)c(c6c(OC)cc(O)c(c1=O)c63)c54)[C@@H](C(C)=O)[C@@](C)(O)C2
ZINC000005757941,COc1cc(CNC(=O)CCCCCC(C)C)ccc1O
ZINC000005764767,COc1cc2c(cc1O)[C@@H](Cc1ccc(O)cc1)[N+](C)(C)CC2
ZINC000005766692,CC1=C2[C@H]3O[C@]34CC[C@@H]3C(C)(C)CCC[C@@]3(C)[C@@H]4[C@H]3O[C@@]23OC1=O
ZINC000005782760,Cc1cccc2c3c(ccc12)C(=O)C1=C(OC[C@@H]1C)C3=O
ZINC000005784821,O=c1c(O)c(-c2ccc(O)c(O)c2)oc2cc(O)c(O)c(O)c12
ZINC000005817054,CC(C)=CC(=O)OC(C)(C)[C@@H]1Cc2cc3ccc(=O)oc3cc2O1
ZINC000005853670,C=C(C)[C@H](O)COc1ccc2c(OC)c3ccoc3nc2c1OC
ZINC000005854640,CC(C)=CCc1cc(C(=O)/C=C/c2ccc(O)cc2)c(O)cc1O
ZINC000005854698,CC(C)=CCc1cc([C@@H]2CC(=O)c3ccc(O)c(CC=C(C)C)c3O2)ccc1O
ZINC000005854709,CC(C)=CCc1cc([C@H]2CC(=O)c3ccc(O)c(CC=C(C)C)c3O2)ccc1O
ZINC000005934539,O=c1cc(-c2ccccc2)oc2c(O)c(O)cc(O)c12
ZINC000005998597,COc1c(-c2ccccc2)oc2cc(O)cc(O)c2c1=O
ZINC000005999083,COc1cc(CCC(=O)CCCCc2ccccc2)ccc1O
ZINC000005999089,COc1cc(CCc2cc(OC)c(O)c(OC)c2)ccc1O
ZINC000006001630,C=C(C)[C@H](CC=C(C)C)Cc1c(O)cc(OC)c2c1O[C@H](c1ccc(O)cc1O)[C@@H](O)C2=O
ZINC000006018558,COc1ccc(-c2cc(=O)c3c(OC)c(OC)c(OC)c(OC)c3o2)cc1O
ZINC000006018929,COc1cc(O)c2c(=O)c3c(O)c(OC)ccc3oc2c1
ZINC000006031422,C=C(C)C(=O)O[C@H]1[C@@H]2[C@H](C)C(=O)O[C@@H]2C[C@@H](C)[C@@H]2C=CC(=O)[C@@]12C
ZINC000006032324,C[C@@]12C[C@@H](c3ccoc3)OC(=O)[C@@H]1CC[C@]1(C)[C@H]2[C@@H]2C=C[C@@]1(O)C(=O)O2
ZINC000006040344,C=C(CC[C@@H](C(=O)O)[C@H]1[C@H](O)C[C@@]2(C)C3=CC[C@@H](C(=C)C)[C@](C)(CCC(=O)O)C3=CC[C@]12C)C(C)C
ZINC000006069259,COc1cc2cc[n+]3cc4c5c(ccc4c(C)c3c2cc1OC)OCO5
ZINC000006070308,COc1cc2c(c(O)c1OC)C(=O)c1c(cc(C)c(O)c1OC)C2=O
ZINC000006091575,Nc1ccn([C@@H]2O[C@H](CO)[C@H](O)[C@H]2O)c(=O)n1
ZINC000006092269,O=c1c2c(O)cc(O)cc2oc2c(O)ccc(O)c12
ZINC000006093915,O=C(O)c1cc2c(c3c1c([N+](=O)[O-])cc1c(O)cccc13)OCO2
ZINC000006094187,c1cc2c(cc1O[C@H]1OC[C@@H]3[C@@H](c4ccc5c(c4)OCO5)OC[C@H]13)OCO2
ZINC000006119283,Nc1nc2c(ncn2[C@@H]2O[C@H](CO)[C@H](O)[C@H]2O)c(=O)[nH]1
ZINC000006411759,COc1ccc([C@@H]2OC[C@@H]3[C@H](c4ccc(OC)c(OC)c4)OC[C@H]23)cc1OC
ZINC000006484558,COc1ccc(-c2coc3cc(O)c(OC)c(O)c3c2=O)cc1
ZINC000006484604,COc1ccc(-c2oc3cc(O)cc(O)c3c(=O)c2O)cc1O
ZINC000006525240,OC[C@H]1O[C@@H](Oc2cc(O)cc(/C=C/c3ccc(O)cc3O)c2)[C@H](O)[C@@H](O)[C@@H]1O
ZINC000006536276,O=c1c(O)c(-c2ccc(O)cc2)oc2c(O)c(O)cc(O)c12
ZINC000006567525,O=c1c2cc(O)ccc2oc2c([C@@H]3O[C@H](CO)[C@@H](O)[C@H](O)[C@H]3O)c(O)cc(O)c12
ZINC000006569100,CC(C)[C@@H](C)CC[C@@H](C)[C@H]1CC[C@H]2[C@@H]3CC=C4C[C@@H](O)CC[C@]4(C)[C@H]3CC[C@@]21C
ZINC000006569123,O=C(O)c1cc(O)c2c(c1)[C@H]([C@@H]1c3cccc(O)c3C(=O)c3c(O)cc(C(=O)O)cc31)c1cccc(O)c1C2=O
ZINC000006585367,Nc1nc2c(ncn2[C@@H]2O[C@H](CO)[C@@H](O)[C@@H]2O)c(=O)[nH]1
ZINC000008143466,CC[C@@]1([C@@H]2O[C@@H]([C@H]3O[C@@](O)(CO)[C@H](C)C[C@@H]3C)C[C@@H]2C)CC[C@H]([C@]2(C)CC[C@]3(C[C@H](O)[C@@H](C)[C@@H]([C@@H](C)[C@@H](OC)[C@H](C)C(=O)O)O3)O2)O1
ZINC000008214489,C[C@@H]1CC[C@H]2[C@@H](C)[C@@H](OC(=O)CCC(=O)O)O[C@@H]3O[C@@]4(C)CC[C@@H]1[C@@]23OO4
ZINC000008214562,C=C[C@@H](O)C#CC#C[C@@H](O)/C=C\CCCCCCC
ZINC000008214783,CCCCCCCCCCCCCC(=O)O[C@@H]1[C@@H](C)[C@@]2(O)[C@@H](C=C(CO)C[C@]3(O)C(=O)C(C)=C[C@@H]23)[C@@H]2C(C)(C)[C@]12OC(C)=O
ZINC000008214943,CC(C)=CCC/C(C)=C/C=C/C(C)=C/C=C/C(C)=C/C=C/C=C(C)/C=C/C=C(C)/C=C/C=C(\C)CCC=C(C)C
ZINC000008214966,CC(C)[C@]12O[C@H]1[C@@H]1O[C@@]13[C@@]1(C)CCC4=C(COC4=O)[C@@H]1C[C@@H]1O[C@@]13C2=O
ZINC000008218788,OC[C@H]1O[C@H](O[C@]2(CO[C@]3(CO)O[C@H](CO)[C@@H](O)[C@@H]3O)O[C@H](CO)[C@@H](O)[C@@H]2O)[C@H](O)[C@@H](O)[C@@H]1O
ZINC000008221218,CC(=O)O[C@H]1CC(C)(C)C(=C=C/C(C)=C/C=C/C(C)=C/C=C/C=C(C)/C=C/C=C(\C)C(=O)C[C@@]23O[C@]2(C)C[C@@H](O)CC3(C)C)[C@](C)(O)C1
ZINC000008221225,CC1=C[C@H](O)CC(C)(C)[C@H]1/C=C/C(C)=C/C=C/C(C)=C/C=C/C=C(C)/C=C/C=C(C)/C=C/C1=C(C)C[C@@H](O)CC1(C)C
ZINC000008221322,CC1=CC(=O)[C@@H](O)[C@@]2(C)[C@H]1C[C@H]1OC(=O)[C@H](O)[C@@]3(O)[C@]4(C)OC[C@]13[C@@H]2[C@@H](O)[C@@H]4O
ZINC000008221382,CC(C)CC[C@@H](O)[C@](C)(O)[C@H]1CC[C@@]2(O)C3=CC(=O)[C@@H]4C[C@@H](O)[C@@H](O)C[C@]4(C)[C@H]3[C@H](O)C[C@]12C
ZINC000008234185,C[C@@H](CO)CC[C@@H](O)[C@](C)(O)[C@H]1CC[C@@]2(O)C3=CC(=O)[C@@H]4C[C@@H](O)[C@@H](O)C[C@]4(C)[C@H]3CC[C@]12C
ZINC000008234224,C[C@H]1[C@H]2[C@H](C[C@H]3[C@@H]4CC[C@H]5C[C@@H](O)CC[C@]5(C)[C@H]4CC(=O)[C@@]32C)O[C@]12CC[C@@H](C)CO2
ZINC000008234229,C[C@H]1CC[C@@]2(OC1)O[C@H]1C[C@H]3[C@@H]4CC=C5C[C@@H](O)CC[C@]5(C)[C@H]4CC[C@]3(C)[C@H]1[C@@H]2C
ZINC000008234240,C=C1[C@H](O)[C@@]23CC[C@@H]4[C@H](C(=O)O)C[C@@H](O[C@@H]5O[C@H](CO)[C@@H](OS(=O)(=O)O)[C@H](OS(=O)(=O)O)[C@H]5OC(=O)CC(C)C)C[C@@]4(C)[C@@H]2CC[C@@H]1C3
ZINC000008234301,C[C@@H]1O[C@@H](O[C@H]2[C@H](Oc3cc(O)c4c(c3)O[C@H](c3ccc(O)c(O)c3)CC4=O)O[C@H](CO)[C@@H](O)[C@@H]2O)[C@H](O)[C@H](O)[C@H]1O
ZINC000008234320,COc1ccc([C@@H]2CC(=O)c3c(O)cc(O[C@@H]4O[C@H](CO)[C@@H](O)[C@H](O)[C@H]4O[C@@H]4O[C@@H](C)[C@H](O)[C@@H](O)[C@H]4O)cc3O2)cc1
ZINC000008234329,CC(C)=CCc1c(O)ccc(C(=O)[C@@H]2[C@@H](c3c(O)cc(O)c4c(=O)c(CC=C(C)C)c(-c5ccc(O)cc5O)oc34)C=C(C)C[C@H]2c2ccc(O)cc2O)c1O
ZINC000008306334,COC(=O)C1=CO[C@H](C)[C@@H]2CN3CC[C@]4(C(=O)Nc5ccccc54)[C@H]3C[C@H]12
ZINC000008552018,C[C@@H]1C(=O)O[C@H]2C[C@]34[C@@H]5OC(=O)[C@]3(O[C@@H]3OC(=O)[C@H](O)[C@@]34[C@H](C(C)(C)C)[C@H]5O)[C@]21O
ZINC000008603302,CC(C)C1=CC2=CC[C@H]3[C@@](C)(CCC[C@@]3(C)C(=O)O)[C@H]2CC1
ZINC000008613125,Nc1nc2c(ncn2[C@@H]2O[C@H](CO)[C@H](O)[C@@H]2O)c(=O)[nH]1
ZINC000008674160,O=C1OC(=O)[C@H]2[C@H]1[C@@H]1CC[C@H]2O1
ZINC000008681494,O=C(O[C@@H]1Cc2c(O)cc(O)cc2O[C@H]1c1ccc(O)c(O)c1)c1cc(O)c(O)c(O)c1
ZINC000012153738,Cc1c2[n+](cc3cc4c(cc13)OCO4)CCc1cc3c(cc1-2)OCO3
ZINC000012336757,Nc1ccn([C@@H]2O[C@H](CO)[C@H](O)[C@@H]2O)c(=O)n1
ZINC000012371281,COc1ccc([C@H]2OC[C@@H]3[C@H](c4ccc(OC)c(OC)c4)OC[C@H]23)cc1OC
ZINC000012496045,COc1cc(C)c(/C=C/C(C)=C/C=C/C(C)=C\C(=O)O)c(C)c1C
ZINC000012890906,C[C@@H]1[C@H]2C3=CC[C@@H]4[C@@]5(C)CC[C@@H](O)C(C)(C)[C@@H]5CC[C@@]4(C)[C@]3(C)CC[C@@]2(C(=O)O)CC[C@H]1C
ZINC000012954494,CCCCCC[C@@H](O)C/C=C\CCCCCCCC(=O)O
ZINC000013119573,C/C=C(/C)C(=O)O[C@H]1c2c(ccc3ccc(=O)oc23)OC(C)(C)[C@H]1OC(=O)/C(C)=C\C
ZINC000013130928,CC1(C)C=Cc2c(ccc(-c3coc4cc(O)ccc4c3=O)c2O)O1
ZINC000013219891,C=C(C)[C@@H](O)COc1ccc2c(OC)c3ccoc3nc2c1OC
ZINC000013311346,C=CCc1cc(OC)c(O[C@@H](C)[C@H](O)c2ccc(O)c(OC)c2)c(OC)c1
ZINC000013311349,C=CCc1cc(OC)c(O[C@H](C)[C@H](O)c2ccc(O)c(OC)c2)c(OC)c1
ZINC000013311350,C=CCc1cc(OC)c(O[C@@H](C)[C@@H](O)c2ccc(O)c(OC)c2)c(OC)c1
ZINC000013311353,C=CCc1cc(OC)c(O[C@H](C)[C@@H](O)c2ccc(O)c(OC)c2)c(OC)c1
ZINC000013326481,C=C1C[C@H](OC(=O)/C(C)=C/CO)[C@H]2C(=C)C(=O)O[C@@H]2[C@@H]2[C@H]1C=C[C@@]2(C)O
ZINC000013328101,CC(=O)OC(C)(C)CC(=O)O[C@@H](CC=C(C)C)C1=CC(=O)c2c(O)ccc(O)c2C1=O
ZINC000013328103,CC(=O)OC(C)(C)CC(=O)O[C@H](CC=C(C)C)C1=CC(=O)c2c(O)ccc(O)c2C1=O
ZINC000013330601,CC(C)=CCC[C@@H](C(=O)O)[C@H]1[C@H](O)C[C@@]2(C)C3=C(CC[C@]12C)[C@@]1(C)CC[C@H](O)C(C)(C)[C@@H]1CC3
ZINC000013330706,CC(C)=CCC[C@@H](C(=O)O)[C@H]1[C@H](O)C[C@@]2(C)C3=CC[C@H]4C(C)(C)[C@@H](O)CC[C@]4(C)C3=CC[C@]12C
ZINC000013334850,C=C(CC[C@@H](C(=O)O)[C@H]1[C@H](O)C[C@@]2(C)C3=CC[C@H]4C(C)(C)[C@@H](O)CC[C@]4(C)C3=CC[C@]12C)C(C)C
ZINC000013334854,C=C(CC[C@@H](C(=O)O)[C@H]1[C@H](O)C[C@@]2(C)C3=CC[C@H]4C(C)(C)C(=O)CC[C@]4(C)C3=CC[C@]12C)C(C)C
ZINC000013341182,COc1cc(O)ccc1CCC(=O)c1ccc(O)cc1
ZINC000013359966,CC(C)(O)[C@@H]1Cc2c(cc3oc(CO)cc(=O)c3c2O)O1
ZINC000013374379,C=C(C)C(=O)Cc1c(OC)ccc2ccc(=O)oc12
ZINC000013377891,COc1cc(CC[C@@H](O)C[C@H](O)CCc2ccc(O)c(OC)c2)ccc1O
ZINC000013377892,COc1cc(CC[C@H](O)C[C@@H](O)CCc2ccc(O)c(OC)c2)ccc1O
ZINC000013377893,COc1cc(CC[C@H](O)C[C@H](O)CCc2ccc(O)c(OC)c2)ccc1O
ZINC000013380841,COc1c2ccoc2c(OC[C@H]2OC2(C)C)c2oc(=O)ccc12
ZINC000013382496,COc1c(O)cc2oc3cc4c(c(O)c3c(=O)c2c1CC=C(C)C)CCC(C)(C)O4
ZINC000013383393,O=C(O)/C=C/c1ccc(O)c2c1[C@@H](C(=O)O)[C@@H](c1ccc(O)c(O)c1)O2
ZINC000013383394,O=C(O)/C=C/c1ccc(O)c2c1[C@@H](C(=O)O)[C@H](c1ccc(O)c(O)c1)O2
ZINC000013385490,O=C(O)C[C@@H](C(=O)O)[C@H]1c2c(cc(O)c(O)c2O)C(=O)O[C@@H]1C(=O)O
ZINC000013385491,O=C(O)C[C@@H](C(=O)O)[C@@H]1c2c(cc(O)c(O)c2O)C(=O)O[C@@H]1C(=O)O
ZINC000013385539,CCOc1cc2c3ccc(OC)c(OC)c3c[n+](C)c2c2cc3c(cc12)OCO3
ZINC000013412576,COc1cc(/C=C/C(=O)CC(=O)CCc2ccc(O)c(OC)c2)ccc1O
ZINC000013412803,C=C[C@]1(C)Cc2occ(C)c2C(=O)[C@H]1C(=C)C
ZINC000013432845,CC(=O)O[C@@H](CC=C(C)C)c1coc(-c2cc(O)ccc2O)c1
ZINC000013432847,CC(=O)O[C@H](CC=C(C)C)c1coc(-c2cc(O)ccc2O)c1
ZINC000013434316,COc1cc2cc3c4c(cc5c(c4c2cc1OC)OCO5)CCN3C
ZINC000013434330,C[n+]1c2n(c(=O)c3ccccc31)CCc1c-2[nH]c2ccccc12
ZINC000013481896,Cc1c(O)c(C)c2occ(Cc3ccc4c(c3)OCO4)c(=O)c2c1O
ZINC000013481902,Cc1c(O)c(C=O)c(O)c2c1OC[C@@H](Cc1ccc3c(c1)OCO3)C2=O
ZINC000013485410,CC(C)=CCc1cc(-c2cc(=O)c3cc(CC=C(C)C)c(O)cc3o2)ccc1O
ZINC000013507280,COc1cc(/C=C\C=O)ccc1O
ZINC000013513540,O=C(CCc1ccc(O)c(O)c1)NCCCNCCCCNCCCNC(=O)CCc1ccc(O)c(O)c1
ZINC000013515662,O=C(O)[C@H]1O[C@@H](Oc2c(-c3ccc(O)c(O)c3)oc3cc(O)cc(O)c3c2=O)[C@H](O)[C@@H](O)[C@@H]1O
ZINC000013532008,C/C1=C\CCC2=C[C@@H](OC2=O)c2c(C)coc2C1
ZINC000013537622,O=c1c(O)c(-c2ccc(O)c(O)c2)oc2cc(O[C@@H]3O[C@H](CO)[C@@H](O)[C@H](O)[C@H]3O)c(O)c(O)c12
ZINC000013543704,O=C(O)[C@H]1O[C@@H](Oc2cc(O)c3c(=O)cc(-c4ccc(O)cc4)oc3c2)[C@H](O)[C@@H](O)[C@@H]1O
ZINC000013545678,OC[C@H](O)[C@H](O)[C@@H](O)[C@H](O)CO
ZINC000013545749,CCCCCC[C@H](O)C/C=C\CCCCCCCC(=O)O
ZINC000013660176,Cc1ccc([C@]2(COC(=O)C(C)C)CO2)c(OC(=O)C(C)C)c1
ZINC000013660178,Cc1ccc([C@@]2(COC(=O)C(C)C)CO2)c(OC(=O)C(C)C)c1
ZINC000013761324,COc1cc2oc(-c3ccc(O)cc3)cc(=O)c2c(O)c1[C@@H]1O[C@H](CO)[C@@H](O)[C@H](O)[C@H]1O
ZINC000013781298,COc1ccc(/C=C/C(=O)CC(=O)/C=C/c2ccc(OC)c(OC)c2)cc1OC
ZINC000013783214,C/C=C1/C(=O)C[C@@H]2[C@H]3CCC4=CC(=O)CC[C@@]4(C)[C@@H]3CC[C@]12C
ZINC000013783217,C/C=C1/C(=O)C[C@@H]2[C@H]3CCC4=CC(=O)CC[C@]4(C)[C@@H]3CC[C@]12C
ZINC000013783662,COc1cc(-c2coc3cc(O[C@H]4O[C@@H](CO)[C@H](O)[C@@H](O)[C@@H]4O)c(OC)c(O)c3c2=O)cc(O)c1OC
ZINC000013827719,CC1=C[C@H]2[C@@]3(O)[C@H](C)[C@@H](O)[C@]4(O)[C@H]([C@H]3C=C(CO)C[C@]2(O)C1=O)C4(C)C
ZINC000013827726,CC1=C[C@@]23C(=O)[C@@H](C=C(CO)[C@@H](O)[C@]2(O)[C@H]1O)[C@H]1[C@@H](C[C@H]3C)C1(C)C
ZINC000013837636,CN1CC[C@@]2([C@@]34CCN(C)[C@@H]3Nc3ccccc34)c3ccccc3N[C@@H]12
ZINC000014089743,C[C@H]1[C@H](C)CC[C@]2(C)CC[C@]3(C)C(=CC[C@@H]4[C@@]5(C)CC[C@@H](O)[C@](C)(C(=O)O)[C@@H]5CC[C@]43C)[C@H]12
ZINC000014089751,CC(=O)O[C@@H]1CC[C@@]2(C)[C@@H](CC[C@]3(C)[C@@H]2CC=C2[C@@H]4[C@@H](C)[C@H](C)CC[C@]4(C)CC[C@]23C)[C@@]1(C)C(=O)O
ZINC000014089759,C[C@H]1[C@H](C)CC[C@]2(C)CC[C@]3(C)C(=CC(=O)[C@@H]4[C@@]5(C)CC[C@@H](O)[C@](C)(C(=O)O)[C@@H]5CC[C@]43C)[C@H]12
ZINC000014263020,CCCCCCCCC/C=C/C(=O)CCc1ccc(O)c(OC)c1
ZINC000014437440,COc1cc(-c2coc3cc4c(c(O)c3c2=O)OCO4)cc(O)c1OC
ZINC000014439259,COc1cc2c(cc1O)CC[N+](C)(C)[C@@H]2Cc1ccc(O)cc1
ZINC000014441929,C=C[C@@H]1[C@H]2C=C(C)C[C@]1(N)c1ccc(=O)[nH]c1C2
ZINC000014453834,C=C1C(=O)O[C@@H]2[C@H]1CCC(C)=C1CC[C@@](C)(O)[C@@H]12
ZINC000014453836,C=C1C(=O)O[C@@H]2[C@H]1CCC(C)=C1CC[C@@](C)(O)[C@H]12
ZINC000014489525,CCO[C@@H]1C=C[C@H](OC(=O)c2ccccc2)[C@@H](O)[C@@]1(O)COC(=O)c1ccccc1
ZINC000014489547,CC(=O)O[C@@H]1[C@H](OC(=O)c2ccccc2)C=C[C@@H](O)[C@@]1(O)COC(=O)c1ccccc1
ZINC000014489615,O=C(OC[C@]1(O)C(=O)C=C[C@H](OC(=O)c2ccccc2)[C@H]1O)c1ccccc1
ZINC000014489617,O=C(OC[C@]1(O)C(=O)C=C[C@H](OC(=O)c2ccccc2)[C@@H]1O)c1ccccc1
ZINC000014489619,O=C(OC[C@]1(O)C(=O)C=C[C@@H](OC(=O)c2ccccc2)[C@H]1O)c1ccccc1
ZINC000014489621,O=C(OC[C@]1(O)C(=O)C=C[C@@H](OC(=O)c2ccccc2)[C@@H]1O)c1ccccc1
ZINC000014507409,CCCc1cc(=O)c2ccccc2n1C
ZINC000014514479,COC[C@H]1Cc2cc(OC)c3c(c2[C@@H](c2ccc(OC)c(OC)c2)[C@@H]1COC)OCO3
ZINC000014589885,C/C=C(\C)C(=O)O[C@@H]([C@H](O)c1cc2ccc(=O)oc2cc1OC)C(C)(C)O
ZINC000014594696,COc1cc([C@@H]2Oc3cc4oc(=O)ccc4cc3O[C@@H]2CO)cc(OC)c1O
ZINC000014594697,COc1cc([C@H]2Oc3cc4oc(=O)ccc4cc3O[C@@H]2CO)cc(OC)c1O
ZINC000014594699,COc1cc([C@H]2Oc3cc4oc(=O)ccc4cc3O[C@H]2CO)cc(OC)c1O
ZINC000014615557,Cc1coc2c1C(=O)C(=O)c1c-2ccc2c1CCCC2=O
ZINC000014619285,COc1cc2c(cc1OC)-c1cc3ccc4c(c3c(=O)n1CC2)OCO4
ZINC000014619484,C=C(C(=O)O)[C@@H]1CC[C@@H](C)[C@@H]2CC(=O)C(C)=C2C1
ZINC000014619485,C=C(C(=O)O)[C@@H]1CC[C@H](C)[C@@H]2CC(=O)C(C)=C2C1
ZINC000014636433,COc1cc2c(cc1OC)-c1cc3ccc(OC)c(O)c3c[n+]1CC2
ZINC000014658321,O=C(CCCCc1ccc2c(c1)OCO2)N1CCCCC1
ZINC000014680812,Cc1cc(O)c2c(=O)c3c(O)cc(O)c4c5c(O)cc(O)c6c(=O)c7c(O)cc(C)cc7c(c65)c(c2c1)c34
ZINC000014681710,CCCC(=O)c1c(O)c(Cc2c(O)c(C)c(OC)c(C(=O)CCC)c2O)c(O)c(C)c1OC
ZINC000014690032,O=C(O)Cc1c(/C=C/C(=O)O[C@H](Cc2ccc(O)c(O)c2)C(=O)O)ccc(O)c1O
ZINC000014690034,O=C(O)/C=C/c1ccc(O)c(O)c1/C=C/c1ccc(O)c(O)c1
ZINC000014690583,CC1(C)C=Cc2c(O)ccc([C@@H]3CC(=O)c4c(O)cc(O)cc4O3)c2O1
ZINC000014692411,COc1cc2c(c(O)c1OC)-c1c(cc(OC)c(OC)c1OC)C[C@@](C)(O)[C@@H](C)C2
ZINC000014692418,C/C=C(/C)C(=O)Oc1c(OC)c(OC)cc2c1-c1c(cc(OC)c(OC)c1OC)C[C@@](C)(O)[C@@H](C)C2
ZINC000014709358,COc1cc2c(cc1OC)[C@H]1Cc3ccc4c(c3CN1CC2)OCO4
ZINC000014711629,C=C(C)[C@H](CC=C(C)C)Cc1c(O)cc(OC)c2c1O[C@H](c1ccc(O)cc1O)CC2=O
ZINC000014711635,C=C(C)[C@H](CC=C(C)C)Cc1c(O)cc(OC)c2c1O[C@H](c1ccc(O)cc1OC)CC2=O
ZINC000014712793,NCCCN(CCCCNCCCNC(=O)CCc1ccc(O)c(O)c1)C(=O)CCc1ccc(O)c(O)c1
ZINC000014722312,C/C=C/C=C/C=C/CC/C=C/C=C/C(=O)NCC(C)(C)O
ZINC000014726530,O=c1oc2cc(O)cc(O)c2c2oc3cc(O)c(O)cc3c12
ZINC000014726551,O=c1oc2c(O)cc(O)cc2c2oc3cc(O)c(O)cc3c12
ZINC000014727631,COc1c(O)cc2oc3cc(O)c(CCC(C)(C)O)c(O)c3c(=O)c2c1CC=C(C)C
ZINC000014727633,COc1c(O)cc2oc3cc(O)c(CC=C(C)C)c(O)c3c(=O)c2c1CCC(C)(C)O
ZINC000014757112,O=C(O)[C@@H]1O[C@@H](Oc2cc(-c3cc(=O)c4c(O)cc(O)cc4o3)ccc2O)[C@@H](O)[C@@H](O)[C@@H]1O
ZINC000014757114,O=C(O)[C@@H]1O[C@@H](Oc2cc(-c3cc(=O)c4c(O)cc(O)cc4o3)ccc2O)[C@H](O)[C@@H](O)[C@@H]1O
ZINC000014758732,COc1ccc([C@@H]2COc3cc(O)ccc3C2)c(O)c1OC
ZINC000014758734,COc1ccc([C@H]2COc3cc(O)ccc3C2)c(O)c1OC
ZINC000014760151,COc1cc(C[C@@H](C)[C@@H](C)Cc2ccc3c(c2)OCO3)ccc1O
ZINC000014762510,COc1c(/C=C/C(=O)c2ccc(O)c(CC=C(C)C)c2)ccc(O)c1O
ZINC000014762806,COc1cc(O)c2c(=O)c(O)c(-c3ccc(O)cc3)oc2c1CC=C(C)C
ZINC000014780701,CC(C)=CCc1cc(/C=C/C(=O)c2ccc(O)c(CC=C(C)C)c2O)ccc1O
ZINC000014814114,COc1c(O)c(C)cc2c1C(=O)c1c(O)cccc1C2=O
ZINC000014814929,Cc1c(O)cc(O)c2c1O[C@H](c1ccc(O)cc1)CC2=O
ZINC000014819151,COc1c(/C=C/C(=O)c2ccc(O)cc2)ccc(O)c1CC=C(C)C
ZINC000014820583,COc1ccc2c(c1OC)O[C@H]1c3ccc(O)cc3OC[C@@H]21
ZINC000014820584,COc1ccc2c(c1OC)O[C@H]1c3ccc(O)cc3OC[C@H]21
ZINC000014820586,COc1ccc2c(c1OC)O[C@@H]1c3ccc(O)cc3OC[C@@H]21
ZINC000014820588,COc1ccc2c(c1OC)O[C@@H]1c3ccc(O)cc3OC[C@H]21
ZINC000014918951,C[C@]12CCc3occc3[C@@H]1CC[C@@]13C[C@@H](CC[C@@H]12)[C@@](O)(CO)C3
ZINC000014918954,C[C@]12C=Cc3occc3[C@@H]1CC[C@@]13C[C@@H](CC[C@@H]12)[C@@](O)(CO)C3
ZINC000014922903,O=C(O)C[C@H](C(=O)O)[C@H]1c2c(cc(O)c(O)c2O)C(=O)O[C@@H]1C(=O)O
ZINC000014966421,O=C(/C=C/c1ccc(O)c(O)c1)O[C@@H]1C[C@](OC(=O)/C=C/c2ccc(O)c(O)c2)(C(=O)O)C[C@@H](O)[C@H]1O
ZINC000014980302,C=C(C)[C@@H]1CC[C@]2(C(=O)O)CC[C@]3(C)[C@H](CC[C@@H]4[C@@]5(C)CC[C@H](O)[C@@](C)(CO)[C@@H]5CC[C@]43C)[C@@H]12
ZINC000015115129,CC(C)=CCc1cc2c(=O)cc(-c3ccc(O)cc3)oc2cc1O
ZINC000015116580,C=C1C(=O)O[C@@H]2CC(C)=C([C@H](C)CCCOC(C)=O)[C@@H](O)[C@@H]12
ZINC000015146195,C/C=C\C=C\C=C/CC/C=C/C(O)=N/CC(C)(C)O
ZINC000015150941,CC[C@@H]1CN2CCc3cc(OC)c(OC)cc3[C@@H]2C[C@@H]1C[C@@H]1NCCc2cc(O)c(OC)cc21
ZINC000015154127,C/C1=C/CC/C(C)=C/C[C@@]2(C(C)C)CC[C@@](C)(O2)[C@@H](O)CC1
ZINC000015160861,C=C1C[C@@]2(O)O[C@@]3(CC2=C(C)C)[C@@H](C)CC[C@@H]13
ZINC000015203288,CC(C)=CCc1c2c(c(O)c3c(=O)ccoc13)C=CC(C)(C)O2
ZINC000015216702,C=CC(C)(C)C1=Cc2c(c(CC=C(C)C)c3occ(-c4ccc(O)c(O)c4)c(=O)c3c2O)OC1(C)C
ZINC000015253910,CC(C)=CCC/C(C)=C/Cc1cc([C@H]2CC(=O)c3c(O)cc(O)cc3O2)c(O)cc1O
ZINC000015262534,COc1cc2c(c(OC)c1OC)-c1c(cc3c(c1OC)OCO3)C[C@H](C)[C@H](C)[C@H]2O
ZINC000015262569,COc1cc2c(c(OC)c1OC)-c1c(cc3c(c1OC)OCO3)C[C@H](C)[C@H](C)[C@H]2OC(=O)c1ccccc1
ZINC000015264117,COc1cc2c(cc1O)CC[n+]1cc3c4c(ccc3cc1-2)OCO4
ZINC000015267534,COC(=O)C[C@](O)(CCC(C)(C)O)C(=O)O[C@H]1C(OC)=C[C@@]23CCCN2CCc2cc4c(cc2[C@@H]13)OCO4
ZINC000015657709,C[C@@]12C[C@@H](c3ccoc3)OC(=O)[C@H]1CC[C@]1(C)[C@H]2[C@@H]2C=C[C@@]1(O)C(=O)O2
ZINC000015657761,COC(=O)C[C@@](O)(CCC(C)(C)O)C(=O)O[C@H]1C(OC)=C[C@@]23CCCN2CCc2cc4c(cc2[C@H]13)OCO4
ZINC000016943064,C=C1CC[C@H]2[C@@](C)(CC[C@@H](O)[C@@]2(C)CO)[C@@H]1CCC1=CCOC1=O
ZINC000016954710,CC(=O)O[C@@H](CC=C(C)C)C1=CC(=O)c2c(O)ccc(O)c2C1=O
ZINC000017149644,CC[C@@H]1CN2CC[C@]3(C(=O)Nc4ccccc43)[C@@H]2C[C@@H]1/C(=C\OC)C(=O)OC
ZINC000017300278,COc1ccc(/C=C\C(=O)c2c(O)cc(OC)cc2OC)cc1
ZINC000017654227,CC1(C)CCC[C@@](C)([C@H]2CC[C@]3(C)[C@@H]2[C@H](O)C[C@@H]2[C@@]4(C)CC[C@H](O)C(C)(C)[C@@H]4[C@@H](O)C[C@]23C)O1
ZINC000017836230,COc1ccc([C@H]2O[C@@H](c3ccc(OC)c(OC)c3)[C@@H](C)[C@@H]2C)cc1OC
ZINC000018825333,O=C1Nc2ccccc2/C1=C1/Nc2ccccc2C1=O
ZINC000020759047,COc1cc2c(cc1OC)[C@@H]1Cc3ccc4c(c3CN1CC2)OCO4
ZINC000021992845,CC1=C(CCC2=CCOC2=O)[C@]2(C)CC[C@@H](O)[C@@](C)(CO)[C@H]2CC1
ZINC000021992907,C=C1C(=O)[C@]23[C@@H](O)[C@H]1CC[C@H]2[C@@]12CO[C@]3(O)[C@@H](O)[C@@H]1C(C)(C)CC[C@@H]2O
ZINC000022066528,COc1cc2c(cc1O)[C@@H]1Cc3ccc(O)c(OC)c3CN1CC2
ZINC000024215108,O=C(O[C@@H]1Cc2c(O)cc(O)cc2O[C@@H]1c1cc(=O)c(O)c2c(O)c(O)c(O)cc2c1)c1cc(O)c(O)c(O)c1
ZINC000025692295,COc1cc2c(cc1OC)[C@H]1[C@H](C)c3ccc(OC)c(OC)c3CN1CC2
ZINC000026297142,C/C=C(\C)C(=O)O[C@@H]1[C@H](OC(C)=O)c2c(ccc3ccc(=O)oc23)OC1(C)C
ZINC000026489484,COc1cc([C@@H]2c3cc4c(cc3C(=O)[C@H]3COC(=O)[C@H]32)OCO4)cc(OC)c1OC
ZINC000026490620,Oc1cc(O)c2c(c1)O[C@H](c1ccc(O)c(O)c1)[C@H](O)[C@H]2c1c(O)cc(O)c2c1O[C@H](c1ccc(O)c(O)c1)[C@@H](O)C2
ZINC000026826077,C[C@H](C[C@H](O)[C@@H](O)C(C)(C)O)C1=C2C[C@H](O)[C@H]3[C@@]4(C)CCC(=O)C(C)(C)[C@@H]4CC[C@]3(C)[C@@]2(C)CC1
ZINC000026826463,CC(=O)O[C@H]([C@@H](O)C[C@@H](C)C1=C2C[C@H](O)[C@H]3[C@@]4(C)CCC(=O)C(C)(C)[C@@H]4CC[C@]3(C)[C@@]2(C)CC1)C(C)(C)O
ZINC000026829933,C[C@H](C[C@H](O)[C@H]1OC1(C)C)C1=C2C[C@H](O)[C@H]3[C@@]4(C)CCC(=O)C(C)(C)[C@@H]4CC[C@]3(C)[C@@]2(C)CC1
ZINC000026835929,C=C(C)[C@H](O)[C@@H](O)C[C@@H](C)C1=C2C[C@H](O)[C@H]3[C@@]4(C)CCC(=O)C(C)(C)[C@@H]4CC[C@]3(C)[C@@]2(C)CC1
ZINC000026892384,COC(=O)C[C@@](O)(CCC(C)(C)O)C(=O)O[C@H]1C(OC)=C[C@@]23CCCN2CCc2cc4c(cc2[C@@H]13)OCO4
ZINC000026892394,COC(=O)C[C@](O)(CCC(C)(C)O)C(=O)O[C@H]1C(OC)=C[C@@]23CCCN2CCc2cc4c(cc2[C@H]13)OCO4
ZINC000026980973,COc1cc2c3c(c1OC)-c1ccccc1C[C@@H]3NCC2
ZINC000027106486,COc1cc(/C=C/c2ccc(O)c(O)c2)cc(OC)c1
ZINC000027556386,O=C(/C=C/c1ccc(O)c(O)c1)O[C@H]1C[C@](OC(=O)/C=C/c2ccc(O)c(O)c2)(C(=O)O)C[C@@H](O)[C@H]1O
ZINC000028536268,C[C@@H]1C(=O)O[C@H]2[C@H](O)[C@]34[C@@H]5OC(=O)[C@]3(O[C@H]3OC(=O)[C@H](O)[C@@]34[C@H](C(C)(C)C)[C@H]5O)[C@@]12O
ZINC000028539613,CCN1C[C@]2(COC)CC[C@H](OC)[C@@]34[C@@H]5C[C@@H]6[C@@H](OC)C[C@](O)([C@@H](C[C@H]23)[C@@H]14)[C@H]5[C@H]6O
ZINC000028642721,O=C(O)c1cc(O)c2c(c1)[C@@H]([C@@H]1c3cccc(O)c3C(=O)c3c(O)cc(C(=O)O)cc31)c1cccc(O)c1C2=O
ZINC000028654629,CC(C)=CCC[C@@H](C(=O)O)[C@H]1CC[C@@]2(C)C3=CC[C@H]4C(C)(C)[C@@H](O)CC[C@]4(C)C3=CC[C@]12C
ZINC000028654636,C=C(CC[C@@H](C(=O)O)[C@H]1CC[C@@]2(C)C3=CC[C@H]4C(C)(C)[C@@H](O)CC[C@]4(C)C3=CC[C@]12C)C(C)C
ZINC000028654649,C=C(CC[C@@H](C(=O)O)[C@H]1[C@H](O)C[C@@]2(C)C3=CC[C@H]4C(C)(C)[C@@H](OC(C)=O)CC[C@]4(C)C3=CC[C@]12C)C(C)C
ZINC000028770365,CC(C)=CCC[C@@](C)(O)[C@H]1CC[C@]2(C)[C@@H]1[C@H](O)C[C@@H]1[C@@]3(C)CC[C@H](O)C(C)(C)[C@@H]3CC[C@]12C
ZINC000028966291,CC(=O)O[C@]12CCC(C(=O)O)=CC[C@]13CC[C@H]2[C@@](C)(/C=C/C=C(\C)C(=O)O)OC3=O
ZINC000029466069,C[S@@](=O)/C=C/CCN=C=S
ZINC000029746997,COc1cc2c(cc1O)CCN1Cc3c(ccc(OC)c3OC)C[C@H]21
ZINC000029747798,CCN1C[C@]2(COC)CC[C@H](O)[C@]34[C@H]1[C@](O)([C@@H](OC)[C@H]23)[C@@]1(O)C[C@H](OC)[C@H]2C[C@@H]4[C@@H]1[C@H]2OC
ZINC000030726283,C=C1C(=O)O[C@H]2[C@H]1CC/C(C)=C/CC[C@@]1(C)O[C@@H]21
ZINC000030726628,CCN1C[C@]2(C)CC[C@H](OC)[C@@]34[C@H]1[C@]1(OCO[C@@]15C[C@H](OC)[C@H]1C[C@]3(O)[C@@H]5[C@H]1OC)[C@@H](OC(C)=O)[C@H]24
ZINC000030726633,C=C1[C@H]2CC[C@]3([C@@H]([C@H]2O)[C@@]24CCC[C@@]5(C)CN(CC)[C@@H]2[C@@H]3C[C@@H]45)[C@@H]1O
ZINC000030726646,CCN1C[C@]2(C)CC[C@H](O)[C@@]34[C@@H]5C[C@@H]6[C@@H](OC)C[C@](O)([C@@H](C[C@@H]32)[C@@H]14)[C@H]5[C@H]6O
ZINC000030726694,COC(=O)[C@]12OC[C@@]34[C@H]1[C@@H](OC(=O)C=C(C)C)C(=O)O[C@@H]3C[C@H]1C(C)=C(O)C(=O)C[C@]1(C)[C@H]4[C@@H](O)[C@@H]2O
ZINC000030726859,C=C1C(=O)O[C@@H]2/C=C(\C)CC/C=C(\C)CC[C@@H]12
ZINC000030726860,C=C(C)C(=O)O[C@H]1CC2=C[C@@H](C/C(C)=C/[C@H]3OC(=O)C(=C)[C@H]13)OC2=O
ZINC000030731600,C[C@H](CO)CC[C@@H](O)[C@](C)(O)[C@H]1CC[C@@]2(O)C3=CC(=O)[C@@H]4C[C@@H](O)[C@@H](O)C[C@]4(C)[C@H]3CC[C@]12C
ZINC000031155527,COc1c(O[C@@H]2O[C@H](CO)[C@@H](O)[C@H](O)[C@H]2O)cc2oc(-c3ccc(O)cc3)cc(=O)c2c1O
ZINC000031155604,O=c1c(O)c(-c2ccc(O)cc2)oc2cc(O[C@@H]3O[C@H](CO)[C@@H](O)[C@H](O)[C@H]3O)cc(O)c12
ZINC000031156113,COc1cc2oc(=O)ccc2cc1O[C@@H]1O[C@H](CO)[C@@H](O)[C@H](O)[C@H]1O
ZINC000031156164,CCC/C=C1\OC(=O)C2=C1CC[C@H](O)[C@@H]2O
ZINC000031156787,COc1c(O[C@@H]2O[C@H](C(=O)O)[C@@H](O)[C@H](O)[C@H]2O)cc2oc(-c3ccccc3)cc(=O)c2c1O
ZINC000031157455,CC(=O)OCC1=C[C@H](O)[C@@H]2C(C(=O)O)=CO[C@@H](O[C@@H]3O[C@H](CO)[C@@H](O)[C@H](O)[C@H]3O)[C@H]12
ZINC000031157838,CC(C)c1cc2c(c(O)c1O)[C@@]13CCCC(C)(C)[C@@H]1[C@@H](O)[C@@H]2OC3=O
ZINC000031157867,O=c1ccc2ccc(O[C@@H]3O[C@H](CO[C@@H]4OC[C@](O)(CO)[C@H]4O)[C@@H](O)[C@H](O)[C@H]3O)cc2o1
ZINC000031159723,COc1cc([C@@H]2[C@H]3C=C([C@H]4Oc5cc(O)cc(O)c5C(=O)[C@@H]4O)[C@H]4[C@@H]2CO[C@@]4(O)C3=O)ccc1O
ZINC000031161007,O=C(O)[C@H]1O[C@@H](Oc2cc(O)c3c(=O)cc(-c4ccccc4)oc3c2)[C@H](O)[C@@H](O)[C@@H]1O
ZINC000031166086,C=C(C)C(=O)O[C@H]1CC2=C[C@H](C/C(C)=C/[C@H]3OC(=O)C(=C)[C@H]13)OC2=O
ZINC000031168009,CC(C)C(=O)O[C@H]1[C@@H]2[C@H](C)C(=O)O[C@@H]2C[C@@H](C)[C@@H]2C=CC(=O)[C@@]12C
ZINC000031169747,CC(C)=CC[C@H](O)/C(C)=C/CO[C@@H]1O[C@H](CO)[C@@H](O)[C@H](O)[C@H]1O
ZINC000031302404,C[C@H](CC[C@H](O)C(C)(C)O)[C@H]1CC[C@@]2(C)C3=CC[C@H]4C(C)(C)C(=O)CC[C@]4(C)C3=CC[C@]12C
ZINC000031350059,C=C1CC[C@]2(C)CC[C@]3(C)[C@H](CC[C@@H]4[C@@]5(C)CC[C@H](OC(C)=O)C(C)(C)[C@@H]5CC[C@]43C)[C@H]2[C@@H]1C
ZINC000031391961,COc1c(O[C@@H]2O[C@H](CO)[C@@H](O)[C@H](O)[C@H]2O)cc2oc(-c3ccc(O)c(O)c3)cc(=O)c2c1O
ZINC000031495131,COC1=C(C)C(=O)O[C@]12C(=O)C(C)=C1CCCCN3[C@H]([C@@H]4C[C@H](C)C(=O)O4)CC[C@]132
ZINC000031495133,COC1=C(C)C(=O)O[C@]12C(=O)C(C)=C1CCCCN3[C@H]([C@@H]4C[C@H](C)C(=O)O4)CC[C@@]132
ZINC000031518144,CC1(C)Oc2cc3oc(-c4cc(O)cc(O[C@@H]5OC[C@@H](O)[C@H](O)[C@H]5O)c4)cc3cc2C[C@@H]1O
ZINC000031518148,CC1(C)Oc2cc3oc(-c4cc(O)cc(O[C@@H]5OC[C@@H](O)[C@H](O)[C@H]5O)c4)cc3cc2C[C@H]1O
ZINC000032840883,CCCCCCCCCCCCCC(=O)OC[C@@H](O)CO
ZINC000032840884,CCCCCCCCCCCCCC(=O)OC[C@H](O)CO
ZINC000033359782,CCN1C[C@@]2(COC)[C@H]3[C@@H](OC)[C@H]4[C@@H]1[C@]3([C@@H](OC)C[C@H]2O)[C@@H]1C[C@]2(O)[C@@H](OC)[C@H](O)[C@@]4(OC(C)=O)[C@H]1[C@H]2OC(=O)c1ccccc1
ZINC000033806105,C/C=C(/C)C(=O)O[C@@H]([C@H](O)c1cc2ccc(=O)oc2cc1OC)C(C)(C)O
ZINC000033830019,C=C1[C@@H](NC)CC[C@]23C[C@]24CC[C@]2(C)[C@@H](C(C)=O)[C@H](O)C[C@@]2(C)[C@@H]4CC[C@@H]13
ZINC000033830152,CN1CC[C@@]2([C@@]34CCN(C)[C@H]3Nc3ccccc34)c3ccccc3N[C@H]12
ZINC000033830335,C=C[C@H]1CN2CC[C@]3(C(=O)Nc4ccccc43)[C@@H]2C[C@@H]1/C(=C\OC)C(=O)OC
ZINC000033831307,O=c1cc(-c2ccc(O)c(O)c2)oc2cc(O)cc(O[C@@H]3O[C@H](CO)[C@@H](O)[C@H](O)[C@H]3O)c12
ZINC000033831328,C/C(=C\[C@@H](O)C[C@@H](C)[C@H]1CC(=O)[C@@]2(C)C3=C(C(=O)C[C@]12C)[C@@]1(C)CCC(=O)C(C)(C)[C@@H]1C[C@@H]3O)C(=O)O
ZINC000033831620,Cc1cc(O[C@@H]2O[C@H](CO)[C@@H](O)[C@H](O)[C@H]2O)ccc1O
ZINC000033832006,O=c1c2cc(O)c(O)cc2oc2c([C@@H]3O[C@H](CO)[C@@H](O)[C@H](O)[C@H]3O)c(O)cc(O)c12
ZINC000033832095,C/C=C(/C)C(=O)O[C@H](c1cc2ccc(=O)oc2cc1OC)[C@H](O)C(C)(C)O
ZINC000033832263,C=C(C)/C=C/C/C(C)=C/COc1c2ccoc2cc2oc(=O)ccc12
ZINC000033832501,C/C=C/c1cc(OC)c2c(c1)[C@@H](C)[C@@H](c1cc(OC)c(O)c(OC)c1)O2
ZINC000033832502,C/C=C/c1cc(OC)c2c(c1)[C@@H](C)[C@H](c1cc(OC)c(O)c(OC)c1)O2
ZINC000033832503,C/C=C/c1cc(OC)c2c(c1)[C@H](C)[C@@H](c1cc(OC)c(O)c(OC)c1)O2
ZINC000033832504,C/C=C/c1cc(OC)c2c(c1)[C@H](C)[C@H](c1cc(OC)c(O)c(OC)c1)O2
ZINC000033832534,COc1cc(-c2coc3c([C@@H]4O[C@H](CO)[C@@H](O)[C@H](O)[C@H]4O)c(O)ccc3c2=O)ccc1O
ZINC000033832850,C[C@]12CC[C@H](O)C[C@H]1CC[C@@H]1[C@@H]2[C@H](O)C(=O)[C@]2(C)[C@@H](c3ccc(=O)oc3)CC[C@]12O
ZINC000033833402,COC1=C(C)C(=O)O/C1=C1\O[C@@H]2CCCN3[C@H]([C@@H]4C[C@H](C)C(=O)O4)CC[C@H]3[C@H]2[C@@H]1C
ZINC000033833509,CC1=C(C(=O)O)C(C)(C)CC[C@H]1O[C@@H]1O[C@H](CO)[C@@H](O)[C@H](O)[C@H]1O
ZINC000033833518,O=C(O)c1cc(O)c2c(c1)C(=O)c1cccc(O[C@@H]3O[C@H](CO)[C@@H](O)[C@H](O)[C@H]3O)c1C2=O
ZINC000033833544,C=C(C(=O)O)[C@@H]1CC[C@H](C)[C@H]2CC(=O)C(C)=C2C1
ZINC000033913387,C=CCC1=C[C@]2(OC)C(=O)C(OC)(OC)[C@H]1[C@@H]1C(OC)(OC)C(=O)C(OC)=C[C@@]12CC=C
ZINC000033913517,C=C(CO)C(=O)O[C@@H]1CC(=C)[C@@H]2C[C@H](O)C(=C)[C@@H]2[C@H]2OC(=O)C(=C)[C@H]12
ZINC000033913518,C=C(CO)C(=O)O[C@@H]1CC(=C)[C@@H]2C[C@H](O)C(=C)[C@@H]2[C@H]2OC(=O)C(=C)[C@@H]12
ZINC000033970494,C/C=C(/C)C(=O)O[C@H]1C(C)=C[C@@]23C(=O)[C@@H](C=C(CO)[C@@H](O)[C@]12O)[C@H]1[C@@H](C[C@H]3C)C1(C)C
ZINC000034011506,O=c1cc(-c2ccccc2)oc2cc(O)cc(O[C@@H]3O[C@H](CO)[C@@H](O)[C@H](O)[C@H]3O)c12
ZINC000034161727,C=C1C(=O)O[C@@H]2CC(C)=C([C@@H](C)CCCOC(C)=O)[C@H](O)[C@H]12
ZINC000034189055,C/C=C/C=C/C=C\CC/C=C/C(=O)NCC(C)(C)O
ZINC000034199205,C/C=C(\C)C(=O)O[C@H]1[C@H](OC(C)=O)c2c(ccc3ccc(=O)oc23)OC1(C)C
ZINC000034199207,C/C=C(\C)C(=O)O[C@@H]1[C@@H](OC(C)=O)c2c(ccc3ccc(=O)oc23)OC1(C)C
ZINC000034199208,C/C=C(\C)C(=O)O[C@H]1[C@@H](OC(C)=O)c2c(ccc3ccc(=O)oc23)OC1(C)C
ZINC000034226709,C[C@H](CCC(=O)O)[C@H]1CC(=O)[C@@]2(C)C3=C(C(=O)C[C@]12C)[C@@]1(C)CCC(=O)C(C)(C)[C@@H]1C[C@@H]3O
ZINC000034299174,CCOC(=O)C1=CC[C@]23CC[C@H]([C@@](C)(/C=C/C=C(\C)C(=O)O)OC2=O)[C@]3(OC(C)=O)CC1
ZINC000034299175,CCOC(=O)C1=CC[C@]23CC[C@H]([C@](C)(/C=C/C=C(\C)C(=O)O)OC2=O)[C@]3(OC(C)=O)CC1
ZINC000034499029,COC(=O)[C@H]1O[C@@H](Oc2cc3oc(-c4ccccc4)cc(=O)c3c(O)c2O)[C@H](O)[C@@H](O)[C@@H]1O
ZINC000034505096,C[C@H]1C[C@@H]2C(=O)C=C3OCO[C@@]34Oc3cc5c(cc3[C@H]([C@@H]24)[C@@H]1C)OCO5
ZINC000034541040,O=C(O)[C@H]1O[C@@H](Oc2cc(-c3cc(=O)c4c(O)cc(O)cc4o3)ccc2O)[C@H](O)[C@@H](O)[C@@H]1O
ZINC000034645716,COC1=CC2=C3C=c4ccc5c(c4=CN3CCC2=CC1=O)OCO5
ZINC000034646124,COc1cc([C@H]2c3cc(O)c(OC)cc3C[C@@H](C)[C@@H]2C)ccc1O
ZINC000035328494,C[C@@H]1O[C@@H](Oc2cc(O)c3c(=O)c(O)c(-c4ccc(O)c(O)c4)oc3c2)[C@H](O)[C@H](O)[C@H]1O
ZINC000035570683,CC1(C)CC[C@]2(C(=O)O)CC[C@]3(C)C(=CC[C@@H]4[C@@]5(C)C[C@H](O)[C@H](O)[C@@](C)(CO)[C@@H]5CC[C@]43C)[C@@H]2C1
ZINC000035849672,C/C(C=O)=C\CC[C@@H](C)[C@H]1CC[C@@]2(C)C3=CC[C@@H]4C(C)(C)C(=O)CC[C@]4(C)C3=CC[C@]12C
ZINC000035942939,O=C(O)C1=CO[C@@H](O[C@@H]2O[C@H](CO)[C@@H](O)[C@H](O)[C@H]2O)[C@@H]2C(CO)=C[C@H](O)[C@H]12
ZINC000036020306,COc1ccc(/C=C/c2cc(O)cc(O)c2)cc1O[C@@H]1O[C@H](CO)[C@@H](O)[C@H](O)[C@H]1O
ZINC000036413945,C[C@@H]1C[C@@H]([C@@H](O)C(C)(C)O)O[C@H]2C[C@@]3(C)C(=C21)C[C@H](O)[C@H]1[C@@]2(C)CCC(=O)C(C)(C)[C@@H]2CC[C@@]13C
ZINC000038139738,O=C(/C=C/c1ccc(O)cc1)OC[C@H]1O[C@@H](O[C@@H]2OC=C[C@H]3[C@H](O)[C@@H]4O[C@]4(CO)[C@@H]23)[C@H](O)[C@@H](O)[C@@H]1O
ZINC000038139790,O=C(OC[C@H]1O[C@@H](Oc2ccc(/C=C/c3cc(O)cc(O)c3)cc2)[C@H](O)[C@@H](O)[C@@H]1O)c1cc(O)c(O)c(O)c1
ZINC000038141455,CCCCCCCCCCCCCCCO
ZINC000038143679,C[C@]12C[C@@H](O)[C@@H]3C[C@@]1(O[C@@H]1O[C@H](CO)[C@@H](O)[C@H](O)[C@H]1O)[C@]3(COC(=O)c1ccccc1)C(=O)O2
ZINC000038143755,CC1(C)CC[C@]2(C(=O)O)CC[C@]3(C)C(=CC[C@@H]4[C@@]5(C)C[C@@H](O)[C@H](O)[C@@](C)(CO)[C@@H]5CC[C@]43C)[C@@H]2[C@@H]1O
ZINC000038143761,CCCCCCC/C=C/C(=O)CCc1ccc(O)c(OC)c1
ZINC000038154868,CC1(C)CC[C@@]2(C(=O)O)[C@@H](C1)C1=CC[C@@H]3[C@@]4(C)C[C@H](O)[C@H](O)[C@@](C)(CO)[C@@H]4CC[C@@]3(C)[C@]1(C)C[C@H]2O
ZINC000038279779,C[C@]12CC[C@H](O)C[C@@H]1CC[C@@H]1[C@@H]2CC[C@]2(C)[C@@H](c3ccc(=O)oc3)[C@@H](O)[C@H]3O[C@]132
ZINC000038321842,COc1ccc(C(C)=O)c(O[C@@H]2O[C@H](CO[C@@H]3OC[C@](O)(CO)[C@H]3O)[C@@H](O)[C@H](O)[C@H]2O)c1
ZINC000038322005,OC[C@H]1O[C@@H](Oc2ccc(/C=C/c3cc(O)cc(O)c3)cc2)[C@H](O)[C@@H](O)[C@H]1O
ZINC000038342864,C=C(C)[C@@H](C)c1cc(/C=C/C(=O)c2ccc(O)cc2)c(OC)cc1O
ZINC000038393195,C/C=C/C=C/C=C/CC/C=C/C(=O)NCC(C)(C)O
ZINC000038429839,C[C@H](CC[C@H](O)C(C)(C)O)[C@H]1CC[C@@]2(C)C3=CC[C@@H]4C(C)(C)C(=O)CC[C@]4(C)C3=CC[C@]12C
ZINC000038513295,OC[C@@H]1O[C@@H](OC[C@H]2O[C@@H](OC/C=C/c3ccccc3)[C@H](O)[C@@H](O)[C@@H]2O)[C@H](O)[C@H]1O
ZINC000038608369,CC(=O)Oc1ccc(-c2coc3cc(OC(C)=O)ccc3c2=O)cc1
ZINC000038750548,CC(=O)O[C@@H]1C(=O)C2=C(C(=O)C[C@H]3C(C)(C)[C@@H](O)CC[C@]23C)[C@]2(C)C(=O)C[C@H]([C@@H](C)CCC(=O)O)[C@@]12C
ZINC000038750551,CC(=O)O[C@@H]1C(=O)C2=C(C(=O)C[C@H]3C(C)(C)[C@@H](O)CC[C@]23C)[C@]2(C)C(=O)C[C@H]([C@H](C)CCC(=O)O)[C@@]12C
ZINC000038792093,C[S@@](=O)/C=C\CC/C(=N\OS(=O)(=O)O)S[C@@H]1O[C@H](CO)[C@@H](O)[C@H](O)[C@H]1O
ZINC000038792094,C[S@](=O)/C=C\CC/C(=N\OS(=O)(=O)O)S[C@@H]1O[C@H](CO)[C@@H](O)[C@H](O)[C@H]1O
ZINC000038822226,COc1cc(/C=C/CO)ccc1O[C@H]1O[C@H](CO)[C@@H](O)[C@H](O)[C@H]1O
ZINC000038852736,CC(=O)O[C@@H]1CC[C@]2(C)C3=C(CC[C@@H]2C1(C)C)[C@]1(C)CC[C@H]([C@H](CCC=C(C)C)C(=O)O)[C@@]1(C)CC3
ZINC000038852739,CC(=O)O[C@@H]1CC[C@]2(C)C3=C(CC[C@@H]2C1(C)C)[C@]1(C)CC[C@H]([C@@H](CCC=C(C)C)C(=O)O)[C@@]1(C)CC3
ZINC000038940718,Cc1cc(=O)c2c(O)c3c(cc2o1)OC(C)(C)[C@@H](O[C@@H]1O[C@H](CO)[C@@H](O)[C@H](O)[C@H]1O)C3
ZINC000039205517,CO[C@H]1CC[C@]2(C)C3=CC[C@@]4(C)[C@@H]5CC[C@H](C(C)C)[C@@]5(C)CC[C@]4(C)[C@H]3CC[C@H]2C1(C)C
ZINC000039600780,CC1(C)CC[C@]2(CO)[C@@H](O)C[C@]3(C)C(=CC[C@@H]4[C@@]5(C)CC[C@H](O)[C@@](C)(CO)[C@@H]5CC[C@]43C)[C@@H]2C1
ZINC000040163546,COc1ccc2cc1Oc1ccc(cc1)C[C@H]1c3cc(c(OC)cc3CCN1C)Oc1c(OC)c(OC)c(OC)c3c1[C@@H](C2)N(C)CC3
ZINC000040163547,COc1ccc2cc1Oc1ccc(cc1)C[C@@H]1c3cc(c(OC)cc3CCN1C)Oc1c(OC)c(OC)c(OC)c3c1[C@@H](C2)N(C)CC3
ZINC000040394781,C=C1[C@@H]2CC[C@@H]3[C@](C2)(C(=O)[C@@H](O)[C@@H]2C(C)(C)[C@H]4CC(=O)[C@@]32CO4)[C@@H]1OC(C)=O
ZINC000040461617,CC1(C)CCC[C@@]2(C)[C@H](CCO)[C@](C)(O)CC[C@H]12
ZINC000040873783,C=C1C(=O)O[C@@H]2[C@H]3C(C)=C[C@H]4OC[C@@](O)(C[C@@H](OC(=O)/C(C)=C/CO)[C@@H]12)[C@H]43
ZINC000042804266,O=C(O[C@H]1[C@H](Oc2c(-c3ccc(O)c(O)c3)oc3cc(O)cc(O)c3c2=O)O[C@H](CO)[C@@H](O)[C@@H]1O)c1cc(O)c(O)c(O)c1
ZINC000042834590,COC(=O)C1=CC[C@]23CC[C@H]([C@@]2(OC(C)=O)CC1)[C@@](C)(/C=C/C=C(\C)C(=O)O[C@@H]1O[C@H](CO)[C@@H](O)[C@H](O)[C@H]1O)OC3=O
ZINC000042835776,CCCCCC/C=C\CCCCCCCCCc1cccc(O)c1C(=O)O
ZINC000042890120,CC(=O)O[C@]12CCC(C)=CC[C@]13CC[C@H]2[C@@](C)(/C=C/C=C(\C)C(=O)O[C@@H]1O[C@H](CO)[C@@H](O)[C@H](O)[C@H]1O)OC3=O
ZINC000043465438,COc1cc(-c2oc3cc(O)cc(O)c3c(=O)c2O[C@H]2O[C@@H](CO)[C@H](O)[C@@H](O)[C@@H]2O)ccc1O
ZINC000043730990,CC1(C)CCC[C@]2(C)[C@@H]1CC[C@](C)(O)[C@@H]2CCO
ZINC000043730993,CC1(C)CCC[C@@]2(C)[C@H](CCO)[C@@](C)(O)CC[C@H]12
ZINC000043763839,C/C=C(\CC[C@H](C)[C@@H]1CC[C@@H]2[C@H]3CC=C4C[C@@H](O)CC[C@]4(C)[C@@H]3CC[C@]12C)C(C)C
ZINC000044281044,COc1cc2c3c(c1OC)Oc1ccc(cc1)C[C@@H]1c4c(cc(OC)c(OC)c4Oc4ccc(cc4)C[C@H]3N(C)CC2)CCN1C
ZINC000044404288,C=C[C@H](O)C#CC#C[C@H](O)/C=C\CCCCCCC
ZINC000044419004,CCCCCCCCCCCCCc1cccc(O)c1C(=O)O
ZINC000045245146,CC(C)=CCC[C@H](C(=O)O)[C@H]1CC[C@]2(C)C3=C(CC[C@@]12C)[C@@]1(C)CCC(=O)C(C)(C)[C@H]1CC3
ZINC000045366404,C[C@@H]1O[C@@H](Oc2cc(O)c3c(=O)c(O)c(-c4ccc(O)cc4)oc3c2O)[C@H](O)[C@H](O)[C@H]1O
ZINC000049032733,COc1cc2c(cc1O)C(=O)[C@@H](C)[C@@H](C)[C@@H]2c1ccc(OC)c(OC)c1
ZINC000049035118,COc1cc([C@@H]2c3cc(OC)c(OC)cc3C(=O)[C@@H](C)[C@H]2C)ccc1O
ZINC000049089772,COc1cc([C@@H]2c3cc(OC)c(O)cc3C(=O)[C@@H](C)[C@H]2C)ccc1O
ZINC000049785214,CC1=CC(=O)[C@@H](O)[C@@]2(C)[C@H]1C[C@H]1OC(=O)[C@H](O)[C@@]3(O)[C@@H](C)[C@@H](O)[C@H](O)[C@H]2[C@@]13C
ZINC000049792015,COC[C@@]12CC[C@H](OC)[C@@]34[C@@H]5C[C@]6(O)[C@@H](OC)[C@H](O)[C@](OC(C)=O)([C@@H]([C@H](OC)[C@H]13)[C@H]4N(C)C2)[C@H]5[C@H]6OC(=O)c1ccccc1
ZINC000049833012,CC1(C)CC[C@]2(C(=O)O)[C@H](O)C[C@]3(C)C(=CC[C@@H]4[C@@]5(C)CC[C@H](O[C@@H]6O[C@H](CO)[C@@H](O)[C@H](O)[C@H]6O)C(C)(C)[C@@H]5CC[C@]43C)[C@H]2C1
ZINC000049872393,COc1ccc(C[C@@H]2C(=O)OC[C@H]2Cc2ccc(O[C@@H]3O[C@H](CO)[C@@H](O)[C@H](O)[C@H]3O)c(OC)c2)cc1OC
ZINC000049872461,CCCCCCCCCC(=O)C[C@@H](O)S(=O)(=O)O
ZINC000049872462,CCCCCCCCCC(=O)C[C@H](O)S(=O)(=O)O
ZINC000049888756,O=c1c(O[C@@H]2O[C@H](CO)[C@H](O)[C@H](O)[C@H]2O[C@@H]2O[C@H](CO)[C@@H](O)[C@H](O)[C@H]2O)c(-c2ccc(O)cc2)oc2cc(O)cc(O)c12
ZINC000049898130,COC(=O)C1=CO[C@@H](O[C@@H]2O[C@H](CO[C@@H]3O[C@H](CO)[C@@H](O)[C@H](O)[C@H]3O)[C@@H](O)[C@H](O)[C@H]2O)[C@@H]2C(CO)=CC[C@H]12
ZINC000049898703,CC(C)=CC/C=C(\C)[C@H]1CC[C@]2(C)[C@@H]1[C@H](O)C[C@@H]1[C@@]3(C)CC[C@H](O)C(C)(C)[C@@H]3[C@@H](O[C@@H]3O[C@H](CO)[C@@H](O)[C@H](O)[C@H]3O)C[C@]12C
ZINC000049942441,C[C@@H]1C[C@H]2O[C@@]3(O[C@@H]2C(C)(C)O)[C@H](O)[C@@]2(C)[C@@H]4CC[C@H]5C(C)(C)[C@@H](O[C@@H]6OC[C@@H](O)[C@H](O)[C@H]6O)CC[C@@]56C[C@@]46CC[C@]2(C)[C@@H]13
ZINC000053277633,CN1CC[C@]23c4ccccc4N[C@H]1[C@]21CCN(C)[C@H]3Nc2ccccc21
ZINC000053684054,CC(C)=CCC[C@H](C)[C@@H]1CC[C@]2(C)C3=C(CC[C@]12C)[C@]1(C)CC[C@@H](O)C(C)(C)[C@H]1CC3
ZINC000056874799,COc1ccc([C@H]2OC[C@@H]3[C@@H](c4ccc(OC)c(O)c4)OC[C@H]23)cc1O
ZINC000056874811,C/C=C/C=C/C=C\CC/C=C/C=C/C(=O)NCC(C)(C)O
ZINC000057297068,CCC1=C[C@@H]2CN3CCc4c([nH]c5ccccc45)[C@@](C(=O)OC)(C2)[C@@H]13
ZINC000058563822,C/C=C/C1=CC2=C(CO1)C(=O)[C@]1(C)OC(=O)[C@H](C(=O)CCCCC)[C@H]1C2
ZINC000058568788,C/C=C/C1=CC2=C(CO1)C(=O)[C@]1(C)OC(=O)[C@H](C(=O)CCCCCCC)[C@H]1C2
ZINC000059027213,C=C[C@@]12CN(C)[C@H]3C[C@]14C(=Nc1ccccc14)[C@H]1C[C@@H]2[C@@H]3CO1
ZINC000059096640,COc1cc2c(cc1OC)-c1cc3ccc(OC)c(=O)c-3cn1CC2
ZINC000059098211,C=C(C(=O)O)[C@@H]1CC[C@@H](C)[C@H]2CC(=O)C(C)=C2C1
ZINC000059730505,O=C(/C=C/c1ccc(O)cc1)O[C@H]1[C@H](c2c(O)cc(O)c3c(=O)cc(-c4ccc(O)cc4)oc23)O[C@H](CO)[C@@H](O)[C@@H]1O
ZINC000059730688,O=c1cc(-c2ccc(O)cc2)oc2c([C@@H]3O[C@H](CO)[C@@H](O)[C@H](O)[C@H]3O)c(O)c([C@@H]3OC[C@H](O)[C@H](O)[C@H]3O)c(O)c12
ZINC000059732234,COc1ccc(-c2cc(=O)c3c(O)cc(O[C@@H]4O[C@@H](CO)[C@@H](O)[C@H](O)[C@H]4O)cc3o2)cc1
ZINC000059733427,O=C(O)[C@H]1O[C@@H](Oc2cc(-c3cc(=O)c4c(O)cc(O)cc4o3)ccc2O)[C@@H](O)[C@@H](O)[C@@H]1O
ZINC000059733500,O=c1cc(-c2ccc(O)c(O)c2)oc2cc(O[C@@H]3O[C@H](CO)[C@@H](O)[C@H](O)[C@H]3O[C@@H]3OC[C@@](O)(CO)[C@H]3O)cc(O)c12
ZINC000059735212,COc1ccc(-c2cc(=O)c3c(O)cc(O[C@@H]4O[C@@H](CO)[C@@H](O)[C@H](O)[C@H]4O[C@@H]4O[C@H](C)[C@H](O)[C@H](O)[C@H]4O)cc3o2)cc1O
ZINC000059735702,CC(C)=CCc1c(-c2ccc(O)c3c2OC(C)(C)C=C3)oc2cc(O)cc(O)c2c1=O
ZINC000059764096,COc1ccc(-c2oc3c(CC=C(C)C)c(O[C@@H]4O[C@H](CO)[C@@H](O)[C@H](O)[C@H]4O)cc(O)c3c(=O)c2O)cc1
ZINC000061389522,C[C@]12CCc3occc3[C@@H]1CC[C@@]13C[C@@H](CC[C@H]12)[C@@](O)(CO)C3
ZINC000061688124,CN1CC[C@@]2([C@@]34CCN(C)[C@H]3Nc3ccccc34)c3ccccc3N[C@@H]12
ZINC000067910903,O=[N+]([O-])CCc1ccc(O[C@@H]2O[C@H](CO[C@@H]3OC[C@@H](O)[C@H](O)[C@H]3O)[C@@H](O)[C@H](O)[C@H]2O)cc1
ZINC000067915227,CC1(C)[C@@H](O[C@@H]2O[C@H](C(=O)O)[C@@H](O)[C@H](O)[C@H]2O)CC[C@@]2(C)[C@H]1CC[C@]1(C)[C@@H]2C(=O)C=C2[C@@H]3C[C@@](C)(C(=O)O)CC[C@]3(C)CC[C@]21C
ZINC000067924193,CCN1C[C@@]2(COC)[C@H]3[C@@H](OC)[C@H]4[C@@H]1[C@]3([C@@H](OC)C[C@H]2O)[C@@H]1C[C@]2(O)[C@@H](OC)C[C@@]4(OC(C)=O)[C@H]1[C@H]2OC(=O)c1ccc(OC)cc1
ZINC000070451129,C[C@H]1[C@H]2[C@H](C[C@H]3[C@@H]4CC[C@H]5C[C@@H](O)CC[C@]5(C)[C@H]4CC[C@@]32C)O[C@]12CC[C@@H](C)CN2
ZINC000070454095,CCCCCCCc1cc(=O)c2ccccc2n1C
ZINC000070454410,C=C[C@@H]1C2=CCOC(=O)C2=CO[C@H]1O[C@@H]1O[C@H](CO[C@@H]2O[C@H](CO)[C@@H](O)[C@H](O)[C@H]2O)[C@@H](O)[C@H](O)[C@H]1O
ZINC000070454883,CC1=C2C[C@H]3[C@@H](CC(=O)[C@H]4C[C@@H](O)CC[C@@]43C)[C@@H]2CC[C@]12O[C@@H]1C[C@H](C)CN[C@H]1[C@H]2C
ZINC000070454884,C[C@H]1CC[C@H]2[C@H](C)[C@@H]3CC[C@H]4[C@@H]5CC(=O)[C@H]6C[C@@H](O)CC[C@]6(C)[C@H]5C[C@H]4[C@@H]3CN2C1
ZINC000070454961,O=C(/C=C/c1ccc(O)c2c1[C@H](C(=O)O)[C@@H](c1ccc(O)c(O)c1)O2)O[C@@H](Cc1ccc(O)c(O)c1)C(=O)O
ZINC000070455461,Cc1cc(O)cc(O[C@@H]2O[C@H](CO[C@@H]3O[C@H](CO)[C@@H](O)[C@H](O)[C@H]3O)[C@@H](O)[C@H](O)[C@H]2O)c1
ZINC000070455540,C[C@H](CC(=O)C[C@@H](C)[C@H]1C[C@H](O)[C@@]2(C)C3=C(C(=O)C[C@]12C)[C@@]1(C)CC[C@H](O)C(C)(C)[C@H]1C[C@@H]3O)C(=O)O
ZINC000070455541,C[C@H](CC(=O)C[C@@H](C)[C@H]1CC(=O)[C@@]2(C)C3=C(C(=O)C[C@]12C)[C@@]1(C)CCC(=O)C(C)(C)[C@H]1C[C@@H]3O)C(=O)O
ZINC000070457445,O=C(/C=C/c1ccccc1)OC[C@H]1O[C@H](O[C@]2(CO)O[C@H](CO)[C@@H](O)[C@@H]2O)[C@H](O)[C@@H](O)[C@@H]1O
ZINC000070691794,CCN1C[C@@]2(COC)[C@H]3[C@@H](OC)[C@H]4[C@@H]1[C@]3([C@@H](OC)C[C@H]2O)[C@@H]1C[C@]2(O)[C@@H](OC)[C@H](O)[C@@]4(O)[C@H]1[C@H]2O
ZINC000071773473,COc1ccc(/C=C/C(=O)C(C)(C)C(=O)/C=C/c2ccc(OC)c(OC)c2)cc1OC
ZINC000071789518,CC(=O)[C@]1(O)CC[C@]2(O)[C@]3(O)CC=C4C[C@@H](O)CC[C@]4(C)[C@H]3C[C@@H](OC(=O)c3ccc(O)cc3)[C@]12C
ZINC000071789553,CC(=O)OC[C@@]12CC[C@@H](C)[C@](C)(CCC3=CC(=O)OC3)[C@H]1C[C@H](O)C=C2CO
ZINC000073162058,C[C@H](CC(=O)C[C@@H](C)[C@H]1C[C@H](O)[C@@]2(C)C3=C(C(=O)C[C@]12C)[C@@]1(C)CC[C@H](O)C(C)(C)[C@@H]1C[C@@H]3O)C(=O)O
ZINC000073170142,CC(=O)O[C@@H]1C(=O)C2=C(C(=O)C[C@H]3C(C)(C)[C@@H](O)CC[C@]23C)[C@]2(C)C(=O)C[C@H]([C@H](C)CC(=O)C[C@@H](C)C(=O)O)[C@@]12C
ZINC000073280937,CC1(C)O[C@]23[C@H](OC(=O)c4cccnc4)[C@H]1C[C@H](OC(=O)c1ccccc1)[C@]2(C)[C@@H](OC(=O)c1ccccc1)CC[C@]3(C)O
ZINC000078279649,CC(=O)O[C@H]1C[C@@]2(C)[C@@H](C[C@H]1O)C(=O)C=C1[C@@H]2CC[C@]2(C)[C@@H]([C@@](C)(O)[C@H](O)CCC(C)(C)O)CC[C@@]12O
ZINC000079114504,C=C1[C@H](O)[C@@]23CC[C@@H]4[C@H](C(=O)O)C[C@@H](O[C@H]5O[C@H](CO)[C@@H](OS(=O)(=O)O)[C@H](OS(=O)(=O)O)[C@H]5OC(=O)CC(C)C)C[C@@]4(C)[C@@H]2CC[C@@H]1C3
ZINC000079183281,COc1ccc2cc1Oc1ccc(cc1)C[C@@H]1c3cc(c(OC)cc3CCN1C)Oc1c(OC)c(OC)c(OC)c3c1[C@H](C2)N(C)CC3
ZINC000079212786,CCN1C[C@]2(COC)CC[C@H](OC)[C@@]34[C@@H]5C[C@]6(O)[C@@H](OC)C[C@@](OC(C)=O)([C@H]5[C@H]6OC(=O)c5ccc(OC)cc5)[C@@H]([C@H](OC)[C@H]23)[C@@H]14
ZINC000079216650,CO[C@H]1C[C@H](O[C@H]2CC[C@]3(C)[C@H]4CC[C@]5(C)[C@@H](C6=CC(=O)OC6)CC[C@]5(O)[C@@H]4CC[C@]3(O)C2)O[C@H](C)[C@@H]1O[C@@H]1O[C@H](CO)[C@@H](O)[C@H](O)[C@H]1O
ZINC000084544151,CC1(C)CC[C@]2(C(=O)O[C@@H]3O[C@H](CO)[C@@H](O)[C@H](O)[C@H]3O)CC[C@]3(C)C(=CC[C@@H]4[C@@]5(C)CC[C@H](O)[C@@](C)(CO)[C@@H]5CC[C@]43C)[C@@H]2C1
ZINC000084653605,COc1c(O)cc2oc(-c3ccc(O)cc3)c(O[C@@H]3O[C@H](CO[C@@H]4O[C@@H](C)[C@H](O)[C@@H](O)[C@H]4O)[C@@H](O)[C@H](O)[C@H]3O)c(=O)c2c1O
ZINC000084705226,CCN1C[C@]2(COC)CC[C@H](OC)[C@@]34[C@@H]5C[C@]6(O)[C@@H](OC)[C@H](O)[C@](OC(C)=O)([C@@H]([C@H](OC)[C@H]23)[C@@H]14)[C@H]5[C@H]6OC(=O)c1ccccc1
ZINC000084714147,CCN1C[C@@]2(COC)[C@H]3[C@@H](OC)[C@H]4[C@@H]1[C@]3([C@@H](OC)C[C@H]2O)[C@@H]1C[C@]2(O)[C@@H](OC)[C@H](O)[C@@]4(O)[C@H]1[C@H]2OC(=O)c1ccccc1
ZINC000084858067,COc1cc(O)c2c(=O)c(O[C@@H]3O[C@H](CO)[C@@H](O)[C@H](O)[C@H]3O)c(-c3ccc(O[C@@H]4O[C@H](CO)[C@@H](O)[C@H](O)[C@H]4O)cc3)oc2c1
ZINC000085341116,C=C[C@H]1[C@H](O[C@@H]2O[C@H](CO)[C@@H](O)[C@H](O)[C@H]2O)OC=C(C(=O)OC)[C@H]1CCOC(=O)c1cc(O)c(O)c(O)c1
ZINC000085473528,COc1cc(/C=C\COC(=O)/C=C\c2ccc(O)c(OC)c2)ccc1O
ZINC000085479227,OC[C@H]1O[C@H](O[C@@H]2[C@@H](CO)O[C@H](O[C@@H]3[C@@H](CO)O[C@H](O[C@@H]4[C@@H](CO)O[C@H](O)[C@H](O)[C@H]4O)[C@H](O)[C@H]3O)[C@H](O)[C@H]2O)[C@H](O)[C@@H](O)[C@@H]1O
ZINC000085487125,CCCC(=O)c1c(O)c(Cc2c(O)c(Cc3c(O)c(C)c(OC)c(C(=O)CCC)c3O)c(O)c(C(=O)[C@H](C)CC)c2O)c(O)c(C)c1OC
ZINC000085489089,C=C1[C@H]2CC[C@]3([C@@H]1O)[C@H]1C[C@H]4[C@@]5(CCC[C@@]4(C)CN(CC)[C@H]15)[C@H]3[C@H]2O
ZINC000085489104,CCN1C[C@]2(COC)CC[C@H](O)[C@@]34[C@@H]5C[C@H]6[C@H](O)[C@@H]5[C@](O)([C@@H](O)[C@@H]6OC)[C@@H]([C@H](OC)[C@H]23)[C@@H]14
ZINC000085489396,CC(=O)OC[C@H]1O[C@@H](Oc2cc(O)cc3oc(-c4ccc(O)cc4)cc(=O)c23)[C@H](O)[C@@H](O)[C@@H]1O[C@@H]1O[C@@H](C)[C@H](O)[C@@H](O)[C@H]1O
ZINC000085492216,COc1cc2c(cc1O)CCN(C)[C@@H]2Cc1ccc(Oc2cc(C[C@@H]3c4cc(OC)c(OC)cc4CCN3C)ccc2O)cc1
ZINC000085508937,CCN1C[C@@]2(COC)[C@H]3[C@@H](OC)[C@H]4[C@@H]1[C@]3([C@@H](OC)C[C@H]2O)[C@@H]1C[C@]2(O)[C@@H](OC)C[C@@]4(OC(C)=O)[C@H]1[C@H]2OC(=O)c1ccccc1
ZINC000085530008,COc1cc(C)c2c(=O)cc(CC(C)=O)oc2c1[C@@H]1O[C@H](CO)[C@@H](O)[C@H](O)[C@H]1OC(=O)/C=C/c1ccc(O)cc1
ZINC000085532464,O=c1c2cc(O)ccc2oc2cc(O)c([C@@H]3O[C@H](CO)[C@@H](O)[C@H](O)[C@H]3O[C@@H]3OC[C@](O)(CO)[C@H]3O)c(O)c12
ZINC000085536958,CCC1=C[C@@H]2CN(C1)Cc1c([nH]c3ccccc13)[C@@](C(=O)OC)(c1cc3c(cc1OC)N(C)[C@H]1[C@@](O)(C(=O)OC)[C@H](OC(C)=O)[C@]4(CC)C=CCN5CC[C@]31[C@@H]54)C2
ZINC000085537024,CC[C@]1(O)C[C@@H]2CN(CCc3c([nH]c4ccccc34)[C@@](C(=O)OC)(c3cc4c(cc3OC)N(C=O)[C@H]3[C@@](O)(C(=O)OC)[C@H](OC(C)=O)[C@]5(CC)C=CCN6CC[C@]43[C@@H]65)C2)C1
ZINC000085555528,CC[C@]1(O)C[C@H]2CN(CCc3c([nH]c4ccccc34)[C@@](C(=O)OC)(c3cc4c(cc3OC)N(C)[C@H]3[C@@](O)(C(=O)OC)[C@H](OC(C)=O)[C@]5(CC)C=CCN6CC[C@]43[C@@H]65)C2)C1
ZINC000085566811,CCCC(=O)c1c(O)c(Cc2c(O)c(Cc3c(O)c(C)c(OC)c(C(=O)CCC)c3O)c(O)c(C(=O)[C@@H](C)CC)c2O)c(O)c(C)c1OC
ZINC000085567739,CC(C)=CCc1c(-c2ccc(O)cc2O)oc2c([C@@H]3C=C(C)C[C@@H](c4ccc(O)cc4O)[C@@H]3C(=O)c3ccc(O)cc3O)c(O)cc(O)c2c1=O
ZINC000085585851,CC(=O)O[C@H]1CC[C@]2(C)C3=C(CC[C@H]2C1(C)C)[C@]1(C)C[C@@H](O)[C@H]([C@@H](CCC=C(C)C)C(=O)O)[C@@]1(C)CC3
ZINC000085591563,CCCCC/C=C\C/C=C\CCCCCCCC(=O)OC[C@@H](CO[C@@H]1O[C@H](CO)[C@H](O)[C@H](O)[C@H]1O)OC(=O)CCCCCCC/C=C\C/C=C\CCCCC
ZINC000085594035,CC(=O)O[C@@H]1C(=O)C2=C(C(=O)C[C@@H]3C(C)(C)[C@@H](O)CC[C@]23C)[C@]2(C)C(=O)C[C@H]([C@H](C)CC(=O)C[C@@H](C)C(=O)O)[C@@]12C
ZINC000085643500,COc1ccc(-c2oc3c(CC=C(C)C)c(O)cc(O)c3c(=O)c2O[C@@H]2O[C@@H](C)[C@H](O[C@@H]3O[C@H](CO)[C@@H](O)[C@H](O)[C@H]3O)[C@@H](O)[C@H]2O)cc1
ZINC000085643559,C[C@@H]1O[C@@H](Oc2cc(O)c3c(=O)c(O[C@@H]4O[C@H](CO[C@@H]5O[C@@H](C)[C@H](O)[C@@H](O)[C@H]5O)[C@H](O)[C@H](O)[C@H]4O)c(-c4ccc(O)cc4)oc3c2)[C@H](O)[C@H](O)[C@H]1O
ZINC000085643739,O=C(/C=C/c1ccc(O[C@H]2O[C@@H](CO)[C@H](O)[C@@H](O)[C@@H]2O[C@@H]2OC[C@](O)(CO)[C@H]2O)cc1)c1ccc(O)cc1O
ZINC000085644093,O=C(/C=C/c1ccc(O)cc1)O[C@H]1[C@H](c2c(O)cc(O)c3c(=O)cc(-c4ccc(O)c(O)c4)oc23)O[C@H](CO)[C@@H](O)[C@@H]1O
ZINC000085645849,CC(=O)CCc1ccc(O[C@@H]2O[C@H](COC(=O)/C=C/c3ccc(O)cc3)[C@@H](O)[C@H](O)[C@H]2OC(=O)c2cc(O)c(O)c(O)c2)cc1
ZINC000085668113,C/C1=C/CC/C(C)=C/C[C@@]2(C(C)C)CC[C@@](C)(O2)[C@H](O)CC1
ZINC000085812132,COc1cc2c(c(OC)c1OC)-c1c(cc(O)c(OC)c1OC)C[C@H](C)[C@](C)(O)[C@H]2OC(=O)c1ccccc1
ZINC000085812140,COc1cc2c(c(OC)c1OC)-c1c(cc(O)c(OC)c1OC)C[C@H](C)[C@](C)(O)[C@@H]2OC(=O)c1ccccc1
ZINC000085836416,CCCCCCCCCCCCCCCC(=O)NCc1cccc(OC)c1
ZINC000085880654,CCCCCCCCCCCC[C@H](O)[C@@H]1CC[C@H]([C@H](O)C[C@H](O)CCCCCCCCCCCCC2=C[C@H](C)OC2=O)O1
ZINC000085881029,CCO[C@@H]1C=C[C@H](OC(=O)c2ccccc2)[C@H](O)[C@]1(O)COC(=O)c1ccccc1
ZINC000085881057,CC(=O)O[C@@H]1[C@H](OC(=O)c2ccccc2)C=C[C@H](O)[C@]1(O)COC(=O)c1ccccc1
ZINC000085885005,C[C@H]1CC[C@@H]2[C@H](C)[C@@H]3CC[C@@H]4[C@H](C[C@@H]5[C@@H]4CC(=O)[C@H]4C[C@@H](O)CC[C@@]45C)[C@@H]3CN2C1
ZINC000085909641,C=C[C@H]1CN2CCc3c([nH]c4ccccc34)[C@@H]2C[C@@H]1/C(=C/OC)C(=O)OC
ZINC000085989498,C/C=C(\C)C(=O)O[C@@H]1[C@H](OC(=O)CC(C)C)c2c(ccc3ccc(=O)oc23)OC1(C)C
ZINC000085989506,C/C=C(\C)C(=O)O[C@H]1[C@@H](OC(=O)CC(C)C)c2c(ccc3ccc(=O)oc23)OC1(C)C
ZINC000085997240,COc1cc2c(cc1O)-c1c(OC)c(O)cc3c1[C@H](C2)NCC3
ZINC000086004836,C[C@]12C[C@H](O)[C@H](O)C[C@@H]1C(=O)C=C1[C@@H]2CC[C@@]2(C)C(=O)CC[C@@]12O
ZINC000086004844,C[C@]12CC[C@H]3C(=CC(=O)[C@H]4C[C@@H](O)[C@@H](O)C[C@@]43C)[C@]1(O)CCC2=O
ZINC000086024352,COC1=C(C)C(=O)O[C@]12C(=O)C(C)=C1CCCCN3[C@H]([C@@H]4C[C@@H](C)C(=O)O4)CC[C@]132
ZINC000087493233,CC(C)(O[C@@H]1O[C@H](CO)[C@@H](O)[C@H](O)[C@H]1O)[C@@H]1CC[C@](O)(CO)[C@H]2CC(=O)[C@@](C)(O)[C@@H]2C1
ZINC000090733844,Cn1c2[n+](c(=O)c3ccccc31)CC[C@H]1c3ccccc3N[C@H]21
ZINC000090733845,Cn1c2[n+](c(=O)c3ccccc31)CC[C@H]1c3ccccc3N[C@@H]21
ZINC000090733847,Cn1c2[n+](c(=O)c3ccccc31)CC[C@@H]1c3ccccc3N[C@H]21
ZINC000090733848,Cn1c2[n+](c(=O)c3ccccc31)CC[C@@H]1c3ccccc3N[C@@H]21
ZINC000095099608,COc1c(O[C@@H]2O[C@H](CO[C@@H]3OC[C@@H](O)[C@H](O)[C@H]3O)[C@@H](O)[C@H](O)[C@H]2O)cc2occ(-c3ccc(O)cc3)c(=O)c2c1O
ZINC000095548971,CC(C)=CCC[C@](C)(O[C@@H]1O[C@H](CO[C@@H]2OC[C@H](O)[C@H](O)[C@H]2O)[C@@H](O)[C@H](O)[C@H]1O)[C@H]1CC[C@]2(C)[C@@H]1[C@H](O)C[C@@H]1[C@@]3(C)CC[C@H](O)C(C)(C)[C@@H]3[C@@H](O)C[C@]12C
ZINC000095561079,C[C@@H](CC(=O)C[C@@H](C)[C@H]1C[C@H](O)[C@@]2(C)C3=C(C(=O)C[C@]12C)[C@@]1(C)CC[C@H](O)C(C)(C)[C@@H]1C[C@@H]3O)C(=O)O
ZINC000095561377,C[C@H](CC(=O)C[C@@H](C)[C@H]1CC(=O)[C@@]2(C)C3=C(C(=O)[C@@H](O)[C@]12C)[C@@]1(C)CCC(=O)C(C)(C)[C@@H]1CC3=O)C(=O)O
ZINC000095561378,C[C@@H](CC(=O)C[C@@H](C)[C@H]1CC(=O)[C@@]2(C)C3=C(C(=O)[C@@H](O)[C@]12C)[C@@]1(C)CCC(=O)C(C)(C)[C@@H]1CC3=O)C(=O)O
ZINC000095575487,COC(=O)C1=CO[C@@H](O[C@@H]2O[C@H](CO)[C@@H](O)[C@H](O)[C@H]2O)[C@@H]2[C@H](C)O[C@H](OC)C[C@H]12
ZINC000095607411,CC(=O)Oc1cc(OC(C)=O)c2c(c1)O[C@H](c1cc(OC(C)=O)c(OC(C)=O)c(OC(C)=O)c1)[C@H](OC(=O)c1cc(OC(C)=O)c(OC(C)=O)c(OC(C)=O)c1)C2
ZINC000095607708,C=C(CCC=C(C)C)[C@H]1CC[C@]2(C)[C@@H]1[C@H](O)C[C@@H]1[C@@]3(C)CC[C@H](O[C@@H]4O[C@H](CO)[C@@H](O)[C@H](O)[C@H]4O[C@@H]4O[C@H](CO)[C@@H](O)[C@H](O)[C@H]4O)C(C)(C)[C@@H]3CC[C@]12C
ZINC000095614842,C=C(C)[C@@H]1CC[C@]2(C(=O)O)CC[C@]3(C)[C@H](CC[C@@H]4[C@@]5(C)CC[C@H](O[C@@H]6OC[C@H](O)[C@H](O)[C@H]6O[C@@H]6O[C@@H](C)[C@H](O)[C@@H](O)[C@H]6O)[C@@](C)(CO)[C@@H]5CC[C@]43C)[C@@H]12
ZINC000095614874,C[C@@H]1O[C@@H](O[C@H]2[C@H](Oc3c(-c4ccc(O)c(O)c4)oc4cc(O)cc(O)c4c3=O)O[C@H](CO[C@@H]3O[C@@H](C)[C@H](O)[C@@H](O)[C@H]3O)[C@H](O)[C@@H]2O)[C@H](O)[C@H](O)[C@H]1O
ZINC000095615728,O=C1OC[C@H]2O[C@@H](O)[C@H](O)[C@@H](O)[C@@H]2OC(=O)c2cc(O)c(O)c(O)c2-c2c(O)c(O)c3oc(=O)c4c(c(O)c(O)c5oc(=O)c2c3c54)-c2c1cc(O)c(O)c2O
ZINC000095616643,CC(=O)O[C@H]1[C@H]2[C@H]([C@@H]3[C@@H](OC(C)=O)[C@@H]4[C@H]([C@H](C)C=C5OC(=O)[C@@](C)(O)[C@@]54C)[C@@]3(C)[C@H]1OC(C)=O)[C@@H](O)C(=O)[C@H]1C[C@@H]3O[C@@H]3[C@H](OC(C)=O)[C@@]12C
ZINC000095616667,CC(=O)O[C@H]1[C@H]2[C@H]([C@@H]3[C@@H](O)[C@@H]4[C@H]([C@H](C)C=C5OC(=O)[C@@](C)(O)[C@@]54C)[C@@]3(C)[C@H]1OC(C)=O)[C@@H](O)C(=O)[C@H]1C[C@@H]3O[C@@H]3[C@H](OC(C)=O)[C@@]12C
ZINC000095618008,C/C=C(\CC[C@@H](C)[C@@H]1CC[C@@H]2[C@H]3CC=C4C[C@@H](O)CC[C@]4(C)[C@@H]3CC[C@]12C)C(C)C
ZINC000095669885,O=c1c(O[C@@H]2O[C@H](CO[C@@H]3O[C@H](CO)[C@@H](O)[C@H](O)[C@H]3O)[C@@H](O)[C@H](O)[C@H]2O)c(-c2ccc(O)cc2)oc2cc(O)cc(O)c12
ZINC000095831724,COc1cc(C[C@H](CO[C@@H]2O[C@H](CO)[C@@H](O)[C@H](O)[C@H]2O)[C@H](CO[C@@H]2O[C@H](CO)[C@@H](O)[C@H](O)[C@H]2O)Cc2ccc(O)c(OC)c2)ccc1O
ZINC000095831725,COc1cc(C[C@H](CO[C@@H]2O[C@H](CO)[C@@H](O)[C@H](O)[C@H]2O)[C@@H](CO[C@@H]2O[C@H](CO)[C@@H](O)[C@H](O)[C@H]2O)Cc2ccc(O)c(OC)c2)ccc1O
ZINC000095850257,O=c1c(O)cc([C@@H]2Oc3cc(O)cc(O)c3C[C@H]2O)cc2c([C@H]3Oc4cc(O)cc(O)c4C[C@H]3O)cc(O)c(O)c12
ZINC000095859735,CCN1C[C@@]2(COC)[C@H]3[C@@H](OC)[C@H]4[C@@H]1[C@]3([C@@H](OC)C[C@H]2OC(C)=O)[C@@H]1C[C@]2(O)[C@@H](OC)[C@H](O)[C@@]4(OC(C)=O)[C@H]1[C@H]2OC(=O)c1ccccc1
ZINC000095859740,COC[C@@]12CC[C@H](OC)[C@@]34[C@@H]5C[C@]6(O)[C@@H](OC)[C@H](O)[C@](O)([C@@H]([C@H](OC)[C@H]13)[C@H]4N(C)C2)[C@H]5[C@H]6OC(=O)c1ccccc1
ZINC000095909420,COc1cc(C)c2c(=O)cc(C[C@@H](C)O)oc2c1[C@@H]1O[C@H](CO)[C@@H](O)[C@H](O)[C@H]1OC(=O)/C=C/c1ccc(O)cc1
ZINC000095909561,O=c1cc(-c2ccc(O)cc2)oc2c([C@@H]3OC[C@@H](O)[C@H](O)[C@H]3O)c(O)c([C@@H]3OC[C@H](O)[C@H](O)[C@H]3O)c(O)c12
ZINC000095910618,COc1cc2oc3cc(O)c(CC=C(C)C)c(O)c3c(=O)c2c(CC=C(C)C)c1OC
ZINC000095910858,CC1(C)CC[C@]2(C(=O)O)[C@@H](O)C[C@]3(C)C(=CC[C@@H]4[C@@]5(C)CC[C@H](O[C@@H]6O[C@H](CO)[C@@H](O)[C@H](O)[C@H]6O)C(C)(C)[C@@H]5CC[C@]43C)[C@@H]2C1
ZINC000095911433,C=C1C(=O)O[C@@H]2[C@H]3C(C)=C[C@@H](O)[C@H]3[C@@](O)(CCl)C[C@@H](O)[C@@H]12
ZINC000095912480,COc1cc(-c2oc3cc(O[C@@H]4O[C@@H](C)[C@H](O)[C@@H](O)[C@H]4O)cc(O)c3c(=O)c2O[C@@H]2O[C@H](CO)[C@@H](O)[C@H](O)[C@H]2O)ccc1O
ZINC000095913335,C[C@H](CCC(=O)O)[C@H]1CC(=O)[C@@]2(C)C3=C(C(=O)[C@@H](O)[C@]12C)[C@@]1(C)CCC(=O)C(C)(C)[C@@H]1C[C@@H]3O
ZINC000095914171,COC(=O)C1=CO[C@@H](O[C@@H]2O[C@H](CO)[C@@H](O)[C@H](O)[C@H]2O)[C@@H]2C(COC(=O)SC)=C[C@H](O)[C@H]12
ZINC000095914172,CSC(=O)OCC1=C[C@H](O)[C@@H]2C(C(=O)O)=CO[C@@H](O[C@@H]3O[C@H](CO)[C@@H](O)[C@H](O)[C@H]3O)[C@H]12
ZINC000095914279,CO[C@H]1C[C@H](O[C@H]2CC[C@]3(C)[C@H]4CC[C@]5(C)[C@@H](C6=CC(=O)OC6)CC[C@]5(O)[C@@H]4CC[C@]3(O)C2)O[C@H](C)[C@H]1O
ZINC000096006086,O=c1cc(O)oc2ccccc12
ZINC000096023581,C=C1C(=O)O[C@H]2C[C@@]3(C)O[C@@H]3CC[C@@]3(C)O[C@H]3C[C@H]12
ZINC000096023730,C=C(CO)[C@@H]1CC[C@H]2[C@]3(C)CC[C@H]([C@H](C)CC/C=C(\C)C=O)[C@@]3(C)CC[C@]23C[C@]13CCC(=O)OC
ZINC000096023873,O=C(/C=C/c1ccccc1)O[C@@H]1[C@@H]2O[C@]2(CO)[C@H]2[C@H](O[C@@H]3O[C@H](CO)[C@@H](O)[C@H](O)[C@H]3O)OC=C[C@@H]12
ZINC000096085336,C=C1C(=O)O[C@@H]2CC(C)=C([C@H](C)CCCOC(C)=O)[C@@H](O)[C@H]12
ZINC000096085540,O=C(O[C@@H]1[C@@H](O)[C@H](Oc2cc(O)c(C(=O)CCc3ccccc3)c(O)c2)O[C@@H]2COC(=O)c3cc(O)c(O)c(O)c3-c3c(cc(O)c(O)c3O)C(=O)O[C@H]21)c1cc(O)c(O)c(O)c1
ZINC000096086358,CC(=O)O[C@@H]1C[C@@]23C[C@@]24CC[C@H](O[C@@H]2OC[C@@H](O)[C@H](O)[C@H]2O)C(C)(C)[C@@H]4CC[C@H]3[C@]2(C)C[C@@H]3O[C@]4(C[C@@H](C)[C@@H]3[C@@]12C)OC[C@@]1(C)O[C@@H]41
ZINC000096086360,CC(=O)O[C@@H]1C[C@@]23C[C@@]24CC[C@H](O[C@@H]2OC[C@H](O)[C@H](O)[C@H]2O)C(C)(C)[C@@H]4CC[C@H]3[C@]2(C)[C@@H](O)[C@@]34O[C@H](C(C)(C)O)[C@@H](C[C@@H](C)[C@@H]3[C@@]12C)O4
ZINC000096282632,CCCCCCCCCCCCCCCCCC(=O)NCc1ccccc1
ZINC000096282633,CCCCC/C=C\C/C=C\CCCCCCCC(=O)NCc1cccc(OC)c1
ZINC000096282635,CCCCCCCC/C=C\CCCCCCCC(=O)NCc1cccc(OC)c1
ZINC000096282637,CC/C=C\C/C=C\C/C=C\CCCCCCCC(=O)NCc1cccc(OC)c1
ZINC000096319491,CC1(C)[C@@H](O[C@@H]2O[C@H](C(=O)O)[C@@H](O)[C@H](O)[C@H]2O[C@@H]2O[C@H](C(=O)O)[C@@H](O)[C@H](O)[C@H]2O)CC[C@@]2(C)[C@H]1CC[C@]1(C)[C@@H]2C(=O)C=C2[C@@H]3C[C@@](C)(C(=O)O)CC[C@]3(C)CC[C@]21C
ZINC000096938758,COC(=O)[C@@H](Cc1ccc(O)c(O)c1)OC(=O)/C=C/c1ccc(O)c2c1[C@@H](C(=O)O[C@H](Cc1ccc(O)c(O)c1)C(=O)OC)[C@H](c1ccc(O)c(O)c1)O2
ZINC000096938759,COc1cc([C@H]2OC[C@H]3[C@H](c4cc(OC)c(O[C@@H]5O[C@H](CO)[C@@H](O)[C@H](O)[C@H]5O)c(OC)c4)OC[C@H]23)cc(OC)c1O[C@@H]1O[C@H](CO)[C@@H](O)[C@H](O)[C@H]1O
ZINC000097943290,C=CC[C@H]1/C=C(/C)C[C@@H](C)C[C@@H](OC)[C@H]2O[C@@](O)(C(=O)C(=O)N3CCCC[C@@H]3C(=O)O[C@H](/C(C)=C/[C@@H]3CC[C@@H](O)[C@H](OC)C3)[C@H](C)[C@@H](O)CC1=O)[C@H](C)C[C@@H]2OC
ZINC000097950309,C[C@@H]1C(=O)O[C@H]2[C@H](O)[C@@]34[C@H]5C[C@@H](C(C)(C)C)[C@]36[C@H](OC(=O)[C@@H]6O)O[C@@]4(C(=O)O5)[C@@]12O
ZINC000097957278,C[C@@H]1CC[C@]2(C(=O)O[C@@H]3O[C@H](CO)[C@@H](O)[C@H](O)[C@H]3O)CC[C@]3(C)C(=CC[C@@H]4[C@@]5(C)CC[C@H](O)[C@](C)(C(=O)O)[C@@H]5CC[C@]43C)[C@@H]2[C@]1(C)O
ZINC000097971596,CC1(C)[C@H](OC(=O)c2ccccc2)CC[C@]2(C)C3=C([C@@H](O)C[C@@H]12)[C@@]1(C)CC[C@@]2(C)CC[C@@](C)(COC(=O)c4ccccc4)C[C@H]2[C@]1(C)CC3
ZINC000097971597,CCN1C[C@]2(COC)CC[C@H](OC)[C@@]34[C@@H]5C[C@@H]6[C@@H](OC)C[C@@](O)([C@H]5[C@H]6O)[C@@H]([C@H](OC)[C@H]23)[C@@H]14
ZINC000097971598,C=C(CCC=C(C)C)[C@H]1CC[C@]2(C)[C@@H]1[C@H](O)C[C@@H]1[C@@]3(C)CC[C@H](O)C(C)(C)[C@@H]3[C@@H](O[C@@H]3O[C@H](CO)[C@@H](O)[C@H](O)[C@H]3O)C[C@]12C
ZINC000097974162,CC[C@@H]1CN2CCc3cc(OC)c(OC)cc3[C@@H]2C[C@H]1C[C@H]1NCCc2cc(O)c(OC)cc21
ZINC000100009111,C/C=C(/C)C(=O)OC(=O)/C(C)=C\C
ZINC000100019156,CCCCCCCCCCCC(=O)C[C@@H](O)S(=O)(=O)O
ZINC000100019158,CCCCCCCCCCCC(=O)C[C@H](O)S(=O)(=O)O
ZINC000100037270,C/C1=C\CC[C@H](C)C(=O)C[C@H](C(C)C)C(=O)C1
ZINC000100038283,C[C@H]1CC[C@H]2[C@H](C)[C@@H]3CC[C@H]4[C@@H]5C[C@@H](O)[C@H]6C[C@@H](O)CC[C@]6(C)[C@H]5C[C@H]4[C@@H]3CN2C1
ZINC000100042059,CC1=C(/C=C/C(C)=C/C=C/C(C)=C/C=C/C=C(C)/C=C/C=C(C)/C=C/C2=C(C)C(=O)[C@@H](O)CC2(C)C)C(C)(C)C[C@H](O)C1=O
ZINC000100042076,CN1[C@H]2CC[C@H]1CC(OC(=O)[C@H](CO)c1ccccc1)C2
ZINC000100059665,O=C(/C=C/c1ccc(O)c(O)c1)O[C@@]1(C(=O)O)C[C@@H](O)[C@@H](O)[C@H](O)C1
ZINC000100063495,C=C1[C@@H](O)[C@@]2(O)OC[C@@]34[C@@H](C[C@H]5C(C)=CC(=O)[C@@H](O)[C@]5(C)[C@@H]23)OC(=O)[C@H](O)[C@@]14O
ZINC000100065712,CO[C@@H]1[C@@H](O)[C@H](O)[C@H](O)[C@H](O)[C@H]1O
ZINC000100067595,CC1(C)CC[C@@]2(C(=O)O)[C@@H](C1)C1=CC[C@@H]3[C@@]4(C)C[C@H](O)[C@H](O)C(CO)(CO)[C@@H]4CC[C@@]3(C)[C@]1(C)C[C@H]2O
ZINC000100069415,O=c1cccc2n1C[C@@H]1C[C@@H]2CN2CCCC[C@@H]12
ZINC000100073528,CCCC(=O)c1c(O)c(CC2=C(O)C(C)(C)C(O)=C(C(C)=O)C2=O)c(O)c(CC2=C(O)C(C)(C)C(O)=C(C(C)=O)C2=O)c1O
ZINC000100073624,C=C1[C@H]2CC[C@@H](C2)[C@@]1(C)CC/C=C(\C)CO
ZINC000100073626,C=C1[C@H]2CC[C@@H](C2)[C@]1(C)CC/C=C(\C)CO
ZINC000100112988,CC1(C)C[C@H]2C3=CC[C@@H]4[C@@]5(C)CC[C@H](O)[C@@](C)(CO)[C@@H]5CC[C@@]4(C)[C@]3(C)C[C@H](O)[C@@]2(CO)[C@@H](O)[C@@H]1O
ZINC000100115339,CN1[C@H]2C[C@H](OC(=O)[C@@H](CO)c3ccccc3)C[C@@H]1[C@H]1O[C@@H]21
ZINC000100150596,C1=C2CCCN[C@@H]2[C@H]2C[C@H]1[C@@H]1CCCCN1C2
ZINC000100151998,C=C1CC[C@H]2[C@@H](/C=C(/C)C(=O)[C@@]3(OC(C)=O)C[C@H](C)[C@H](OC(=O)c4ccccc4)[C@@H]3[C@@H]1OC(C)=O)C2(C)C
ZINC000100152349,CC(C)=C1C/C=C(/C)CC/C=C(/C)CC1=O
ZINC000100152478,COc1cc2ccnc3cc[nH]c(c1OC)c23
ZINC000100211043,C1=C2CCCN[C@@H]2[C@H]2C[C@H]1[C@H]1CCCCN1C2
ZINC000100371326,Cc1c(C(=O)NCCO)[n+](=O)c2ccccc2n1O
ZINC000100383069,CC1(C)[C@H]2O[C@H]2[C@H]2[C@](C)(O)[C@@H]3CC[C@@H]4[C@@H](O)[C@@]3(C[C@@H](O)[C@@]21O)C[C@@]4(C)O
ZINC000100473142,C1=C2CCCN[C@H]2[C@H]2C[C@H]1[C@H]1CCCCN1C2
ZINC000100646462,C=C1[C@H]2CC[C@@H](C2)[C@@]1(C)CC/C=C(/C)CO
ZINC000100646463,C=C1[C@H]2CC[C@@H](C2)[C@]1(C)CC/C=C(/C)CO
ZINC000100778903,C[C@]12C=Cc3occc3[C@@H]1CC[C@@]13C[C@@H](CC[C@H]12)[C@@](O)(CO)C3
ZINC000100822590,COc1ccc(C[C@@H]2c3cc(Oc4cc(C[C@H]5c6cc(O)c(OC)cc6CCN5C)ccc4O)c(OC)cc3CCN2C)cc1
ZINC000100822831,COc1ccc(C[C@@H]2c3cc(Oc4cc(C[C@H]5c6cc(OC)c(OC)cc6CCN5C)ccc4O)c(OC)cc3CCN2C)cc1
ZINC000100826091,Oc1cc(O)c2c(c1)O[C@@H](c1ccc(O)c(O)c1)[C@H](O)[C@H]2c1c(O)cc(O)c2c1O[C@H](c1ccc(O)c(O)c1)[C@@H](O)C2
ZINC000100898573,C/C1=C\C(=O)c2c(C)coc2C/C(C)=C/CC1
ZINC000101485632,C=C1C[C@@]23CC[C@H]4[C@@](C)(CCC[C@@]4(C)C(=O)O)[C@@H]2CC[C@H]1C3
ZINC000101658547,CC(C)=CCC[C@]1(C)C=Cc2c(O)c3c(c(CC=C(C)C)c2O1)O[C@]12C(=C[C@@H]4C[C@H]1C(C)(C)O[C@@]2(C/C=C(\C)C(=O)O)C4=O)C3=O
ZINC000101927781,CC[C@H]1C[C@H]2CN3CCc4c([nH]c5ccccc45)[C@@](C(=O)OC)(C2)[C@@H]13
ZINC000102922608,COC(=O)C1=CO[C@H]2O[C@H]3C[C@H]1[C@H]2[C@H](C)O3
ZINC000103540111,CCC(=O)C1=C(O)C(C)(C)C(O)=C(CC2=C(O)C(C)(C)C(O)=C(C(C)=O)C2=O)C1=O
ZINC000104781608,C[C@@H]1CCCC2=CC(=O)[C@@H]3[C@H](C3(C)C)[C@]21C
ZINC000104937488,Cc1cccc2c3c(ccc12)C(=O)C1=C(OC[C@H]1C)C3=O
ZINC000105461557,C=C[C@@H]1[C@H](O[C@@H]2O[C@H](CO)[C@@H](O)[C@H](O)[C@H]2O)OC=C(C(=O)OC)[C@H]1C[C@@H]1c2cc(O)c(O)cc2CCN1C(C)=O
ZINC000105692605,C[C@@H]1C(=O)O[C@H]2C[C@]34[C@@H]5OC(=O)[C@]3(O[C@H]3OC(=O)[C@H](O)[C@@]34[C@H](C(C)(C)C)[C@H]5O)[C@]21O
ZINC000105824198,COc1ccc([C@H]2OC[C@@H]3[C@H](c4ccc(OC)c(O)c4)OC[C@H]23)cc1O
ZINC000110424093,O=S(=O)(O)O/N=C(\Cc1ccccc1)S[C@@H]1O[C@H](CO)[C@H](O)[C@@H](O)[C@H]1O
ZINC000110424097,O=S(=O)(O)O/N=C(\Cc1ccccc1)S[C@@H]1O[C@H](CO)[C@H](O)[C@H](O)[C@H]1O
ZINC000111854180,C=C[C@@]12CN(C)[C@H]3[C@@H]4CO[C@H](C[C@H]41)[C@]1(C(=O)Nc4ccccc41)[C@H]32
ZINC000135992554,Oc1cc(O)c2c(c1)O[C@@]1(c3ccc(O)c(O)c3)Oc3cc(O)c4c(c3[C@@H]2[C@H]1O)O[C@@H](c1ccc(O)c(O)c1)[C@H](O)C4
ZINC000136695995,C[C@H]1[C@H]2[C@H](C[C@H]3[C@@H]4CC[C@@H]5C[C@@H](O)CC[C@]5(C)[C@H]4CC[C@@]32C)O[C@]12CC[C@@H](C)CN2
ZINC000136833951,C[C@@]1(O)C[C@@]23CC[C@@H]4[C@@]5(C)CCC[C@@]4(COC5=O)[C@@H]2CC[C@H]1C3
ZINC000137765506,COc1cc(-c2c(C)cc(O)cc2O[C@H]2O[C@@H](CO)[C@H](O)[C@@H](O)[C@@H]2O)oc(=O)c1
ZINC000137765608,COc1cc(-c2c(C)cc(O)cc2O[C@@H]2O[C@@H](CO)[C@H](O)[C@@H](O)[C@@H]2O)oc(=O)c1
ZINC000138007124,C/C=C(/C)C(=O)O[C@H]1C(C)=C[C@]23C(=O)[C@@H](C=C(COC(C)=O)[C@@H](O)[C@]12O)[C@H]1[C@@H](C[C@H]3C)C1(C)C
ZINC000138254149,CCO[C@@H]1C=C[C@H](OC(=O)c2ccccc2)[C@@H](O)[C@]1(O)COC(=O)c1ccccc1
ZINC000139154707,COC(=O)[C@H]1O[C@@H](Oc2cc3oc(-c4ccc(O)cc4)cc(=O)c3c(O)c2O)[C@H](O)[C@@H](O)[C@@H]1O
ZINC000139275507,C=C1[C@@H]2CC(=O)O[C@@H]3C[C@H]4C(C)=CC(=O)[C@@H](O)[C@]4(C)[C@H]4[C@](O)(OC[C@@]234)[C@@H]1O
ZINC000139674745,CC(=O)CCc1ccc(O[C@@H]2O[C@H](COC(=O)/C=C/c3ccccc3)[C@@H](O)[C@H](O)[C@H]2OC(=O)c2cc(O)c(O)c(O)c2)cc1
ZINC000139712128,C=C(C)[C@H]1CC[C@@]2(C)C[C@H]1c1c(O)c3c(c(CC=C(C)C)c1O2)O[C@]12C(=C[C@@H]4C[C@H]1C(C)(C)O[C@@]2(C/C=C(/C)C(=O)O)C4=O)C3=O
ZINC000140382763,OC[C@H]1O[C@@H](Oc2cc(O)ccc2/C=C/c2cc(O)cc(O)c2)[C@H](O)[C@@H](O)[C@@H]1O
ZINC000141355999,COc1ccc([C@H]2Oc3ccc([C@H]4Oc5cc(O)cc(O)c5C(=O)[C@@H]4O)cc3O[C@@H]2CO)cc1O
ZINC000141426236,C=C1C(=O)[C@@]23[C@@H](OC(C)=O)[C@H]1CC[C@H]2[C@]1(C)CCC(=O)C(C)(C)[C@H]1C[C@H]3O
ZINC000141487533,C=C1C[C@@]23CC[C@@H]4[C@@](C)(CCC[C@@]4(C)C(=O)O[C@@H]4O[C@H](CO)[C@@H](O)[C@H](O)[C@H]4O)[C@H]2CC[C@@]1(O)C3
ZINC000141487735,C=C1C[C@@]23CC[C@H]4[C@@](C)(CCC[C@@]4(C)C(=O)O[C@@H]4O[C@H](CO)[C@@H](O)[C@H](O)[C@H]4O)[C@H]2CC[C@@]1(O)C3
ZINC000141487916,C=C1C[C@@]23CC[C@@H]4[C@@](C)(CCC[C@@]4(C)C(=O)O[C@@H]4O[C@H](CO)[C@@H](O)[C@H](O)[C@H]4O)[C@@H]2CC[C@@]1(O)C3
ZINC000141488104,C=C1C[C@@]23CC[C@H]4[C@@](C)(CCC[C@@]4(C)C(=O)O[C@@H]4O[C@H](CO)[C@@H](O)[C@H](O)[C@H]4O)[C@@H]2CC[C@@]1(O)C3
ZINC000144199836,O=c1cc(-c2ccc(O)cc2)oc2c([C@@H]3OC[C@@H](O)[C@H](O)[C@H]3O)c(O)c([C@@H]3OC[C@@H](O)[C@H](O)[C@H]3O)c(O)c12
ZINC000145917818,C[C@@]12C[C@@]3(O)O[C@@H](O1)[C@]1(COC(=O)c4ccc(O)cc4)[C@H]3C[C@]21O[C@@H]1O[C@H](COC(=O)c2ccccc2)[C@@H](O)[C@H](O)[C@H]1O
ZINC000149090119,CCO[C@H]1C[C@@H]2C(C(=O)OC)=CO[C@@H](O[C@@H]3O[C@H](CO)[C@@H](O)[C@H](O)[C@H]3O)[C@@H]2[C@H](C)O1
ZINC000150338804,O=C(O[C@@H]1Cc2c(O)cc(O)cc2O[C@@H]1c1cc(O)c(=O)c2c(O)c(O)cc([C@H]3Oc4cc(O)cc(O)c4C[C@H]3OC(=O)c3cc(O)c(O)c(O)c3)c2c1)c1cc(O)c(O)c(O)c1
ZINC000150356713,CCCC(=O)c1c(O)c(CC2=C(O)C(C)(C)C(O)=C(C(C)=O)C2=O)c(O)c(Cc2c(O)c(CC3=C(O)C(C)(C)C(O)=C(C(C)=O)C3=O)c(O)c(C(=O)CCC)c2O)c1O
ZINC000150357797,Oc1cc(O)c2c(c1)O[C@H](c1ccc(O)c(O)c1)[C@H](O)[C@@H]2c1c(O)cc(O)c2c1O[C@H](c1ccc(O)c(O)c1)[C@H](O)[C@@H]2c1c(O)cc(O)c2c1O[C@@H](c1ccc(O)c(O)c1)[C@@H](O)C2
ZINC000150357800,Oc1cc(O)c2c(c1)O[C@H](c1ccc(O)c(O)c1)[C@H](O)[C@@H]2c1c(O)cc(O)c2c1O[C@H](c1ccc(O)c(O)c1)[C@H](O)[C@@H]2c1c(O)cc(O)c2c1O[C@H](c1ccc(O)c(O)c1)[C@@H](O)C2
ZINC000150357802,Oc1cc(O)c2c(c1)O[C@H](c1ccc(O)c(O)c1)[C@H](O)[C@@H]2c1c(O)cc(O)c2c1O[C@H](c1ccc(O)c(O)c1)[C@H](O)[C@@H]2c1c(O)cc(O)c2c1O[C@@H](c1ccc(O)c(O)c1)[C@H](O)C2
ZINC000150357805,Oc1cc(O)c2c(c1)O[C@H](c1ccc(O)c(O)c1)[C@H](O)[C@@H]2c1c(O)cc(O)c2c1O[C@H](c1ccc(O)c(O)c1)[C@H](O)[C@@H]2c1c(O)cc(O)c2c1O[C@H](c1ccc(O)c(O)c1)[C@H](O)C2
ZINC000150436007,O=C(/C=C/c1ccc(O)c(O)c1)O[C@@H]1C[C@@](OC(=O)/C=C/c2ccc(O)c(O)c2)(C(=O)O)C[C@@H](OC(=O)/C=C/c2ccc(O)c(O)c2)[C@@H]1O
ZINC000150624034,CC(C)=CC[C@]12Oc3cc(O)ccc3[C@]1(O)Oc1cc(O)c([C@@H]3C=C(C)C[C@@H](c4ccc(O)cc4O)[C@H]3C(=O)c3ccc(O)cc3O)c(O)c1C2=O
ZINC000150624043,CC(C)=CC[C@]12Oc3cc(O)ccc3[C@]1(O)Oc1cc(O)c([C@@H]3C=C(C)C[C@@H](c4ccc(O)cc4O)[C@@H]3C(=O)c3ccc(O)cc3O)c(O)c1C2=O
ZINC000153840535,C=CC[C@]12C=C(OC)C(=O)C(OC)(OC)[C@@H]1[C@H]1C(/C=C/C)=C[C@@]2(OC)C(=O)C1(OC)OC
ZINC000158620326,O=C(/C=C/c1ccc(O)c(O)c1)O[C@H](C(=O)O)[C@@H](OC(=O)/C=C/c1ccc(O)c(O)c1)[C@@H](OC(=O)/C=C/c1ccc(O)c(O)c1)[C@H](OC(=O)/C=C/c1ccc(O)c(O)c1)C(=O)O
ZINC000158620480,O=C(/C=C/c1ccc(O)c(O)c1)O[C@H](C(=O)O)[C@H](OC(=O)/C=C/c1ccc(O)c(O)c1)[C@@H](OC(=O)/C=C/c1ccc(O)c(O)c1)[C@H](OC(=O)/C=C/c1ccc(O)c(O)c1)C(=O)O
ZINC000161507302,CC(C)=CC[C@]12Oc3cc(O)ccc3[C@]1(O)Oc1cc(O)c([C@@H]3C=C(C)C[C@H](c4ccc(O)cc4O)[C@H]3C(=O)c3ccc(O)cc3O)c(O)c1C2=O
ZINC000161507997,CC(C)=CC[C@]12Oc3cc(O)ccc3[C@]1(O)Oc1cc(O)c([C@@H]3C=C(C)C[C@H](c4ccc(O)cc4O)[C@@H]3C(=O)c3ccc(O)cc3O)c(O)c1C2=O
ZINC000161842278,COc1cc(O[C@@H]2O[C@H](CO[C@@H]3O[C@H](CO)[C@@H](O)[C@H](O)[C@H]3O)[C@@H](O)[C@H](O)[C@H]2O)c2c(O)c3c(=O)cc(C)oc3cc2c1
ZINC000163671760,O=C(/C=C/c1ccc(O)c(O)c1)O[C@H](C(=O)O)[C@H](OC(=O)/C=C/c1ccc(O)c(O)c1)[C@@H](OC(=O)/C=C/c1ccc(O)c(O)c1)[C@@H](OC(=O)/C=C/c1ccc(O)c(O)c1)C(=O)O
ZINC000169233166,C[C@@H]1O[C@@H](OC[C@H]2O[C@@H](OCCc3ccc(O)c(O)c3)[C@H](O)[C@@H](O)[C@@H]2O)[C@H](O)[C@H](O)[C@H]1O
ZINC000169293868,O=C(O)C[C@@H]1C(=O)O[C@H]2[C@@H]3OC(=O)c4cc(O)c(O)c(O)c4-c4c(cc(O)c(O)c4O)C(=O)OC[C@H]2O[C@@H](OC(=O)c2cc(O)c(O)c(O)c2)[C@@H]3OC(=O)c2cc(O)c(O)c3c2[C@H]1[C@H](O)C(=O)O3
ZINC000169295078,CC(=O)O[C@H]1[C@H]2[C@@H](OC(=O)Cc3ccccc3)[C@@H](C)C[C@]2(OC(C)=O)C(=O)/C(C)=C\[C@@H]2[C@H](CC[C@@]13CO3)C2(C)C
ZINC000169297439,COC(=O)[C@@]12OC[C@@]34[C@H]1[C@@H](OC(=O)CC(C)C)C(=O)O[C@@H]3C[C@H]1[C@H](C)C(=O)C(O[C@@H]3O[C@H](CO)[C@@H](O)[C@H](O)[C@H]3O)=C[C@]1(C)[C@H]4[C@@H](O)[C@@H]2O
ZINC000169305002,COC[C@]12CN(C)[C@@H]3[C@H]4[C@H](OC)[C@H]1[C@@]3([C@@H](OC)C[C@H]2O)[C@@H]1C[C@]2(O)[C@@H](OC)[C@H](O)[C@@]4(OC(C)=O)[C@H]1[C@H]2OC(=O)c1ccccc1
ZINC000169305008,COC[C@]12CN(C)[C@@H]3[C@H]4[C@H](OC)[C@H]1[C@@]3([C@@H](OC)C[C@H]2O)[C@@H]1C[C@]2(O)[C@@H](OC)[C@H](O)[C@@]4(O)[C@H]1[C@H]2OC(=O)c1ccccc1
ZINC000169321098,CC(/C=C/C=C(\C)C(=O)O)=C\C=C/C=C(C)/C=C/C=C(\C)C(=O)O
ZINC000169348840,COc1cc([C@H]2O[C@H](c3ccc4c(c3)OCO4)[C@@H](C)[C@H]2C)ccc1O
ZINC000169356891,O=C(O)C[C@H]1C(=O)O[C@H]2[C@H](OC(=O)c3cc(O)c(O)c(O)c3)[C@@H](OC(=O)c3cc(O)c(O)c4c3[C@H]1[C@H](O)C(=O)O4)[C@H](OC(=O)c1cc(O)c(O)c(O)c1)O[C@@H]2COC(=O)c1cc(O)c(O)c(O)c1
ZINC000169358495,CC(=O)OC[C@]12[C@H](OC(C)=O)[C@H](OC(C)=O)[C@@H]3[C@@H](OC(C)=O)[C@@]14O[C@@]3(C)COC(=O)c1cccnc1CC[C@H](C)C(=O)O[C@@H]([C@H](OC(=O)c1ccccc1)[C@@H]2OC(C)=O)[C@]4(C)O
ZINC000169384586,C[C@@H]1CCCC2=CC(=O)[C@@H]3[C@@H](C3(C)C)[C@@]21C
ZINC000169444466,C=C1C(=O)O[C@H]2[C@@H]3C(=C(C)CC[C@H]12)CC[C@@]3(C)O
ZINC000169646768,CC(=O)OC[C@]12[C@H](OC(C)=O)[C@H](OC(C)=O)[C@@H]3[C@@H](OC(C)=O)[C@@]14O[C@@]3(C)COC(=O)c1cccnc1CC[C@H](C)C(=O)O[C@@H]([C@H](OC(=O)c1ccoc1)[C@@H]2OC(C)=O)[C@]4(C)O
ZINC000169646834,C=C1C(=O)O[C@H]2CC(C)=C([C@H](C)CCCOC(C)=O)[C@H](O)[C@@H]12
ZINC000169653464,CC1(C)CC[C@@H]2CC[C@]3(C)C(=CC[C@@H]4[C@@]5(C)CCC(=O)C(C)(C)[C@@H]5CC[C@]43C)[C@@H]2C1
ZINC000169671340,C=C1[C@H]2C[C@]3([C@@H]1O)[C@H]1C[C@@H]4[C@@]5(C)CC[C@H](O)[C@@]4([C@@H]1N(CC)C5)[C@@H]3C[C@H]2O
ZINC000169700569,COc1ccc([C@@H]2CC(=O)c3c(OC)cc(O[C@@H]4O[C@H](CO[C@@H]5O[C@@H](C)[C@H](O)[C@@H](O)[C@H]5O)[C@@H](O)[C@H](O)[C@H]4O)cc3O2)cc1O
ZINC000169721161,CCN1C[C@]2(COC)CC[C@H](OC)[C@@]34[C@@H]5C[C@]6(O)[C@@H](OC)C[C@](OC(C)=O)([C@H]([C@H](OC)[C@H]23)[C@@H]14)[C@H]5[C@H]6C(=O)c1ccc(OC)cc1
ZINC000169722601,O=C(O)c1cc(O)c2c(c1)[C@H]([C@H]1c3cc(CO)cc(O)c3C(=O)c3c(O[C@@H]4O[C@H](CO)[C@@H](O)[C@H](O)[C@H]4O)cccc31)c1cccc(O[C@@H]3O[C@H](CO)[C@@H](O)[C@H](O)[C@H]3O)c1C2=O
ZINC000169731061,O=C(O)c1cc(O)c2c(c1)[C@@H]([C@H]1c3cc(CO)cc(O)c3C(=O)c3c(O[C@@H]4O[C@H](CO)[C@@H](O)[C@H](O)[C@H]4O)cccc31)c1cccc(O[C@@H]3O[C@H](CO)[C@@H](O)[C@H](O)[C@H]3O)c1C2=O
ZINC000169731136,O=C1OC[C@H]2O[C@H](O)[C@H](O)[C@@H](O)[C@@H]2OC(=O)c2cc(O)c(O)c(O)c2-c2c(O)c(O)c3oc(=O)c4c(c(O)c(O)c5oc(=O)c2c3c54)-c2c1cc(O)c(O)c2O
ZINC000169735391,COc1cc(/C=C/C(=O)OC[C@H]2O[C@H](O[C@]3(CO)O[C@H](CO)[C@@H](O)[C@@H]3OC(=O)/C=C/c3cc(OC)c(OC)c(OC)c3)[C@H](O)[C@@H](O)[C@@H]2O)cc(OC)c1O
ZINC000169747774,C=C1C(=O)O[C@@H]2/C=C(\C)[C@@H](OC(C)=O)C/C=C(/COC(C)=O)C[C@@H](OC(=O)/C(C)=C/CO)[C@@H]12
ZINC000195758313,O=C(O)C[C@H]1C(=O)O[C@H]2[C@@H]3OC(=O)c4cc(O)c(O)c(O)c4-c4c(cc(O)c(O)c4O)C(=O)OC[C@H]2O[C@@H](OC(=O)c2cc(O)c(O)c(O)c2)[C@@H]3OC(=O)c2cc(O)c(O)c3c2[C@H]1[C@H](O)C(=O)O3
ZINC000195763592,O=C(O)C[C@@H]1C(=O)O[C@H]2[C@H](OC(=O)c3cc(O)c(O)c(O)c3)[C@@H](OC(=O)c3cc(O)c(O)c4c3[C@H]1[C@H](O)C(=O)O4)[C@H](OC(=O)c1cc(O)c(O)c(O)c1)O[C@@H]2COC(=O)c1cc(O)c(O)c(O)c1
ZINC000195838435,O=C(O[C@@H]1Cc2c(O)cc(O)cc2O[C@H]1c1cc(=O)c(O)c2c(O)c(O)cc([C@H]3Oc4cc(O)cc(O)c4C[C@H]3OC(=O)c3cc(O)c(O)c(O)c3)c2c1)c1cc(O)c(O)c(O)c1
ZINC000195842241,C[C@@H]1C(=O)O[C@H]2C[C@@]34[C@H]5C[C@@H](C(C)(C)C)[C@]36[C@H](OC(=O)[C@@H]6O)O[C@@]4(C(=O)O5)[C@]21O
ZINC000195856178,O=C(/C=C/c1ccc(O)c(O)c1)O[C@@H]1CC(OC(=O)/C=C/c2ccc(O)c(O)c2)(C(=O)O)C[C@@H](OC(=O)/C=C/c2ccc(O)c(O)c2)C1O
ZINC000196387349,C=C1C[C@@]23CC[C@H]4[C@@](C)(CCC[C@@]4(C)C(=O)O)[C@@H]2CC[C@@]1(O)C3
ZINC000197014212,COc1cc(O)c(CC=C(C)C)c2c1C(=O)[C@H](O)[C@@H](c1ccc(O)cc1)O2
ZINC000197677803,C=C1C(=O)[C@]23[C@@H](O)[C@H]1CC[C@H]2[C@@]12CO[C@@]3(O)[C@@H](O)[C@@H]1C(C)(C)CC[C@@H]2O
ZINC000197927867,O=c1c(-c2ccc(O)cc2)coc2cc(O[C@@H]3O[C@H](CO)[C@@H](O)[C@H](O)[C@H]3O)c(O[C@@H]3O[C@H](CO)[C@@H](O)[C@H](O)[C@H]3O)c(O)c12
ZINC000200417609,O=C(O[C@@H]1Cc2c(O)cc(O)cc2O[C@H]1c1cc(=O)c(O)c2c(O)c(O)cc([C@H]3Oc4cc(O)cc(O)c4C[C@H]3O)c2c1)c1cc(O)c(O)c(O)c1
ZINC000201125387,C=C1C[C@@]23CC[C@@H]4[C@](C)(C(=O)O)CCC[C@]4(C)[C@@H]2CC[C@@]1(O)C3
ZINC000202854476,O=C(/C=C/c1ccc(O)c(O)c1)O[C@H]1CC(OC(=O)/C=C/c2ccc(O)c(O)c2)(C(=O)O)C[C@H](OC(=O)/C=C/c2ccc(O)c(O)c2)C1O
ZINC000207192507,CC(=O)OCC1=CO[C@@H](OC(=O)CC(C)C)[C@H]2C1=C[C@H](OC(=O)CC(C)C)[C@]2(O)CCl
ZINC000207825743,CO[C@@H]1[C@@H](CO)O[C@@H](Oc2cc(O)c3c(=O)c(-c4ccc(O)cc4)coc3c2)[C@H](O)[C@H]1O
ZINC000207825965,CO[C@@H]1[C@@H](CO)O[C@@H](Oc2ccc3c(=O)c(-c4ccc(O)cc4)coc3c2)[C@H](O)[C@H]1O
ZINC000221487810,C=C1C[C@@]23CC[C@H]4[C@@](C)(CCC[C@@]4(C)C(=O)O)[C@H]2CC[C@@]1(O)C3
ZINC000223793563,CC1(C)[C@@H](O)CC[C@@]2(C)[C@H]1CC[C@]1(C)[C@@H]2C(=O)C=C2[C@@H]3C[C@]4(C)C[C@@H](OC4=O)[C@]3(C)CC[C@]21C
ZINC000224195093,C/C=C(/C)C(=O)O[C@H]1C(C)=C[C@@]23C(=O)[C@@H](C=C(CO)[C@@H](O)[C@]12O)[C@H]1[C@H](C[C@H]3C)C1(C)C
ZINC000229770840,CC[C@@H]1C[C@H]2CN3CCc4c([nH]c5ccccc45)[C@@](C(=O)OC)(C2)[C@@H]13
ZINC000229941459,COC(=O)C1=CO[C@H](C)[C@@H]2CN3CC[C@]4(C(=O)Nc5ccccc54)[C@@H]3C[C@@H]12
ZINC000230068650,CC(C)=CCc1c2c(c(O)c3c1O[C@]14C(=C[C@H]5C[C@@H]1C(C)(C)O[C@@]4(C/C=C(/C)C(=O)O)C5=O)C3=O)C=CC(C)(C)O2
ZINC000238731364,OCC1=C[C@@H](O)[C@]2(O)C=CO[C@@H](O[C@H]3O[C@@H](CO)[C@H](O)[C@@H](O)[C@@H]3O)[C@H]12
ZINC000238733159,Cc1cc(O[C@H]2O[C@@H](CO)[C@H](O)[C@@H](O)[C@@H]2O)c2c(c1)C(=O)c1cc(O)cc(O)c1C2=O
ZINC000238735243,O=C1C[C@@H](c2ccc(O)cc2)Oc2cc(O[C@H]3O[C@@H](CO)[C@H](O)[C@@H](O)[C@@H]3O)ccc21
ZINC000238737115,CC(C)=CC[C@]12Oc3cc(O)c([C@H]4C=C(C)C[C@H](c5ccc(O)cc5O)[C@H]4C(=O)c4cc(O)cc(O)c4)c(O)c3C(=O)[C@@]1(O)Oc1cc(O)ccc12
ZINC000238741795,COc1cc2c(c(OC)c1OC)-c1c(cc(O)c(OC)c1OC)C[C@H](C)[C@@](C)(O)[C@@H]2OC(=O)c1ccccc1
ZINC000238742017,CO[C@H]1[C@H](O)[C@@H](O)[C@@H](O)[C@H](O)[C@H]1O
ZINC000238745536,COc1cc([C@H]2OC[C@@H]3[C@@H](c4cc(OC)c(O[C@H]5O[C@H](CO)[C@@H](O)[C@H](O)[C@H]5O)c(OC)c4)OC[C@H]23)cc(OC)c1O
ZINC000238746562,C=C1C(=O)O[C@H]2C[C@]3(C)O[C@@H]3CC[C@@]3(C)O[C@H]3C[C@H]12
ZINC000238747844,COc1ccc([C@@H]2CC(=O)c3c(O)cc(O[C@@H]4O[C@H](CO)[C@@H](O)[C@H](O)[C@H]4O)cc3O2)cc1
ZINC000238747945,O=c1c(-c2ccc(O)cc2)coc2c([C@@H]3O[C@H](CO[C@@H]4OC[C@@H](O)[C@H](O)[C@H]4O)[C@@H](O)[C@H](O)[C@H]3O)c(O)ccc12
ZINC000238750855,C[C@@H]1O[C@@H](O[C@H]([C@@H](O)C=O)[C@H](OC(=O)/C=C/c2ccc(O)c(O)c2)[C@H](O)CO)[C@H](O)[C@H](O)[C@H]1O
ZINC000238751634,O=C(O)C[C@@H]1C(=O)O[C@H]2[C@@H]3OC(=O)c4cc(O)c(O)c(O)c4-c4c(cc(O)c(O)c4O)C(=O)OC[C@H]2O[C@@H](OC(=O)c2cc(O)c(O)c(O)c2)[C@@H]3OC(=O)c2cc(O)c(O)c3c2[C@@H]1[C@H](O)C(=O)O3
ZINC000238752645,CC(C)[C@@H]1NC(=O)CNC(=O)[C@@H](C)NC(=O)[C@@H](Cc2c[nH]c3ccccc23)NC(=O)[C@H](C)NC1=O
ZINC000238755672,COc1ccc2c(c1OC)O[C@H]1c3ccc(O[C@H]4O[C@@H](CO)[C@H](O)[C@@H](O)[C@@H]4O)cc3OC[C@@H]21
ZINC000238767465,CC1(C)CC[C@@]23CC[C@]4(C)[C@](OC2=O)([C@H]2O[C@H]2[C@@H]2[C@@]5(C)CCC(=O)C(C)(C)[C@@H]5CC[C@]24C)[C@@H]3C1
ZINC000238769052,COc1cc2c(=O)c3c(O)c([C@@H]4O[C@H](CO)[C@@H](O)[C@H](O)[C@H]4O)c(O)cc3oc2cc1O
ZINC000238770470,CC1=C[C@@]23C(=O)[C@@H](C=C4COC(C)(C)O[C@H]4[C@@]24OC(C)(C)O[C@@H]14)[C@H]1[C@@H](C[C@H]3C)C1(C)C
ZINC000238774071,C=C1CC[C@]2(C)[C@@H](O)C[C@]3(C)C(=CC[C@@H]4[C@@]5(C)CC[C@H](O)C(C)(C)[C@@H]5CC[C@]43C)[C@@H]2[C@@H]1C
ZINC000238774737,CC(C)[C@@H]1NC(=O)[C@H]2CCCN2C(=O)[C@@H](C(C)C)NC(=O)CNC(=O)[C@H](C)NC(=O)[C@H](Cc2c[nH]c3ccccc23)NC1=O
ZINC000238775198,COc1cc2ccc(=O)oc2cc1O[C@@H]1O[C@@H](CO[C@@H]2OC[C@@H](O)[C@H](O)[C@@H]2O)[C@@H](O)[C@H](O)[C@@H]1O
ZINC000238776003,O=C(O)C[C@H]1C(=O)O[C@H]2[C@@H]3OC(=O)c4cc(O)c(O)c(O)c4-c4c(cc(O)c(O)c4O)C(=O)OC[C@H]2O[C@@H](OC(=O)c2cc(O)c(O)c(O)c2)[C@@H]3OC(=O)c2cc(O)c(O)c3c2[C@@H]1[C@H](O)C(=O)O3
ZINC000238782646,CC(C)=CCC/C(C)=C/CC/C(C)=C/CC/C(C)=C/CC/C(C)=C\CC/C(C)=C\CC/C(C)=C\CC/C(C)=C\CC/C(C)=C\CO
ZINC000238790964,C/C=C(/C)C(=O)O[C@H]1C(C)=C[C@@]23C(=O)[C@@H](C=C(CO)[C@@H](O)[C@]12O)[C@@H]1[C@@H](C[C@H]3C)C1(C)C
ZINC000238808829,C[C@@H]1C[C@H]2O[C@]3(O[C@H]2C(C)(C)O)[C@H](O)[C@@]2(C)[C@@H]4CC[C@H]5C(C)(C)[C@@H](O)CC[C@@]56C[C@@]46CC[C@]2(C)[C@@H]13
ZINC000238808898,CC(C)=CCC[C@](C)(O[C@@H]1O[C@H](CO)[C@@H](O)[C@H](O)[C@H]1O)[C@H]1CC[C@]2(C)[C@@H]1[C@H](O)C[C@@H]1[C@@]3(C)CC[C@H](O)C(C)(C)[C@@H]3[C@@H](O[C@@H]3O[C@H](CO)[C@@H](O)[C@H](O)[C@H]3O[C@@H]3O[C@H](CO)[C@@H](O)[C@H](O)[C@H]3O)C[C@]12C
ZINC000238809247,COc1ccc(-c2oc3c(CC=C(C)C)c(O[C@@H]4O[C@H](CO)[C@@H](O)[C@H](O)[C@H]4O)cc(O)c3c(=O)c2O[C@@H]2O[C@@H](C)[C@H](O)[C@@H](O[C@@H]3O[C@H](CO)[C@@H](O)[C@H](O)[C@H]3O)[C@H]2O)cc1
ZINC000238809273,OC[C@H]1O[C@H](O[C@@H]2[C@@H](CO)O[C@H](O[C@@H]3[C@@H](CO)O[C@H](O[C@@H]4[C@@H](CO)O[C@H](O[C@@H]5[C@@H](CO)O[C@H](O[C@@H]6[C@@H](CO)O[C@H](O)[C@H](O)[C@H]6O)[C@H](O)[C@H]5O)[C@H](O)[C@H]4O)[C@H](O)[C@H]3O)[C@H](O)[C@H]2O)[C@H](O)[C@@H](O)[C@@H]1O
ZINC000238809330,CC(C)(O)[C@H]1CC[C@@](C)([C@H]2CC[C@]3(C)[C@@H]2[C@H](O)C[C@@H]2[C@@]4(C)CC[C@H](O)C(C)(C)[C@@H]4[C@@H](O[C@@H]4O[C@H](CO)[C@@H](O)[C@H](O)[C@H]4O)C[C@]23C)O1
ZINC000238809332,C[C@@H]1O[C@@H](O[C@H]2[C@H](O[C@@H]3[C@@H](O)[C@H](O)[C@@H](C(=O)O)O[C@H]3O[C@H]3CC[C@@]4(C)[C@@H](CC[C@]5(C)[C@@H]4CC=C4[C@@H]6CC(C)(C)C[C@@H](O)[C@]6(C)CC[C@]45C)[C@@]3(C)CO)O[C@H](CO)[C@H](O)[C@@H]2O)[C@H](O)[C@H](O)[C@H]1O
ZINC000238809353,O=C1C=CC[C@@H]2[C@H]3CCC[N@+]4([O-])CCC[C@@H](CN12)[C@@H]34
ZINC000238809500,CC(C)=CCC[C@](C)(O)[C@H]1CC[C@]2(C)[C@@H]1[C@H](O)C[C@@H]1[C@@]3(C)CC[C@H](O)C(C)(C)[C@@H]3[C@@H](O[C@@H]3O[C@H](CO)[C@@H](O)[C@H](O)[C@H]3O[C@@H]3O[C@H](CO)[C@@H](O)[C@H](O)[C@H]3O)C[C@]12C
ZINC000238809538,C[C@@H]1O[C@@H](O[C@H]2[C@H](O[C@H]3[C@H](O[C@H]4CC[C@@]5(C)[C@@H](CC[C@]6(C)[C@@H]5CC=C5[C@@H]7CC(C)(C)CC[C@]7(C(=O)O)CC[C@]56C)C4(C)C)OC[C@H](O)[C@@H]3O)O[C@H](CO)[C@@H](O)[C@@H]2O)[C@H](O)[C@H](O)[C@H]1O
ZINC000242547689,CC(=O)O[C@@H]1[C@@H](O)[C@H](C)O[C@@H](O[C@@H]2[C@@H](O)[C@@H](O)[C@@H](C)O[C@H]2O[C@@H]2C[C@H](O)CC3=CC[C@H]4[C@@H]5C[C@@H]6O[C@]7(CC[C@@H](C)CO7)[C@@H](C)[C@@H]6[C@@]5(C)CC[C@@H]4[C@]32C)[C@@H]1O
ZINC000244564024,CC1=C2C(=O)[C@@H]3[C@H](CC=C4C[C@H](O)CC[C@@]43C)[C@@H]2CC[C@]12O[C@@H]1C[C@H](C)CN[C@H]1[C@H]2C
ZINC000244564025,CC1=C2C(=O)[C@@H]3[C@H](CC=C4C[C@H](O)CC[C@@]43C)[C@@H]2CC[C@]12O[C@@H]1C[C@H](C)CN[C@@H]1[C@H]2C
ZINC000244564026,CC1=C2C(=O)[C@@H]3[C@H](CC=C4C[C@H](O)CC[C@@]43C)[C@@H]2CC[C@]12O[C@@H]1C[C@H](C)CN[C@H]1[C@@H]2C
ZINC000244564027,CC1=C2C(=O)[C@@H]3[C@H](CC=C4C[C@H](O)CC[C@@]43C)[C@@H]2CC[C@]12O[C@@H]1C[C@H](C)CN[C@@H]1[C@@H]2C
ZINC000245224178,CC(/C=C/C=C(\C)C(=O)O[C@@H]1O[C@H](CO[C@@H]2O[C@H](CO)[C@@H](O)[C@H](O)[C@H]2O)[C@@H](O)[C@H](O)[C@H]1O)=C\C=C\C=C(C)\C=C\C=C(/C)C(=O)O[C@@H]1O[C@H](CO[C@@H]2O[C@H](CO)[C@@H](O)[C@H](O)[C@H]2O)[C@@H](O)[C@H](O)[C@H]1O
ZINC000245380196,C=C1C(=O)O[C@@H]2[C@@H]1CC[C@](C)(O)[C@@]13C=C[C@@](C)([C@@H]21)[C@]1(C3)C(=O)O[C@@H]2[C@@H]3C(C)=CC[C@@H]3[C@](C)(O)C[C@H](OC(C)=O)[C@H]21
ZINC000245380197,C=C1C(=O)O[C@@H]2[C@@H]1CC[C@](C)(O)[C@@]13C=C[C@@](C)([C@@H]21)[C@]1(C3)C(=O)O[C@@H]2[C@@H]3C(C)=CC[C@@H]3[C@](C)(O)C[C@@H](OC(C)=O)[C@@H]21
ZINC000245380198,C=C1C(=O)O[C@@H]2[C@@H]1CC[C@](C)(O)[C@@]13C=C[C@@](C)([C@@H]21)[C@]1(C3)C(=O)O[C@@H]2[C@@H]3C(C)=CC[C@@H]3[C@](C)(O)C[C@@H](OC(C)=O)[C@H]21
ZINC000245380199,C=C1C(=O)O[C@@H]2[C@@H]1CC[C@](C)(O)[C@@]13C=C[C@@](C)([C@@H]21)[C@]1(C3)C(=O)O[C@@H]2[C@@H]3C(C)=CC[C@@H]3[C@](C)(O)C[C@H](OC(C)=O)[C@@H]21
ZINC000247840171,CC(C)=CC/C=C(/C)[C@H]1CC[C@]2(C)[C@@H]1[C@H](O)C[C@@H]1[C@@]3(C)CC[C@H](O[C@@H]4O[C@H](CO)[C@@H](O)[C@H](O)[C@H]4O)C(C)(C)[C@@H]3CC[C@]12C
ZINC000247845833,CC(C)=C[C@@H]1CO[C@]23C[C@]4(CO2)[C@H](CC[C@@H]2[C@]5(C)CC[C@H](O[C@@H]6OC[C@H](O)[C@H](O[C@@H]7O[C@H](COS(=O)(=O)O)[C@@H](O)[C@H](O)[C@H]7O)[C@H]6O[C@@H]6O[C@@H](CO)[C@H](O)[C@H]6O)C(C)(C)[C@H]5CC[C@]24C)[C@H]3[C@@]1(C)O
ZINC000247968716,CCN1C[C@@]2(OC(=O)c3ccccc3NC(C)=O)CC[C@H](OC)[C@]34[C@H]1[C@](O)(C[C@H]32)[C@]1(O)C[C@H](OC)[C@H]2C[C@H]4[C@@]1(O)[C@H]2OC
ZINC000247968723,CCN1C[C@@]2(OC(=O)c3ccccc3NC(C)=O)CC[C@H](OC)[C@]34[C@H]1[C@](O)(C[C@H]32)[C@]1(O)C[C@H](OC)[C@H]2C[C@@H]4[C@@]1(O)[C@@H]2OC
ZINC000247968728,CCN1C[C@@]2(OC(=O)c3ccccc3NC(C)=O)CC[C@H](OC)[C@]34[C@H]1[C@](O)(C[C@H]32)[C@]1(O)C[C@H](OC)[C@H]2C[C@H]4[C@@]1(O)[C@@H]2OC
ZINC000247968735,CCN1C[C@@]2(OC(=O)c3ccccc3NC(C)=O)CC[C@H](OC)[C@]34[C@H]1[C@](O)(C[C@H]32)[C@]1(O)C[C@H](OC)[C@H]2C[C@@H]4[C@@]1(O)[C@H]2OC
ZINC000248154295,C/C=C1/CN(C)[C@H]2Cc3c([nH]c4ccccc34)[C@H](c3cc4[nH]c5c(c4cc3OC)CCN3C[C@H]4C[C@@H](CC)[C@H]3[C@@]5(C(=O)OC)C4)C[C@H]1[C@H]2C(=O)OC
ZINC000248154303,C/C=C1/CN(C)[C@H]2Cc3c([nH]c4ccccc34)[C@H](c3cc4[nH]c5c(c4cc3OC)CCN3C[C@H]4C[C@H](CC)[C@H]3[C@@]5(C(=O)OC)C4)C[C@H]1[C@H]2C(=O)OC
ZINC000248154310,C/C=C1/CN(C)[C@H]2Cc3c([nH]c4ccccc34)[C@H](c3cc4[nH]c5c(c4cc3OC)CCN3C[C@H]4C[C@@H](CC)[C@H]3[C@@]5(C(=O)OC)C4)C[C@H]1[C@@H]2C(=O)OC
ZINC000248154318,C/C=C1/CN(C)[C@H]2Cc3c([nH]c4ccccc34)[C@H](c3cc4[nH]c5c(c4cc3OC)CCN3C[C@H]4C[C@H](CC)[C@H]3[C@@]5(C(=O)OC)C4)C[C@H]1[C@@H]2C(=O)OC
ZINC000248204577,CC(C)=CC[C@]12Oc3cc(O)c([C@@H]4C=C(C)C[C@H](c5ccc(O)cc5O)[C@H]4C(=O)c4cc(O)cc(O)c4)c(O)c3C(=O)[C@@]1(O)Oc1cc(O)ccc12
ZINC000248328654,CC1(C)C[C@@H]2C3=CC[C@@H]4[C@]5(C)CC[C@H](O)[C@](C)(CO)[C@@H]5CC[C@]4(C)[C@]3(C)CC[C@]2(C)[C@H](O)[C@@H]1O
ZINC000248328655,CC1(C)C[C@@H]2C3=CC[C@@H]4[C@]5(C)CC[C@H](O)[C@](C)(CO)[C@@H]5CC[C@]4(C)[C@]3(C)CC[C@]2(C)[C@@H](O)[C@@H]1O
ZINC000248328867,CC1(C)C[C@@H]2C3=CC[C@@H]4[C@]5(C)CC[C@H](O)[C@](C)(CO)[C@@H]5CC[C@]4(C)[C@]3(C)CC[C@]2(C)[C@@H](O)[C@H]1O
ZINC000248328868,CC1(C)C[C@@H]2C3=CC[C@@H]4[C@]5(C)CC[C@H](O)[C@](C)(CO)[C@@H]5CC[C@]4(C)[C@]3(C)CC[C@]2(C)[C@H](O)[C@H]1O
ZINC000248332054,C[C@@H]1CC[C@@H]2N(C[C@@H]3[C@H]([C@H](O)C[C@@]4(O)[C@H]5C[C@H](O)[C@@H]6C[C@H](O)CC[C@@]6(C)[C@@H]5C[C@H]34)[C@@]2(C)O)C1
ZINC000248332056,C[C@@H]1CC[C@@H]2N(C[C@@H]3[C@H]([C@H](O)C[C@@]4(O)[C@H]5C[C@H](O)[C@@H]6C[C@H](O)CC[C@]6(C)[C@@H]5C[C@H]34)[C@]2(C)O)C1
ZINC000248332059,C[C@@H]1CC[C@@H]2N(C[C@@H]3[C@H]([C@H](O)C[C@@]4(O)[C@H]5C[C@H](O)[C@@H]6C[C@H](O)CC[C@@]6(C)[C@@H]5C[C@H]34)[C@]2(C)O)C1
ZINC000248332061,C[C@@H]1CC[C@@H]2N(C[C@@H]3[C@H]([C@H](O)C[C@@]4(O)[C@H]5C[C@H](O)[C@@H]6C[C@H](O)CC[C@]6(C)[C@@H]5C[C@H]34)[C@@]2(C)O)C1
ZINC000248332064,CC1(C)CC[C@]2(C(=O)O)CC[C@]3(C)C(=CC[C@@H]4[C@]5(C)C[C@H](O)[C@H](O)[C@](C)(C(=O)O)[C@@H]5CC[C@@]43C)[C@H]2C1
ZINC000248332066,CC1(C)CC[C@]2(C(=O)O)CC[C@]3(C)C(=CC[C@@H]4[C@]5(C)C[C@H](O)[C@H](O)[C@](C)(C(=O)O)[C@@H]5CC[C@]43C)[C@H]2C1
ZINC000248332069,CC1(C)CC[C@]2(C(=O)O)CC[C@]3(C)C(=CC[C@@H]4[C@]5(C)C[C@H](O)[C@H](O)[C@](C)(C(=O)O)[C@@H]5CC[C@]43C)[C@@H]2C1
ZINC000248332072,CC1(C)CC[C@]2(C(=O)O)CC[C@]3(C)C(=CC[C@@H]4[C@]5(C)C[C@H](O)[C@H](O)[C@](C)(C(=O)O)[C@@H]5CC[C@@]43C)[C@@H]2C1
ZINC000248334786,Cc1c([C@H](C)[C@@H]2NC[C@H](C)C[C@@H]2O)ccc2c1C[C@@H]1[C@@H]2CC=C2C[C@H](O)CC[C@]21C
ZINC000248334790,Cc1c([C@H](C)[C@@H]2NC[C@H](C)C[C@@H]2O)ccc2c1C[C@@H]1[C@@H]2CC=C2C[C@@H](O)CC[C@]21C
ZINC000248334794,Cc1c([C@H](C)[C@@H]2NC[C@H](C)C[C@@H]2O)ccc2c1C[C@@H]1[C@@H]2CC=C2C[C@H](O)CC[C@@]21C
ZINC000248334798,Cc1c([C@H](C)[C@@H]2NC[C@H](C)C[C@@H]2O)ccc2c1C[C@@H]1[C@@H]2CC=C2C[C@@H](O)CC[C@@]21C
ZINC000251981944,C[C@H](C(=O)O)[C@@H]1CC[C@]2(C)[C@@H]3CC[C@H]([C@](C)(O)CO)[C@]4(CCC(=O)O4)C[C@@H]3CC[C@@]12C
ZINC000251981949,C[C@H](C(=O)O)[C@@H]1CC[C@]2(C)[C@@H]3CC[C@H]([C@](C)(O)CO)[C@]4(CCC(=O)O4)C[C@@H]3CC[C@]12C
ZINC000251981953,C[C@H](C(=O)O)[C@@H]1CC[C@]2(C)[C@@H]3CC[C@H]([C@](C)(O)CO)[C@]4(CCC(=O)O4)C[C@H]3CC[C@@]12C
ZINC000251981956,C[C@H](C(=O)O)[C@@H]1CC[C@]2(C)[C@@H]3CC[C@H]([C@](C)(O)CO)[C@]4(CCC(=O)O4)C[C@H]3CC[C@]12C
ZINC000252078476,CC[C@@H]1CN2CCc3cc(OC)c(OC)cc3[C@@H]2C[C@H]1C[C@@H]1NCCc2cc(O)c(OC)cc21
ZINC000252162824,CC1=C2C[C@@H]3[C@H](CC=C4C[C@H](O)CC[C@@]43C)[C@@H]2CC[C@]12O[C@@H]1C[C@H](C)CN[C@@H]1[C@@H]2C
ZINC000252162825,CC1=C2C[C@@H]3[C@H](CC=C4C[C@H](O)CC[C@@]43C)[C@@H]2CC[C@]12O[C@@H]1C[C@H](C)CN[C@@H]1[C@H]2C
ZINC000252162826,CC1=C2C[C@@H]3[C@H](CC=C4C[C@H](O)CC[C@@]43C)[C@@H]2CC[C@]12O[C@@H]1C[C@H](C)CN[C@H]1[C@H]2C
ZINC000252162827,CC1=C2C[C@@H]3[C@H](CC=C4C[C@H](O)CC[C@@]43C)[C@@H]2CC[C@]12O[C@@H]1C[C@H](C)CN[C@H]1[C@@H]2C
ZINC000252441625,CC(/C=C/C=C(\C)C(=O)O[C@@H]1O[C@H](CO)[C@@H](O)[C@H](O)[C@H]1O)=C\C=C\C=C(C)\C=C\C=C(/C)C(=O)O[C@@H]1O[C@H](CO[C@@H]2O[C@H](CO)[C@@H](O)[C@H](O)[C@H]2O)[C@@H](O)[C@H](O)[C@H]1O
ZINC000252463678,CC(C)=CC/C=C(/C)[C@H]1CC[C@]2(C)[C@@H]1[C@H](O)C[C@@H]1[C@@]3(C)CC[C@H](O)C(C)(C)[C@@H]3[C@@H](O[C@@H]3O[C@H](CO)[C@@H](O)[C@H](O)[C@H]3O[C@@H]3O[C@@H](C)[C@H](O)[C@@H](O)[C@H]3O)C[C@]12C
ZINC000252474477,CC(C)(O)[C@@H]1CC[C@](C)([C@H]2[C@@H](O)C[C@@]3(C)[C@@H]4C[C@H](O)[C@H]5C(C)(C)[C@@H](O[C@@H]6OC[C@@H](O)[C@H](O)[C@H]6O[C@@H]6O[C@H](CO)[C@@H](O)[C@H](O)[C@H]6O)CC[C@@]56C[C@@]46CC[C@]23C)O1
ZINC000252474776,C[C@@H]1O[C@@H](O[C@H]2[C@H](O)[C@@H](O[C@@H]3O[C@@H](C)[C@H](O)[C@@H](O)[C@H]3O)[C@H](O[C@H]3CC[C@@]4(C)C(=CC[C@H]5[C@@H]6C[C@@H]7O[C@]8(CC[C@@H](C)CN8)[C@@H](C)[C@@H]7[C@@]6(C)CC[C@@H]54)C3)O[C@@H]2CO)[C@H](O)[C@H](O)[C@H]1O
ZINC000252478866,C[C@@H]1O[C@H](O[C@@H]2[C@H](O)[C@H](O[C@H]3CC[C@@]4(C)C(=CC[C@H]5[C@@H]6C[C@@H]7O[C@]8(CC[C@@H](C)CO8)[C@@H](C)[C@@H]7[C@@]6(C)CC[C@@H]54)C3)O[C@H](CO)[C@H]2O[C@@H]2O[C@@H](CO)[C@H](O)[C@H]2O)[C@H](O)[C@H](O)[C@H]1O
ZINC000252478867,C[C@@H]1O[C@@H](O[C@@H]2[C@H](O)[C@H](O[C@H]3CC[C@@]4(C)C(=CC[C@H]5[C@@H]6C[C@@H]7O[C@]8(CC[C@@H](C)CO8)[C@@H](C)[C@@H]7[C@@]6(C)CC[C@@H]54)C3)O[C@H](CO)[C@H]2O[C@@H]2O[C@@H](CO)[C@H](O)[C@H]2O)[C@H](O)[C@H](O)[C@H]1O
ZINC000252478868,C[C@@H]1O[C@@H](O[C@@H]2[C@@H](O)[C@H](O[C@H]3CC[C@@]4(C)C(=CC[C@H]5[C@@H]6C[C@@H]7O[C@]8(CC[C@@H](C)CO8)[C@@H](C)[C@@H]7[C@@]6(C)CC[C@@H]54)C3)O[C@H](CO)[C@H]2O[C@@H]2O[C@@H](CO)[C@H](O)[C@H]2O)[C@H](O)[C@H](O)[C@H]1O
ZINC000252478869,C[C@@H]1O[C@H](O[C@@H]2[C@@H](O)[C@H](O[C@H]3CC[C@@]4(C)C(=CC[C@H]5[C@@H]6C[C@@H]7O[C@]8(CC[C@@H](C)CO8)[C@@H](C)[C@@H]7[C@@]6(C)CC[C@@H]54)C3)O[C@H](CO)[C@H]2O[C@@H]2O[C@@H](CO)[C@H](O)[C@H]2O)[C@H](O)[C@H](O)[C@H]1O
ZINC000252479718,CC(C)=CCC[C@]1(C)C[C@@H](O)c2c(O)c3c(c(CC=C(C)C)c2O1)O[C@]12C(=C[C@@H]4C[C@H]1C(C)(C)O[C@@]2(C/C=C(\C)C(=O)O)C4=O)C3=O
ZINC000252479719,CC(C)=CCC[C@]1(C)C[C@H](O)c2c(O)c3c(c(CC=C(C)C)c2O1)O[C@]12C(=C[C@@H]4C[C@H]1C(C)(C)O[C@@]2(C/C=C(\C)C(=O)O)C4=O)C3=O
ZINC000252480870,N=C1N[C@H](O)[C@@H]2[C@H]3O[C@@]4(O)O[C@@H]([C@H](O)[C@@]2(N1)[C@@H]4O)[C@]3(O)CO
ZINC000252480871,N=C1N[C@H](O)[C@@H]2[C@H]3O[C@@]4(O)O[C@@H]([C@H](O)[C@@]2(N1)[C@@H]4O)[C@@]3(O)CO
ZINC000252481887,C[C@@H]1C(=O)O[C@@H]2C[C@@]1(C)[C@H]1C(=O)[C@@]3(O)O[C@@]14[C@@](O)(CC[C@@H]1[C@H]3[C@H](O)C=C3C=CCC(=O)[C@@]31C)C(=O)O[C@@]24C
ZINC000252481888,C[C@@H]1C(=O)O[C@@H]2C[C@@]1(C)[C@@H]1C(=O)[C@@]3(O)O[C@@]14[C@@](O)(CC[C@@H]1[C@H]3[C@H](O)C=C3C=CCC(=O)[C@@]31C)C(=O)O[C@@]24C
ZINC000252481889,C[C@@H]1C(=O)O[C@@H]2C[C@@]1(C)[C@H]1C(=O)[C@@]3(O)O[C@@]14[C@@](O)(CC[C@H]1[C@H]3[C@H](O)C=C3C=CCC(=O)[C@@]31C)C(=O)O[C@@]24C
ZINC000252481890,C[C@@H]1C(=O)O[C@@H]2C[C@@]1(C)[C@@H]1C(=O)[C@@]3(O)O[C@@]14[C@@](O)(CC[C@H]1[C@H]3[C@H](O)C=C3C=CCC(=O)[C@@]31C)C(=O)O[C@@]24C
ZINC000252483567,C[C@@H]1O[C@@H](Oc2c(-c3ccc(O)cc3)oc3cc(O[C@@H]4O[C@@H](C)[C@H](O)[C@@H](O)[C@H]4O[C@@H]4O[C@H](CO)[C@@H](O)[C@H](O)[C@H]4O)cc(O)c3c2=O)[C@H](O)[C@H](O)[C@H]1O
ZINC000252483770,C=C1[C@H]2C[C@]3([C@@H](C[C@H]2O)[C@@]24CCC[C@@]5(C)CN(CC)[C@@H]2[C@@H]3C[C@@H]45)[C@@H]1O
ZINC000252484746,C[C@@H]1CC[C@@]2(O)C(C)(C)[C@@H]3CC[C@@]2(C)[C@H]1C3
ZINC000252485022,CN[C@@H](C)[C@H]1[C@H](O)C[C@@]2(C)[C@@H]3CC[C@H]4C(C)(C)[C@H](NC)CC[C@@]45C[C@@]35CC[C@]12C
ZINC000252487732,O=C1C([C@@H]2O[C@H](CO)[C@@H](O)[C@H](O)[C@H]2O)=C(O)/C(=C(O)/C=C/c2ccc(O)cc2)C(=O)[C@]1(O)[C@@H]1O[C@H](CO)[C@@H](O)[C@H](O)[C@H]1O
ZINC000252487733,O=C1C([C@@H]2O[C@H](CO)[C@@H](O)[C@H](O)[C@H]2O)=C(O)/C(=C(O)/C=C/c2ccc(O)cc2)C(=O)[C@@]1(O)[C@@H]1O[C@H](CO)[C@@H](O)[C@H](O)[C@H]1O
ZINC000252490795,CO[C@@H]1[C@@H](O[C@@H]2O[C@H](CO)[C@@H](O)[C@H](O)[C@H]2O)[C@H](C)O[C@@H](O[C@H]2CC[C@]3(C)[C@H]4CC[C@]5(C)[C@@H](C6=CC(=O)OC6)CC[C@]5(O)[C@@H]4CC[C@@H]3C2)[C@H]1O
ZINC000252493613,C[C@@H]1C(=O)O[C@H](C)[C@@H]1C[C@@H](O)[C@](C)(O)[C@H]1CC[C@@]2(O)C3=CC(=O)[C@@H]4C[C@@H](O)[C@@H](O)C[C@]4(C)[C@H]3CC[C@]12C
ZINC000252493890,C=C[C@@]12CN(C)[C@H]3[C@H]4CO[C@H](C[C@H]41)[C@]1(C(=O)Nc4ccccc41)[C@H]32
ZINC000252495852,CC1(C)CC[C@@]2(CO)C(=C3C=C[C@@H]4[C@@]5(C)CC[C@H](O[C@@H]6O[C@H](CO[C@@H]7O[C@H](CO)[C@@H](O)[C@H](O)[C@H]7O)[C@@H](O[C@@H]7O[C@H](CO)[C@@H](O)[C@H](O)[C@H]7O)[C@H](O)[C@H]6O)[C@@](C)(CO)[C@@H]5CC[C@@]4(C)[C@]3(C)C[C@@H]2O)C1
ZINC000252498864,CC1=C(CC[C@H](C)CO[C@@H]2O[C@H](CO)[C@@H](O)[C@H](O)[C@H]2O)O[C@H]2C[C@H]3[C@@H]4CC[C@@H]5C[C@@H](O[C@@H]6O[C@H](CO)[C@H](O)[C@H](O)[C@H]6O[C@@H]6O[C@H](CO)[C@@H](O)[C@H](O)[C@H]6O)CC[C@]5(C)[C@H]4CC[C@]3(C)[C@@H]12
ZINC000252499613,CC(=O)O[C@@H]1[C@H](c2ccc(=O)oc2)[C@@]2(C)CC[C@H]3[C@@H](CC[C@H]4C[C@@H](O)CC[C@@]43C)[C@]23O[C@H]13
ZINC000252499628,C=C1CC[C@H]2[C@@H](/C=C(/C)C(=O)[C@@]3(O)C[C@H](C)[C@H](O)[C@@H]3[C@@H]1O)C2(C)C
ZINC000252501329,C=C1C[C@]23CC[C@H]4[C@@](C)(CCC[C@@]4(C)C(=O)O[C@@H]4O[C@H](CO)[C@@H](O)[C@H](O)[C@H]4O)[C@@H]2CC[C@]1(O[C@@H]1O[C@H](CO)[C@@H](O)[C@H](O)[C@H]1O[C@@H]1O[C@H](CO)[C@@H](O)[C@H](O)[C@H]1O)C3
ZINC000252506571,C/C=C/C#CC#CC[C@@H](O)[C@@H](/C=C/CCO)O[C@@H]1O[C@H](CO)[C@@H](O)[C@H](O)[C@H]1O
ZINC000252507338,C[C@@H]1O[C@@H](O[C@@H]2[C@@H](O)[C@H](O)[C@@H](CO)O[C@H]2O[C@H]2CC[C@@]3(C)C(=CC[C@H]4[C@@H]5C[C@@H]6O[C@]7(CC[C@@H](C)CO7)[C@@H](C)[C@]6(O)[C@@]5(C)CC[C@@H]43)C2)[C@H](O)[C@H](O)[C@H]1O
ZINC000252509013,CCCC[N@+]1(C)[C@H]2C[C@H](OC(=O)[C@@H](CO)c3ccccc3)C[C@@H]1[C@H]1O[C@@H]21
ZINC000252509014,CCCC[N@@+]1(C)[C@H]2C[C@H](OC(=O)[C@@H](CO)c3ccccc3)C[C@@H]1[C@H]1O[C@@H]21
ZINC000252509721,COC(=O)C1=CO[C@@H](O[C@@H]2O[C@H](CO)[C@@H](O)[C@H](O)[C@H]2O)[C@H]2[C@@H]1C[C@@H](O)O[C@@H]2C
ZINC000252509722,COC(=O)C1=CO[C@@H](O[C@@H]2O[C@H](CO)[C@@H](O)[C@H](O)[C@H]2O)[C@H]2[C@@H]1C[C@H](O)O[C@@H]2C
ZINC000252509841,C=C1C[C@]23CC[C@H]4[C@@](C)(CCC[C@@]4(C)C(=O)O[C@@H]4O[C@H](CO)[C@@H](O)[C@H](O)[C@H]4O)[C@@H]2CC[C@]1(O[C@@H]1O[C@H](CO)[C@@H](O)[C@H](O)[C@H]1O)C3
ZINC000252581624,CO[C@@]1(CC[C@H](C)CO[C@@H]2O[C@H](CO)[C@@H](O)[C@H](O)[C@H]2O)O[C@H]2C[C@H]3[C@@H]4CC[C@@H]5C[C@@H](O[C@@H]6O[C@H](CO)[C@H](O)[C@H](O)[C@H]6O[C@@H]6O[C@H](CO)[C@@H](O)[C@H](O)[C@H]6O)CC[C@]5(C)[C@H]4CC[C@]3(C)[C@H]2[C@@H]1C
ZINC000252581625,CO[C@]1(CC[C@H](C)CO[C@@H]2O[C@H](CO)[C@@H](O)[C@H](O)[C@H]2O)O[C@H]2C[C@H]3[C@@H]4CC[C@@H]5C[C@@H](O[C@@H]6O[C@H](CO)[C@H](O)[C@H](O)[C@H]6O[C@@H]6O[C@H](CO)[C@@H](O)[C@H](O)[C@H]6O)CC[C@]5(C)[C@H]4CC[C@]3(C)[C@H]2[C@@H]1C
ZINC000252678348,COc1cc([C@@H]2OC[C@@H]3[C@H](c4cc(OC)c(O[C@@H]5O[C@H](CO)[C@@H](O)[C@H](O)[C@H]5O)c(OC)c4)OC[C@H]23)cc(OC)c1O[C@@H]1O[C@H](CO)[C@@H](O)[C@H](O)[C@H]1O
ZINC000253387844,CC(C)=CCc1c(O)cc(O)c2c(=O)c(O[C@@H]3O[C@@H](C)[C@H](O)[C@@H](O)[C@H]3O[C@@H]3OC[C@@H](O)[C@H](O)[C@H]3O)c(-c3ccc(O)cc3)oc12
ZINC000253387896,OCC1=C[C@@H](O)[C@]2(O[C@@H]3O[C@H](CO)[C@@H](O)[C@H](O)[C@H]3O[C@@H]3O[C@H](CO)[C@@H](O)[C@H](O)[C@H]3O)C=CO[C@@H](O[C@@H]3O[C@H](CO)[C@@H](O)[C@H](O)[C@H]3O)[C@H]12
ZINC000253387922,CC(=O)O[C@@]12CO[C@@H]1C[C@H](O[C@@H]1OC[C@@H](O)[C@H](O)[C@H]1O)[C@@]1(C)C(=O)[C@H](O)C3=C(C)[C@@H](OC(=O)[C@H](O)[C@@H](NC(=O)c4ccccc4)c4ccccc4)C[C@@](O)([C@@H](OC(=O)c4ccccc4)[C@@H]12)C3(C)C
ZINC000253387974,C=C(CCC=C(C)C)[C@H]1CC[C@]2(C)[C@@H]1[C@H](O)C[C@@H]1[C@@]3(C)CC[C@H](O)C(C)(C)[C@@H]3[C@@H](O[C@@H]3O[C@H](CO)[C@@H](O)[C@H](O)[C@H]3O[C@@H]3O[C@@H](C)[C@H](O)[C@@H](O)[C@H]3O)C[C@]12C
ZINC000253389134,COc1ccc([C@@H]2OC[C@@H]3[C@H](c4ccc(OC)c(O)c4)OC[C@H]23)cc1O
ZINC000253389135,COc1ccc([C@H]2OC[C@H]3[C@H](c4ccc(OC)c(O)c4)OC[C@H]23)cc1O
ZINC000253389136,COc1ccc([C@@H]2OC[C@H]3[C@H]2CO[C@H]3c2ccc(OC)c(O)c2)cc1O
ZINC000253476388,C[C@@H]1O[C@@H](OC[C@H]2O[C@@H](OCCc3ccc(O)c(O)c3)[C@H](O)[C@@H](OC(=O)/C=C/c3ccc(O)c(O)c3)[C@@H]2O)[C@H](O)[C@H](O)[C@H]1O
ZINC000253500608,COc1cc(-c2oc3cc(O)cc(O)c3c(=O)c2O[C@@H]2O[C@@H](CO)[C@H](O)[C@@H](O)[C@@H]2O)ccc1O
ZINC000253527796,CC(C)=CCC[C@H](C)[C@@H]1CC[C@]2(C)C3=C(CC[C@]12C)[C@]1(C)CC[C@H](O)C(C)(C)[C@H]1CC3
ZINC000253527797,CC(C)=CCC[C@H](C)[C@@H]1CC[C@]2(C)C3=C(CC[C@]12C)[C@]1(C)CC[C@H](O)C(C)(C)[C@@H]1CC3
ZINC000253527799,CC(C)=CCC[C@H](C)[C@@H]1CC[C@]2(C)C3=C(CC[C@]12C)[C@]1(C)CC[C@@H](O)C(C)(C)[C@@H]1CC3
ZINC000253527818,C[C@@H]1CC[C@H]2N(C[C@@H]3[C@H](CC[C@H]4[C@@H]5CC(=O)[C@H]6C[C@@H](O[C@H]7O[C@@H](CO)[C@H](O)[C@@H](O)[C@@H]7O)CC[C@@]6(C)[C@@H]5C[C@H]43)[C@]2(C)O)C1
ZINC000253527821,C[C@H]1CC[C@@H]2N(C1)C[C@@H]1[C@H](CC[C@H]3[C@@H]4CC(=O)[C@H]5C[C@@H](O[C@H]6O[C@@H](CO)[C@H](O)[C@@H](O)[C@@H]6O)CC[C@@]5(C)[C@@H]4C[C@H]31)[C@]2(C)O
ZINC000253527823,C[C@H]1CC[C@H]2N(C1)C[C@@H]1[C@H](CC[C@H]3[C@@H]4CC(=O)[C@H]5C[C@@H](O[C@H]6O[C@@H](CO)[C@H](O)[C@@H](O)[C@@H]6O)CC[C@@]5(C)[C@@H]4C[C@H]31)[C@]2(C)O
ZINC000253527824,C[C@@H]1CC[C@@H]2N(C[C@@H]3[C@H](CC[C@H]4[C@@H]5CC(=O)[C@H]6C[C@@H](O[C@H]7O[C@@H](CO)[C@H](O)[C@@H](O)[C@@H]7O)CC[C@@]6(C)[C@@H]5C[C@H]43)[C@]2(C)O)C1
ZINC000253529453,C[C@@H]1[C@H]2C3=CC[C@@H]4[C@@]5(C)C[C@@H](O)[C@H](O)[C@@](C)(CO)[C@@H]5CC[C@@]4(C)[C@]3(C)CC[C@@]2(C(=O)O[C@@H]2O[C@H](CO[C@@H]3O[C@H](CO)[C@@H](O[C@@H]4O[C@@H](C)[C@H](O)[C@@H](O)[C@H]4O)[C@H](O)[C@H]3O)[C@@H](O)[C@H](O)[C@H]2O)CC[C@H]1C
ZINC000253534211,COC(=O)C1=CO[C@@H](O[C@H]2O[C@@H](CO)[C@H](O)[C@@H](O)[C@@H]2O)[C@@H]2[C@H](C)CC(=O)[C@]12O
ZINC000253534212,COC(=O)C1=CO[C@@H](O[C@H]2O[C@@H](CO)[C@H](O)[C@@H](O)[C@@H]2O)[C@@H]2[C@@H](C)CC(=O)[C@@]12O
ZINC000253534213,COC(=O)C1=CO[C@@H](O[C@H]2O[C@@H](CO)[C@H](O)[C@@H](O)[C@@H]2O)[C@@H]2[C@H](C)CC(=O)[C@@]12O
ZINC000253534214,COC(=O)C1=CO[C@@H](O[C@H]2O[C@@H](CO)[C@H](O)[C@@H](O)[C@@H]2O)[C@@H]2[C@@H](C)CC(=O)[C@]12O
ZINC000253588790,C1=C2CCCN[C@H]2[C@H]2C[C@H]1[C@@H]1CCCCN1C2
ZINC000253589435,CC(=O)O[C@@H]1CC[C@]2(C)C3=C(CC[C@@H]2C1(C)C)[C@@]1(C)CC[C@H]([C@@H](CCC=C(C)C)C(=O)O)[C@]1(C)CC3
ZINC000253589442,CC(=O)O[C@@H]1CC[C@]2(C)C3=C(CC[C@@H]2C1(C)C)[C@@]1(C)CC[C@H]([C@H](CCC=C(C)C)C(=O)O)[C@]1(C)CC3
ZINC000253589859,C=C1CC[C@]2(OC1)O[C@@H]1C[C@@H]3[C@H]4CC=C5C[C@@H](O)C[C@H](O)[C@]5(C)[C@@H]4CC[C@]3(C)[C@@H]1[C@@H]2C
ZINC000253589863,C=C1CC[C@]2(OC1)O[C@@H]1C[C@@H]3[C@H]4CC=C5C[C@@H](O)C[C@H](O)[C@]5(C)[C@@H]4CC[C@]3(C)[C@@H]1[C@H]2C
ZINC000253589868,C=C1CC[C@@]2(OC1)O[C@@H]1C[C@@H]3[C@H]4CC=C5C[C@@H](O)C[C@H](O)[C@]5(C)[C@@H]4CC[C@]3(C)[C@@H]1[C@@H]2C
ZINC000253589870,C=C1CC[C@@]2(OC1)O[C@@H]1C[C@@H]3[C@H]4CC=C5C[C@@H](O)C[C@H](O)[C@]5(C)[C@@H]4CC[C@]3(C)[C@@H]1[C@H]2C
ZINC000253594642,Cc1c([C@H](C)[C@@H]2NC[C@H](C)C[C@H]2O)ccc2c1C[C@@H]1[C@H]2CC=C2C[C@@H](O[C@H]3O[C@@H](CO)[C@H](O)[C@@H](O)[C@@H]3O)CC[C@]21C
ZINC000253594644,Cc1c([C@H](C)[C@@H]2NC[C@H](C)C[C@@H]2O)ccc2c1C[C@@H]1[C@H]2CC=C2C[C@@H](O[C@H]3O[C@@H](CO)[C@H](O)[C@@H](O)[C@@H]3O)CC[C@]21C
ZINC000253594647,Cc1c([C@H](C)[C@@H]2NC[C@@H](C)C[C@@H]2O)ccc2c1C[C@@H]1[C@H]2CC=C2C[C@@H](O[C@H]3O[C@@H](CO)[C@H](O)[C@@H](O)[C@@H]3O)CC[C@]21C
ZINC000253594649,Cc1c([C@H](C)[C@@H]2NC[C@@H](C)C[C@H]2O)ccc2c1C[C@@H]1[C@H]2CC=C2C[C@@H](O[C@H]3O[C@@H](CO)[C@H](O)[C@@H](O)[C@@H]3O)CC[C@]21C
ZINC000253594939,CC1(C)CC[C@@]2(C(=O)O)[C@@H](O)C[C@@]3(C)C(=CC[C@H]4[C@]5(C)CC[C@@H](O[C@H]6O[C@@H](CO)[C@H](O)[C@@H](O)[C@@H]6O)C(C)(C)[C@@H]5CC[C@]43C)[C@@H]2C1
ZINC000253594940,CC1(C)CC[C@@]2(C(=O)O)[C@@H](C1)C1=CC[C@H]3[C@]4(C)CC[C@@H](O[C@H]5O[C@@H](CO)[C@H](O)[C@@H](O)[C@@H]5O)C(C)(C)[C@@H]4CC[C@@]3(C)[C@@]1(C)C[C@H]2O
ZINC000253594941,CC1(C)CC[C@]2(C(=O)O)[C@@H](C1)C1=CC[C@H]3[C@]4(C)CC[C@@H](O[C@H]5O[C@@H](CO)[C@H](O)[C@@H](O)[C@@H]5O)C(C)(C)[C@@H]4CC[C@@]3(C)[C@@]1(C)C[C@H]2O
ZINC000253594942,CC1(C)CC[C@]2(C(=O)O)[C@@H](O)C[C@@]3(C)C(=CC[C@H]4[C@]5(C)CC[C@@H](O[C@H]6O[C@@H](CO)[C@H](O)[C@@H](O)[C@@H]6O)C(C)(C)[C@@H]5CC[C@]43C)[C@@H]2C1
ZINC000253595813,C[C@]12C=Cc3occc3[C@@H]1CC[C@@]13C[C@@H](CC[C@H]12)[C@](O)(CO)C3
ZINC000253595814,C[C@]12C=Cc3occc3[C@@H]1CC[C@@]13C[C@@H](CC[C@@H]12)[C@](O)(CO)C3
ZINC000253596341,C=C1C[C@@]23CC[C@@H]4[C@](C)(C(=O)O)CCC[C@]4(C)[C@H]2CC[C@@]1(O)C3
ZINC000253598174,Cc1cc(O[C@@H]2O[C@@H](CO)[C@H](O)[C@@H](O)[C@@H]2O)c2c(c1)C(=O)c1cc(O)cc(O)c1C2=O
ZINC000253598810,C[C@H]1CC[C@@]2(OC1)O[C@@H]1C[C@@H]3[C@H]4CC[C@H]5C[C@@H](O)[C@@H](O)C[C@]5(C)[C@@H]4CC[C@]3(C)[C@@H]1[C@H]2C
ZINC000253598812,C[C@H]1CC[C@]2(OC1)O[C@@H]1C[C@@H]3[C@H]4CC[C@H]5C[C@@H](O)[C@@H](O)C[C@]5(C)[C@@H]4CC[C@]3(C)[C@@H]1[C@H]2C
ZINC000253598813,C[C@@H]1CC[C@]2(OC1)O[C@@H]1C[C@@H]3[C@H]4CC[C@H]5C[C@@H](O)[C@@H](O)C[C@]5(C)[C@@H]4CC[C@]3(C)[C@@H]1[C@H]2C
ZINC000253598817,C[C@@H]1CC[C@@]2(OC1)O[C@@H]1C[C@@H]3[C@H]4CC[C@H]5C[C@@H](O)[C@@H](O)C[C@]5(C)[C@@H]4CC[C@]3(C)[C@@H]1[C@H]2C
ZINC000253599724,C[C@@H]1CC[C@@]2(OC1)O[C@@H]1C[C@@H]3[C@H]4CC[C@H]5C[C@@H](O[C@H]6O[C@@H](CO)[C@H](O)[C@@H](O)[C@@H]6O)CC[C@@]5(C)[C@@H]4CC[C@@]3(C)[C@@H]1[C@H]2C
ZINC000253599726,C[C@H]1CC[C@]2(OC1)O[C@@H]1C[C@@H]3[C@H]4CC[C@H]5C[C@@H](O[C@H]6O[C@@H](CO)[C@H](O)[C@@H](O)[C@@H]6O)CC[C@@]5(C)[C@@H]4CC[C@@]3(C)[C@@H]1[C@H]2C
ZINC000253599728,C[C@H]1CC[C@@]2(OC1)O[C@@H]1C[C@@H]3[C@H]4CC[C@H]5C[C@@H](O[C@H]6O[C@@H](CO)[C@H](O)[C@@H](O)[C@@H]6O)CC[C@@]5(C)[C@@H]4CC[C@@]3(C)[C@@H]1[C@H]2C
ZINC000253599731,C[C@@H]1CC[C@]2(OC1)O[C@@H]1C[C@@H]3[C@H]4CC[C@H]5C[C@@H](O[C@H]6O[C@@H](CO)[C@H](O)[C@@H](O)[C@@H]6O)CC[C@@]5(C)[C@@H]4CC[C@@]3(C)[C@@H]1[C@H]2C
ZINC000253609334,C/C=C(\CC[C@H](C)[C@@H]1CC[C@@H]2[C@H]3CC=C4C[C@@H](O)CC[C@]4(C)[C@@H]3CC[C@@]12C)C(C)C
ZINC000253609337,C/C=C(\CC[C@@H](C)[C@@H]1CC[C@@H]2[C@H]3CC=C4C[C@@H](O)CC[C@]4(C)[C@@H]3CC[C@@]12C)C(C)C
ZINC000253612003,CC(=O)CCc1ccc(O[C@H]2O[C@@H](COC(=O)c3cc(O)c(O)c(O)c3)[C@H](O)[C@@H](O)[C@@H]2O)cc1
ZINC000253612004,CC(=O)CCc1ccc(O[C@@H]2O[C@@H](COC(=O)c3cc(O)c(O)c(O)c3)[C@H](O)[C@@H](O)[C@@H]2O)cc1
ZINC000253612018,CC(=O)CCc1ccc(O[C@@H]2O[C@@H](CO)[C@H](O)[C@@H](O)[C@@H]2O)cc1
ZINC000253612019,CC(=O)CCc1ccc(O[C@H]2O[C@@H](CO)[C@H](O)[C@@H](O)[C@@H]2O)cc1
ZINC000253612024,CC(=O)CCc1ccc(O[C@H]2O[C@@H](CO)[C@H](O)[C@@H](O)[C@@H]2OC(=O)c2cc(O)c(O)c(O)c2)cc1
ZINC000253612025,CC(=O)CCc1ccc(O[C@@H]2O[C@@H](CO)[C@H](O)[C@@H](O)[C@@H]2OC(=O)c2cc(O)c(O)c(O)c2)cc1
ZINC000253612218,CC(=O)O[C@@H]1[C@H](O)CO[C@@H](O[C@@H]2[C@H](O)[C@H](C)O[C@@H](O[C@H]3C[C@H](O)CC4=CC[C@@H]5[C@H]6C[C@H]7O[C@]8(CC[C@@H](C)CO8)[C@H](C)[C@H]7[C@@]6(C)CC[C@H]5[C@]43C)[C@@H]2O[C@@H]2O[C@H](C)[C@@H](O)[C@H](O)[C@@H]2O)[C@@H]1O
ZINC000253612219,CC(=O)O[C@@H]1[C@H](O)CO[C@@H](O[C@@H]2[C@H](O)[C@H](C)O[C@@H](O[C@H]3C[C@H](O)CC4=CC[C@@H]5[C@H]6C[C@H]7O[C@]8(CC[C@H](C)CO8)[C@H](C)[C@H]7[C@@]6(C)CC[C@H]5[C@]43C)[C@@H]2O[C@@H]2O[C@H](C)[C@@H](O)[C@H](O)[C@@H]2O)[C@@H]1O
ZINC000253612220,CC(=O)O[C@@H]1[C@H](O)CO[C@@H](O[C@@H]2[C@H](O)[C@H](C)O[C@@H](O[C@H]3C[C@H](O)CC4=CC[C@@H]5[C@H]6C[C@H]7O[C@@]8(CC[C@H](C)CO8)[C@H](C)[C@H]7[C@@]6(C)CC[C@H]5[C@]43C)[C@@H]2O[C@@H]2O[C@H](C)[C@@H](O)[C@H](O)[C@@H]2O)[C@@H]1O
ZINC000253612221,CC(=O)O[C@@H]1[C@H](O)CO[C@@H](O[C@@H]2[C@H](O)[C@H](C)O[C@@H](O[C@H]3C[C@H](O)CC4=CC[C@@H]5[C@H]6C[C@H]7O[C@@]8(CC[C@@H](C)CO8)[C@H](C)[C@H]7[C@@]6(C)CC[C@H]5[C@]43C)[C@@H]2O[C@@H]2O[C@H](C)[C@@H](O)[C@H](O)[C@@H]2O)[C@@H]1O
ZINC000253613279,COc1ccc2c(c1OC)O[C@H]1c3ccc(O[C@H]4O[C@@H](CO)[C@H](O)[C@@H](O)[C@@H]4O)cc3OC[C@H]21
ZINC000253613280,COc1ccc2c(c1OC)O[C@@H]1c3ccc(O[C@H]4O[C@@H](CO)[C@H](O)[C@@H](O)[C@@H]4O)cc3OC[C@@H]21
ZINC000253613281,COc1ccc2c(c1OC)O[C@@H]1c3ccc(O[C@H]4O[C@@H](CO)[C@H](O)[C@@H](O)[C@@H]4O)cc3OC[C@H]21
ZINC000253613349,COc1cc(O[C@@H]2O[C@@H](CO)[C@H](O)[C@@H](O)[C@@H]2O)cc2cc(C)c(C(C)=O)c(O)c12
ZINC000253613350,COc1cc(O[C@H]2O[C@@H](CO)[C@H](O)[C@@H](O)[C@@H]2O)cc2cc(C)c(C(C)=O)c(O)c12
ZINC000253613638,COc1ccc([C@H]2COc3cc(O[C@H]4O[C@@H](CO)[C@H](O)[C@@H](O)[C@@H]4O)ccc3C2)c(O)c1OC
ZINC000253613639,COc1ccc([C@H]2COc3cc(O[C@@H]4O[C@@H](CO)[C@H](O)[C@@H](O)[C@@H]4O)ccc3C2)c(O)c1OC
ZINC000253613640,COc1ccc([C@@H]2COc3cc(O[C@H]4O[C@@H](CO)[C@H](O)[C@@H](O)[C@@H]4O)ccc3C2)c(O)c1OC
ZINC000253613641,COc1ccc([C@@H]2COc3cc(O[C@@H]4O[C@@H](CO)[C@H](O)[C@@H](O)[C@@H]4O)ccc3C2)c(O)c1OC
ZINC000253615811,O=C1C[C@H](c2ccc(O)cc2)Oc2cc(O[C@H]3O[C@@H](CO)[C@H](O)[C@@H](O)[C@@H]3O)ccc21
ZINC000253615812,O=C1C[C@@H](c2ccc(O)cc2)Oc2cc(O[C@@H]3O[C@@H](CO)[C@H](O)[C@@H](O)[C@@H]3O)ccc21
ZINC000253615813,O=C1C[C@H](c2ccc(O)cc2)Oc2cc(O[C@@H]3O[C@@H](CO)[C@H](O)[C@@H](O)[C@@H]3O)ccc21
ZINC000253615836,O=C(O)C[C@](O)(CC(=O)OCc1ccc(O[C@H]2O[C@@H](CO)[C@H](O)[C@@H](O)[C@@H]2O)cc1)C(=O)O
ZINC000253615837,O=C(O)C[C@@](O)(CC(=O)OCc1ccc(O[C@@H]2O[C@@H](CO)[C@H](O)[C@@H](O)[C@@H]2O)cc1)C(=O)O
ZINC000253615838,O=C(O)C[C@](O)(CC(=O)OCc1ccc(O[C@@H]2O[C@@H](CO)[C@H](O)[C@@H](O)[C@@H]2O)cc1)C(=O)O
ZINC000253615839,O=C(O)C[C@@](O)(CC(=O)OCc1ccc(O[C@H]2O[C@@H](CO)[C@H](O)[C@@H](O)[C@@H]2O)cc1)C(=O)O
ZINC000253616732,O=C1c2cc(CO)cc(O)c2C(=O)c2c(O[C@H]3O[C@@H](CO)[C@H](O)[C@@H](O)[C@@H]3O)cccc21
ZINC000253616733,O=C1c2cc(CO)cc(O)c2C(=O)c2c(O[C@@H]3O[C@@H](CO)[C@H](O)[C@@H](O)[C@@H]3O)cccc21
ZINC000253617822,CC(=O)O[C@@H]1C[C@@]23C[C@@]24CC[C@H](O[C@@H]2OC[C@@H](O)[C@H](O)[C@H]2O)C(C)(C)[C@@H]4CC=C3[C@]2(C)C[C@@H]3O[C@]4(C[C@@H](C)[C@@H]3[C@@]12C)O[C@H](O)[C@@]1(C)O[C@H]14
ZINC000253638169,C[C@@H]1O[C@@H](O[C@@H]2[C@@H](O)[C@H](O)[C@@H](CO)O[C@H]2O[C@H]2CC[C@@]3(C)C(=CC[C@H]4[C@@H]5C[C@@H]6O[C@]7(CC[C@@H](C)CO7)[C@@H](C)[C@@H]6[C@@]5(C)CC[C@@H]43)C2)[C@H](O)[C@H](O)[C@H]1O
ZINC000253666487,C[C@H]1C(=O)O[C@@H]2CC[N@+]3([O-])CC=C(COC(=O)[C@](C)(O)[C@]1(C)O)[C@H]23
ZINC000253666493,C[C@H]1C(=O)O[C@@H]2CC[N@@+]3([O-])CC=C(COC(=O)[C@](C)(O)[C@]1(C)O)[C@H]23
ZINC000253666860,C/C=C1/C[C@@H](C)[C@@](C)(O)C(=O)OCC2=CC[N@@+]3([O-])CC[C@@H](OC1=O)[C@@H]23
ZINC000253666865,C/C=C1/C[C@@H](C)[C@@](C)(O)C(=O)OCC2=CC[N@+]3([O-])CC[C@@H](OC1=O)[C@@H]23
ZINC000253667126,C[C@@H]1O[C@@H](O[C@@H]2[C@@H](CO)O[C@@H](O[C@H]3CC[C@@]4(C)C(=CC[C@H]5[C@@H]6C[C@@H]7O[C@]8(CC[C@@H](C)CN8)[C@@H](C)[C@@H]7[C@@]6(C)CC[C@@H]54)C3)[C@H](O)[C@H]2O)[C@H](O)[C@H](O)[C@H]1O
ZINC000253670892,CC(C)C1=CC(=O)[C@](C)([C@H]2[C@H](O)C[C@@]3(C)[C@@H]4CC=C5[C@@H](CC[C@@H](O[C@@H]6OC[C@@H](O)[C@H](O[C@@H]7O[C@H](CO)[C@@H](O)[C@H](O)[C@H]7O[C@@H]7O[C@@H](C)[C@H](O)[C@@H](O)[C@H]7O)[C@H]6O)C5(C)C)[C@]4(C)C(=O)C[C@]23C)O1
ZINC000253856406,CC(C)C1=CC(=O)[C@](C)([C@H]2[C@H](O)C[C@@]3(C)[C@@H]4CC=C5[C@@H](CC[C@@H](O[C@@H]6O[C@H](CO)[C@@H](O)[C@H](O)[C@H]6O[C@@H]6O[C@@H](C)[C@H](O)[C@@H](O)[C@H]6O)C5(C)C)[C@]4(C)C(=O)C[C@]23C)O1
ZINC000253961059,COc1cc2c(cc1OC)[C@@H]1Cc3ccc(OC)c(OC)c3C[N@+]1([O-])CC2
ZINC000253961060,COc1cc2c(cc1OC)[C@@H]1Cc3ccc(OC)c(OC)c3C[N@@+]1([O-])CC2
ZINC000254141641,CO[C@@H]1C[C@H](O[C@@H]2CC[C@]3(C)[C@H](CC[C@@]45CC[C@H](C6=CC(=O)OC6)[C@@](C)(CC[C@@H]43)C5=O)C2)O[C@H](C)[C@@H]1O
ZINC000254141644,CO[C@@H]1C[C@H](O[C@@H]2CC[C@]3(C)[C@H](CC[C@@]45CC[C@H](C6=CC(=O)OC6)[C@@](C)(CC[C@@H]43)C5=O)C2)O[C@H](C)[C@H]1O
ZINC000254141648,CO[C@@H]1C[C@H](O[C@@H]2CC[C@]3(C)[C@H](CC[C@@]45CC[C@H](C6=CC(=O)OC6)[C@@](C)(CC[C@@H]43)C5=O)C2)O[C@@H](C)[C@@H]1O
ZINC000254141652,CO[C@@H]1C[C@H](O[C@@H]2CC[C@]3(C)[C@H](CC[C@@]45CC[C@H](C6=CC(=O)OC6)[C@@](C)(CC[C@@H]43)C5=O)C2)O[C@@H](C)[C@H]1O
ZINC000255191535,CC(C)=CCc1c(O[C@@H]2O[C@H](CO)[C@@H](O)[C@H](O)[C@H]2O)cc(O)c2c(=O)c(O[C@@H]3O[C@@H](C)[C@H](O)[C@@H](O)[C@H]3O[C@@H]3O[C@@H](C)[C@H](O)[C@@H](O)[C@H]3O)c(-c3ccc(O)cc3)oc12
ZINC000255193203,CC(C)=CCC[C@@](C)(O)[C@H]1CC[C@]2(C)[C@@H]1[C@H](O)C[C@@H]1[C@@]3(C)CC[C@H](O)C(C)(C)[C@@H]3[C@@H](O[C@@H]3O[C@H](CO)[C@@H](O)[C@H](O)[C@H]3O[C@@H]3O[C@@H](C)[C@H](O)[C@@H](O)[C@H]3O)C[C@]12C
ZINC000255195877,C[C@@H]1O[C@@H](O[C@@H]2[C@@H](O)[C@H](O[C@@H]3OC[C@@H](O)[C@H](O)[C@H]3O)[C@@H](CO)O[C@H]2O[C@H]2CC[C@@]3(C)C(=CC[C@@H]4[C@@H]3CC[C@]3(C)[C@@H]5[C@H](C[C@@]43O)O[C@]3(CC[C@@H](C)CO3)[C@H]5C)C2)[C@H](O)[C@H](O)[C@H]1O
ZINC000255201164,OC[C@H]1O[C@H](O[C@]2(CO[C@]3(CO[C@]4(CO[C@]5(CO[C@]6(CO)O[C@H](CO)[C@@H](O)[C@@H]6O)O[C@H](CO)[C@@H](O)[C@@H]5O)O[C@H](CO)[C@@H](O)[C@@H]4O)O[C@H](CO)[C@@H](O)[C@@H]3O)O[C@H](CO)[C@@H](O)[C@@H]2O)[C@H](O)[C@@H](O)[C@@H]1O
ZINC000255205537,C[C@@H]1O[C@@H](O[C@@H]2[C@@H](O)[C@H](O)[C@@H](CO)O[C@H]2O[C@H]2CC[C@@]3(C)C(=CC[C@@H]4[C@@H]3CC[C@]3(C)[C@]5(O)[C@H](C[C@@]43O)O[C@]3(CC[C@@H](C)CO3)[C@H]5C)C2)[C@H](O)[C@H](O)[C@H]1O
ZINC000255205784,CO[C@H]1[C@@H](O)[C@@H](C)O[C@@H](O[C@H]2[C@@H](OC)C[C@H](O[C@H]3[C@@H](OC)C[C@H](O[C@H]4[C@@H](OC)C[C@H](O[C@@H]5[C@@H](C)OC(=O)C[C@H]5OC)O[C@@H]4C)O[C@@H]3C)O[C@@H]2C)[C@@H]1O
ZINC000255206396,CC(=O)O[C@H]1CC[C@]2(C)C3=CC[C@]4(C)[C@@H]([C@@H](CCC=C(C)C)C(=O)O)[C@H](O)C[C@@]4(C)C3=CC[C@H]2C1(C)C
ZINC000255207488,C[C@@H]1O[C@@H](O[C@@H]2[C@@H](O[C@@H]3OC[C@@H](O)[C@H](O)[C@H]3O)[C@H](O)[C@@H](CO)O[C@H]2O[C@H]2CC[C@@]3(C)C(=CC[C@H]4[C@@H]5C[C@@H]6O[C@]7(CC[C@@H](C)CO7)[C@@H](C)[C@@H]6[C@@]5(C)CC[C@@H]43)C2)[C@H](O)[C@H](O)[C@H]1O
ZINC000255209011,COc1ccc(C[C@H]2COC(=O)[C@@H]2Cc2ccc(O[C@@H]3O[C@H](CO[C@@H]4O[C@H](CO)[C@@H](O)[C@H](O)[C@H]4O)[C@@H](O)[C@H](O)[C@H]3O)c(OC)c2)cc1OC
ZINC000255209300,CC(=O)O[C@@H]1C[C@]23C[C@@](C)(O)[C@H](CC[C@H]2[C@@](C)(O)[C@@H]2[C@@H]4O[C@@H]4C(C)(C)[C@]21O)[C@H]3O
ZINC000255209314,COc1cc(-c2oc3cc(O[C@@H]4O[C@@H](C)[C@H](O)[C@@H](O)[C@H]4O)cc(O)c3c(=O)c2O[C@@H]2O[C@H](CO)[C@@H](O)[C@H](O)[C@H]2O[C@@H]2O[C@H](CO)[C@@H](O)[C@H](O)[C@H]2O)ccc1O
ZINC000255211199,COc1ccc(CCO[C@@H]2O[C@H](CO[C@@H]3O[C@H](CO)[C@@H](O)[C@H](O)[C@H]3O)[C@@H](OC(=O)/C=C/c3ccc(O)c(OC)c3)[C@H](O[C@@H]3O[C@@H](C)[C@H](O)[C@@H](O)[C@H]3O)[C@H]2O)cc1O
ZINC000255211726,C[C@H](CO[C@@H]1O[C@H](CO)[C@@H](O)[C@H](O)[C@H]1O)[C@H]1CC[C@@]2(CC[C@]3(C)[C@H](CC[C@@H]4[C@@]5(C)CC[C@H](O[C@@H]6O[C@H](CO)[C@@H](O)[C@H](O)[C@H]6O[C@@H]6O[C@H](CO)[C@@H](O)[C@H](O)[C@H]6O)[C@@](C)(CO)[C@@H]5CC[C@]43C)[C@H]2O)CO1
ZINC000255211825,C[C@@H]1O[C@@H](OC[C@H]2O[C@@H](OCCc3ccc(O)c(O)c3)[C@H](OC(=O)/C=C/c3ccc(O)c(O)c3)[C@@H](O)[C@@H]2O)[C@H](O)[C@H](O)[C@H]1O
ZINC000255218203,CC1(C)CC[C@@]2(C(=O)O)[C@@H](C1)C1=CC[C@@H]3[C@@]4(C)C[C@H](O)[C@H](O[C@@H]5O[C@H](CO)[C@@H](O)[C@H](O)[C@H]5O)C(CO)(CO)[C@@H]4CC[C@@]3(C)[C@]1(C)C[C@H]2O
ZINC000255222850,C[C@@H]1O[C@@H](O[C@@H]2[C@@H](O)[C@H](O[C@@H]3OC[C@@H](O)[C@H](O)[C@H]3O)[C@@H](CO)O[C@H]2O[C@H]2CC[C@@]3(C)C(=CC[C@@H]4[C@@H]3CC[C@]3(C)[C@]5(O)[C@H](C[C@@]43O)O[C@]3(CC[C@@H](C)CO3)[C@H]5C)C2)[C@H](O)[C@H](O)[C@H]1O
ZINC000255227479,CC1(C)[C@@H](O[C@@H]2O[C@H](C(=O)O)[C@@H](O)[C@H](O)[C@H]2O[C@@H]2O[C@H](C(=O)O)[C@@H](O)[C@H](O)[C@H]2O)CC[C@@]2(C)[C@H]1CC[C@]1(C)[C@@H]2C(=O)C=C2[C@@H]3C[C@](C)(C(=O)O)CC[C@]3(C)CC[C@]21C
ZINC000255242028,C[C@@H]1O[C@@H](O[C@H]2[C@H](O)[C@@H](O[C@@H]3O[C@@H](C)[C@H](O)[C@@H](O)[C@H]3O)[C@H](O[C@H]3CC[C@@]4(C)C(=CC[C@H]5[C@@H]6C[C@@H]7O[C@]8(CC[C@@H](C)CO8)[C@@H](C)[C@]7(O)[C@@]6(C)CC[C@@H]54)C3)O[C@@H]2CO)[C@H](O)[C@H](O)[C@H]1O
ZINC000255245937,CC(C)=CC/C=C(/C)[C@H]1CC[C@]2(C)[C@@H]1[C@H](O)C[C@@H]1[C@@]3(C)CC[C@H](O[C@@H]4O[C@H](CO)[C@@H](O)[C@H](O)[C@H]4O[C@@H]4O[C@H](CO)[C@@H](O)[C@H](O)[C@H]4O)C(C)(C)[C@@H]3CC[C@]12C
ZINC000255253097,CC(=O)O[C@@H]1[C@H]2CC[C@@H]3[C@]1(C[C@@H](O)[C@@]1(O)[C@@H]([C@@H]4O[C@@H]4C1(C)C)[C@]3(C)O)C[C@@]2(C)O
ZINC000255260236,C[C@@H]1O[C@@H](O[C@@H]2[C@@H](CO[C@@H]3O[C@H](CO)[C@@H](O)[C@H](O)[C@H]3O)O[C@@H](O[C@H]3CC[C@@]4(C)[C@@H](CC[C@]5(C)[C@@H]4C=CC4=C6CC(C)(C)CC[C@]6(CO)[C@@H](O)C[C@]45C)C3(C)C)[C@H](O)[C@H]2O)[C@H](O)[C@H](O)[C@H]1O
ZINC000255260782,C/C(=C/CC[C@]1(CO)CC[C@]2(C)[C@H](CC[C@@H]3[C@@]4(C)CC[C@H](O[C@@H]5O[C@H](CO)[C@@H](O)[C@H](O)[C@H]5O[C@@H]5O[C@H](CO)[C@@H](O)[C@H](O)[C@H]5O)[C@@](C)(CO[C@@H]5O[C@H](CO)[C@@H](O)[C@H](O)[C@H]5O)[C@@H]4CC[C@]32C)[C@H]1O)CO
ZINC000255261253,OC[C@H]1O[C@H](O[C@]2(CO[C@]3(CO[C@]4(CO[C@]5(CO)O[C@H](CO)[C@@H](O)[C@@H]5O)O[C@H](CO)[C@@H](O)[C@@H]4O)O[C@H](CO)[C@@H](O)[C@@H]3O)O[C@H](CO)[C@@H](O)[C@@H]2O)[C@H](O)[C@@H](O)[C@@H]1O
ZINC000255262460,CC(C)=C[C@@H]1CO[C@]23C[C@]4(CO2)[C@H](CC[C@@H]2[C@@]5(C)CC[C@H](O[C@@H]6OC[C@H](O)[C@H](O[C@@H]7O[C@H](CO)[C@@H](O)[C@H](O)[C@H]7O)[C@H]6O)C(C)(C)[C@@H]5CC[C@]24C)[C@H]3[C@@]1(C)O
ZINC000255262912,C[C@@H]1C(=O)O[C@@H]([C@](C)(O)[C@H]2CC[C@@]3(O)C4=CC(=O)[C@@H]5C[C@@H](O)[C@@H](O)C[C@]5(C)[C@H]4CC[C@]23C)C[C@@H]1[C@@H](C)O
ZINC000255263355,CO[C@H]1C[C@H](O[C@H]2[C@@H](OC)C[C@H](O[C@H]3CC[C@@]4(C)C(=CC[C@]5(O)[C@@H]4C[C@@H](OC(=O)c4ccc(O)cc4)[C@]4(C)[C@](O)(C(C)=O)CC[C@]54O)C3)O[C@@H]2C)O[C@H](C)[C@H]1O[C@H]1C[C@@H](OC)[C@H](O)[C@@H](C)O1
ZINC000255264534,CC1(C)C[C@@H]2C3=CC[C@@H]4[C@@]5(C)CC[C@H](O)[C@@](C)(CO)[C@@H]5CC[C@@]4(C)[C@]3(C)C[C@@H](O)[C@@]2(CO)C[C@@H]1O
ZINC000255266028,C[C@@H](CC[C@@]1(O)O[C@H]2C[C@H]3[C@@H]4CC[C@@H]5C[C@@H](O[C@@H]6O[C@H](CO)[C@@H](O)[C@H](O)[C@H]6O[C@@H]6O[C@H](CO)[C@@H](O)[C@H](O)[C@H]6O)CC[C@]5(C)[C@H]4CC[C@]3(C)[C@H]2[C@@H]1C)CO[C@@H]1O[C@H](CO)[C@@H](O)[C@H](O)[C@H]1O
ZINC000255268149,COc1cc(C[C@H]2COC(=O)[C@@H]2Cc2ccc(O[C@@H]3O[C@H](CO[C@@H]4O[C@H](CO)[C@@H](O)[C@H](O)[C@H]4O)[C@@H](O)[C@H](O)[C@H]3O)c(OC)c2)ccc1O
ZINC000255269415,C[C@@H]1O[C@@H](O[C@@H]2[C@@H](CO[C@@H]3O[C@H](CO)[C@@H](O)[C@H](O)[C@H]3O)O[C@@H](O[C@H]3CC[C@@]4(C)[C@@H](CC[C@]5(C)[C@@H]4CC=C4[C@@H]6CC(C)(C)CC[C@]6(CO)[C@@H](O)C[C@]45C)C3(C)C)[C@H](O)[C@H]2O)[C@H](O)[C@H](O)[C@H]1O
ZINC000255270884,COc1cc(/C=C/C(=O)O[C@@H]2[C@@H](CO[C@@H]3O[C@H](CO)[C@@H](O)[C@H](O)[C@H]3O)O[C@@H](OCCc3ccc(O)c(O)c3)[C@H](O)[C@H]2O[C@@H]2O[C@@H](C)[C@H](O)[C@@H](O)[C@H]2O)ccc1O
ZINC000255271266,C/C(=C\C(=O)C[C@H](C)C(=O)O)[C@H]1CC(=O)[C@@]2(C)C3=C(C(=O)[C@@H](O)[C@]12C)[C@@]1(C)CCC(=O)C(C)(C)[C@@H]1C[C@@H]3O
ZINC000255272299,CC(=O)O[C@@H]1C[C@H]2C(=O)C=C3[C@H](CC[C@]4(C)[C@@H]([C@@](C)(O)[C@H](O)CCC(C)(C)O)CC[C@@]34O)[C@@]2(C)C[C@@H]1O
ZINC000255273854,C[C@@H]1O[C@@H](Oc2cc(O)c3c(=O)c(O[C@@H]4O[C@H](CO)[C@@H](O)[C@H](O)[C@H]4O[C@@H]4O[C@H](CO)[C@@H](O)[C@H](O)[C@H]4O)c(-c4ccc(O)cc4)oc3c2)[C@H](O)[C@H](O)[C@H]1O
ZINC000255273988,C=C[C@H]1[C@H](O[C@@H]2O[C@H](CO)[C@@H](O)[C@H](O)[C@H]2O)OC=C(C(=O)O[C@H]2C[C@@H]3C(C(=O)OC)=CO[C@@H](O[C@@H]4O[C@H](CO)[C@@H](O)[C@H](O)[C@H]4O)[C@@H]3[C@H]2C)[C@H]1CCO
ZINC000255274843,C[C@H]([C@H](O)[C@@H](O)[C@@H](O)C(C)(C)O)[C@H]1CC[C@@]2(C)[C@@H]3CC=C4[C@@H](CC[C@H](O[C@@H]5O[C@H](CO[C@@H]6O[C@H](CO)[C@@H](O)[C@H](O)[C@H]6O)[C@@H](O)[C@H](O)[C@H]5O)C4(C)C)[C@]3(C)CC[C@]12C
ZINC000255275589,CC1(C)C[C@H]2C3=CC[C@@H]4[C@@]5(C)CC[C@H](O[C@@H]6O[C@H](C(=O)O)[C@@H](O)[C@H](O)[C@H]6O[C@@H]6O[C@H](CO)[C@H](O)[C@H](O)[C@H]6O[C@@H]6O[C@H](CO)[C@@H](O)[C@H](O)[C@H]6O)[C@](C)(CO)[C@@H]5CC[C@@]4(C)[C@]3(C)CC[C@@]2(C)[C@H](O)C1
ZINC000255277987,C[C@@H]1O[C@@H](O[C@H]2[C@H](Oc3c(-c4ccc(O)cc4)oc4cc(O)cc(O)c4c3=O)O[C@H](CO[C@@H]3O[C@@H](C)[C@H](O)[C@@H](O)[C@H]3O)[C@H](O)[C@@H]2O)[C@H](O)[C@H](O)[C@H]1O
ZINC000255277988,C[C@@H]1O[C@H](OC[C@@H]2O[C@H](Oc3c(-c4ccc(O)cc4)oc4cc(O)cc(O)c4c3=O)[C@@H](O[C@H]3O[C@@H](C)[C@H](O)[C@@H](O)[C@@H]3O)[C@H](O)[C@H]2O)[C@@H](O)[C@H](O)[C@H]1O
ZINC000255280265,C[C@@H]1O[C@@H](O[C@@H]2[C@@H](O[C@@H]3OC[C@@H](O)[C@H](O)[C@H]3O)[C@H](O)[C@@H](CO)O[C@H]2O[C@H]2CC[C@@]3(C)C(=CC[C@@H]4[C@@H]3CC[C@]3(C)[C@]5(O)[C@H](C[C@@]43O)O[C@]3(CC[C@@H](C)CO3)[C@H]5C)C2)[C@H](O)[C@H](O)[C@H]1O
ZINC000255280348,CC1(C)CC[C@@]2(C(=O)O)[C@@H](C1)C1=CC[C@@H]3[C@@]4(C)C[C@H](O)[C@H](O[C@@H]5O[C@H](CO)[C@@H](O)[C@H](O)[C@H]5O)[C@@](C)(CO)[C@@H]4CC[C@@]3(C)[C@]1(C)C[C@H]2O
ZINC000255280514,C[C@H](CCC(=O)O)[C@H]1CC(=O)[C@@]2(C)C3=C(C(=O)[C@@H](O)[C@]12C)[C@@]1(C)CC[C@H](O)C(C)(C)[C@H]1C[C@@H]3O
ZINC000255281944,CC1=CC(=O)c2c(C)coc2CC(C)=CCC1
ZINC000255285198,CC1(C)CC[C@]2(C(=O)O[C@@H]3O[C@H](CO)[C@@H](O)[C@H](O)[C@H]3O)CC[C@]3(C)C(=CC[C@@H]4[C@@]5(C)CC[C@H](O[C@@H]6O[C@H](C(=O)O)[C@@H](O)[C@H](O)[C@H]6O[C@@H]6OC[C@@H](O)[C@H](O)[C@H]6O)C(C)(C)[C@@H]5CC[C@]43C)[C@@H]2C1
ZINC000255285213,C[C@@H](CC(=O)C[C@@H](C)[C@H]1CC(=O)[C@@]2(C)C3=C(C(=O)C[C@]12C)[C@@]1(C)CCC(=O)C(C)(C)[C@H]1C[C@@H]3O)C(=O)O
ZINC000255287498,CC1(C)CC[C@]2(C(=O)O)CC[C@]3(C)C(=CC[C@@H]4[C@@]5(C)C[C@H](O)[C@H](O[C@@H]6O[C@H](CO)[C@@H](O)[C@H](O)[C@H]6O)[C@@](C)(CO)[C@@H]5CC[C@]43C)[C@@H]2C1
ZINC000255287863,C/C=C(\C)C(=O)O[C@H]1[C@H](O)[C@]2(CO)[C@@H](O)C[C@]3(C)C(=CC[C@@H]4[C@@]5(C)CC[C@H](O)[C@@](C)(CO)[C@@H]5CC[C@]43C)[C@@H]2CC1(C)C
ZINC000255966189,COC(=O)[C@@]1(C)CC[C@]2(C)CC[C@]3(C)C(=CC(=O)[C@@H]4[C@@]5(C)CC[C@H](O[C@H]6O[C@H](C(=O)O)[C@@H](O)[C@H](O)[C@H]6O[C@@H]6O[C@H](C(=O)O)[C@H](O)[C@H](O)[C@H]6O)C(C)(C)[C@@H]5CC[C@]43C)[C@@H]2C1
ZINC000255992416,C=C1C[C@@]23CC[C@H]4[C@@](C)(CCC[C@@]4(C)C(=O)O[C@@H]4O[C@H](CO)[C@@H](O)[C@H](O)[C@H]4O)[C@@H]2CC[C@]1(O[C@@H]1O[C@H](CO)[C@@H](O)[C@H](O[C@@H]2O[C@H](CO)[C@@H](O)[C@H](O)[C@H]2O)[C@H]1O)C3
ZINC000255996515,CC(=O)OC[C@]12[C@H](OC(C)=O)[C@H](OC(C)=O)[C@@H]3[C@@H](OC(C)=O)[C@@]14O[C@@]3(C)COC(=O)c1cccnc1CC[C@@H](C)C(=O)O[C@@H]([C@H](OC(=O)c1ccoc1)[C@@H]2OC(C)=O)[C@]4(C)O
ZINC000256099189,COc1cc([C@@H]2OC[C@H]3[C@H]2CO[C@H]3c2cc(OC)c(O[C@@H]3O[C@H](CO)[C@@H](O)[C@H](O)[C@H]3O)c(OC)c2)cc(OC)c1O[C@@H]1O[C@H](CO)[C@@H](O)[C@H](O)[C@H]1O
ZINC000256122317,C[C@H]1O[C@@H](Oc2cc(O)c3c(=O)c(O)c(-c4ccc(O)cc4)oc3c2O)[C@H](O)[C@@H](O[C@H]2O[C@@H](CO)[C@H](O)[C@@H](O)[C@@H]2O)[C@@H]1O
ZINC000256122318,C[C@@H]1O[C@H](Oc2cc(O)c3c(=O)c(O)c(-c4ccc(O)cc4)oc3c2O)[C@H](O)[C@@H](O[C@H]2O[C@@H](CO)[C@H](O)[C@@H](O)[C@@H]2O)[C@@H]1O
ZINC000256122319,C[C@@H]1O[C@@H](Oc2cc(O)c3c(=O)c(O)c(-c4ccc(O)cc4)oc3c2O)[C@H](O)[C@@H](O[C@H]2O[C@@H](CO)[C@H](O)[C@@H](O)[C@@H]2O)[C@@H]1O
ZINC000256122320,C[C@H]1O[C@H](Oc2cc(O)c3c(=O)c(O)c(-c4ccc(O)cc4)oc3c2O)[C@H](O)[C@@H](O[C@H]2O[C@@H](CO)[C@H](O)[C@@H](O)[C@@H]2O)[C@@H]1O
ZINC000256331603,CC(=O)OC(C)(C)/C=C/C(=O)[C@](C)(O)[C@@H]1[C@H](O)C[C@]2(C)[C@@H]3CC=C4[C@H](CC(=O)[C@H](O)C4(C)C)[C@@]3(C)C(=O)C[C@]12C
ZINC000256331608,CC(=O)OC(C)(C)/C=C/C(=O)[C@](C)(O)[C@@H]1[C@H](O)C[C@]2(C)[C@@H]3CC=C4[C@H](CC(=O)[C@H](O)C4(C)C)[C@@]3(C)C(=O)C[C@@]12C
ZINC000256331611,CC(=O)OC(C)(C)/C=C/C(=O)[C@](C)(O)[C@@H]1[C@H](O)C[C@]2(C)[C@@H]3CC=C4[C@H](CC(=O)[C@H](O)C4(C)C)[C@]3(C)C(=O)C[C@]12C
ZINC000256331615,CC(=O)OC(C)(C)/C=C/C(=O)[C@](C)(O)[C@@H]1[C@H](O)C[C@]2(C)[C@@H]3CC=C4[C@H](CC(=O)[C@H](O)C4(C)C)[C@]3(C)C(=O)C[C@@]12C
ZINC000256374343,C/C=C(\C)C(=O)O[C@@H]1CC[C@@]2(C)[C@H]3CC[C@H]4[C@]2(C[C@@]2(O)[C@H]5CN6C[C@H](C)CC[C@@H]6[C@](C)(O)[C@]5(O)[C@@H](O)C[C@@]42O)O[C@@]13O
ZINC000256374349,C/C=C(\C)C(=O)O[C@@H]1CC[C@@]2(C)[C@H]3CC[C@H]4[C@]2(C[C@]2(O)[C@H]5CN6C[C@H](C)CC[C@@H]6[C@](C)(O)[C@]5(O)[C@@H](O)C[C@@]42O)O[C@@]13O
ZINC000256602999,C=C1C(=O)O[C@H]2[C@@H]3C(C)=CC[C@@]34O[C@@]4(C)CC[C@H]12
ZINC000256603000,C=C1C(=O)O[C@@H]2[C@@H]1CC[C@]1(C)O[C@]13CC=C(C)[C@H]23
ZINC000256603002,C=C1C(=O)O[C@H]2[C@@H]3C(C)=CC[C@]34O[C@@]4(C)CC[C@H]12
ZINC000256603003,C=C1C(=O)O[C@@H]2[C@@H]1CC[C@]1(C)O[C@@]13CC=C(C)[C@H]23
ZINC000257053066,C=C(CO)C(=O)O[C@@H]1CC(=C)[C@@H]2C[C@H](O)C(=C)[C@@H]2[C@@H]2OC(=O)C(=C)[C@@H]21
ZINC000257053067,C=C(CO)C(=O)O[C@@H]1CC(=C)[C@@H]2C[C@H](O)C(=C)[C@@H]2[C@@H]2OC(=O)C(=C)[C@H]21
ZINC000257348720,C/C=C1/C[C@H](C)[C@](O)(CO)C(=O)OCC2=CC[N@@+]3([O-])CC[C@@H](OC1=O)[C@@H]23
ZINC000257348722,C/C=C1/C[C@H](C)[C@](O)(CO)C(=O)OCC2=CC[N@+]3([O-])CC[C@@H](OC1=O)[C@@H]23
ZINC000257374748,CCCCCCCCCCCC[C@H](O)[C@@H]1CC[C@H]([C@H](O)C[C@@H](O)CCCCCCCCCCCCC2=C[C@H](C)OC2=O)O1
ZINC000257374749,CCCCCCCCCCCC[C@H](O)[C@@H]1CC[C@H]([C@H](O)C[C@@H](O)CCCCCCCCCCCCC2=C[C@@H](C)OC2=O)O1
ZINC000257374750,CCCCCCCCCCCC[C@H](O)[C@@H]1CC[C@H]([C@H](O)C[C@H](O)CCCCCCCCCCCCC2=C[C@@H](C)OC2=O)O1
ZINC000257377543,CC(=O)O[C@@H]1[C@@H](OCCc2ccc(O)c(O)c2)O[C@@H](CO)[C@H](OC(=O)/C=C\c2ccc(O)c(O)c2)[C@H]1O[C@@H]1O[C@H](C)[C@@H](O)[C@@H](O)[C@@H]1O
ZINC000257377546,CC(=O)O[C@@H]1[C@@H](OCCc2ccc(O)c(O)c2)O[C@@H](CO)[C@H](OC(=O)/C=C\c2ccc(O)c(O)c2)[C@H]1O[C@@H]1O[C@H](C)[C@H](O)[C@@H](O)[C@@H]1O
ZINC000257377547,CC(=O)O[C@@H]1[C@@H](OCCc2ccc(O)c(O)c2)O[C@@H](CO)[C@H](OC(=O)/C=C\c2ccc(O)c(O)c2)[C@H]1O[C@@H]1O[C@H](C)[C@H](O)[C@H](O)[C@@H]1O
ZINC000257377549,CC(=O)O[C@@H]1[C@@H](OCCc2ccc(O)c(O)c2)O[C@@H](CO)[C@H](OC(=O)/C=C\c2ccc(O)c(O)c2)[C@H]1O[C@@H]1O[C@H](C)[C@@H](O)[C@H](O)[C@@H]1O
ZINC000257379986,CC(C)=CCC[C@](C)(O[C@H]1O[C@@H](CO)[C@H](O)[C@@H](O)[C@@H]1O)[C@@H]1CC[C@]2(C)[C@@H]1[C@H](O)C[C@@H]1[C@]3(C)CC[C@H](O)C(C)(C)C3=C[C@H](O)[C@@]12C
ZINC000257379987,CC(C)=CCC[C@](C)(O[C@H]1O[C@@H](CO)[C@H](O)[C@@H](O)[C@@H]1O)[C@@H]1CC[C@]2(C)[C@@H]1[C@H](O)C[C@H]1[C@]2(C)[C@@H](O)C=C2C(C)(C)[C@H](O)CC[C@@]21C
ZINC000257379988,CC(C)=CCC[C@](C)(O[C@H]1O[C@@H](CO)[C@H](O)[C@@H](O)[C@@H]1O)[C@@H]1CC[C@]2(C)[C@@H]1[C@H](O)C[C@H]1[C@]2(C)[C@@H](O)C=C2C(C)(C)[C@@H](O)CC[C@@]21C
ZINC000257379989,CC(C)=CCC[C@](C)(O[C@H]1O[C@@H](CO)[C@H](O)[C@@H](O)[C@@H]1O)[C@@H]1CC[C@]2(C)[C@@H]1[C@H](O)C[C@@H]1[C@]3(C)CC[C@@H](O)C(C)(C)C3=C[C@H](O)[C@@]12C
ZINC000257380396,CC(=O)O[C@@H]1C(=O)C2=C(C(=O)C[C@H]3C(C)(C)[C@@H](O)CC[C@]23C)[C@]2(C)C(=O)C[C@H]([C@@H](C)CCC(=O)O)[C@]12C
ZINC000257380397,CC(=O)O[C@@H]1C(=O)C2=C(C(=O)C[C@H]3C(C)(C)[C@@H](O)CC[C@]23C)[C@]2(C)C(=O)C[C@H]([C@H](C)CCC(=O)O)[C@]12C
ZINC000257380497,C[C@@H]1O[C@@H](O[C@H]2[C@H](O)[C@@H](OCCc3ccc(O)c(O)c3)O[C@@H](CO)[C@@H]2OC(=O)/C=C\c2ccc(O)c(O)c2)[C@H](O)[C@H](O)[C@@H]1O[C@@H]1O[C@H](C)[C@H](O)[C@@H](O)[C@H]1O
ZINC000257380498,C[C@@H]1O[C@@H](O[C@H]2[C@H](O)[C@@H](OCCc3ccc(O)c(O)c3)O[C@@H](CO)[C@@H]2OC(=O)/C=C\c2ccc(O)c(O)c2)[C@H](O)[C@H](O)[C@@H]1O[C@@H]1O[C@H](C)[C@@H](O)[C@@H](O)[C@H]1O
ZINC000257380499,C[C@@H]1O[C@@H](O[C@H]2[C@H](O)[C@@H](OCCc3ccc(O)c(O)c3)O[C@@H](CO)[C@@H]2OC(=O)/C=C\c2ccc(O)c(O)c2)[C@H](O)[C@H](O)[C@@H]1O[C@@H]1O[C@H](C)[C@@H](O)[C@H](O)[C@H]1O
ZINC000257380500,C[C@@H]1O[C@@H](O[C@H]2[C@H](O)[C@@H](OCCc3ccc(O)c(O)c3)O[C@@H](CO)[C@@H]2OC(=O)/C=C\c2ccc(O)c(O)c2)[C@H](O)[C@H](O)[C@@H]1O[C@@H]1O[C@H](C)[C@H](O)[C@H](O)[C@H]1O
ZINC000257388723,C[C@@H](CC(=O)C[C@@H](C)C(=O)O)[C@@H]1CC(=O)[C@]2(C)C3=C(C(=O)[C@H](O)[C@]12C)[C@]1(C)CC[C@H](O)C(C)(C)[C@H]1C[C@@H]3O
ZINC000257388724,C[C@@H](CC(=O)C[C@@H](C)C(=O)O)[C@@H]1CC(=O)[C@]2(C)C3=C(C(=O)[C@H](O)[C@]12C)[C@]1(C)CC[C@H](O)C(C)(C)[C@@H]1C[C@@H]3O
ZINC000257388725,C[C@@H](CC(=O)C[C@@H](C)C(=O)O)[C@@H]1CC(=O)[C@]2(C)C3=C(C(=O)[C@H](O)[C@]12C)[C@]1(C)CC[C@H](O)C(C)(C)[C@@H]1C[C@H]3O
ZINC000257388726,C[C@@H](CC(=O)C[C@@H](C)C(=O)O)[C@@H]1CC(=O)[C@]2(C)C3=C(C(=O)[C@H](O)[C@]12C)[C@]1(C)CC[C@H](O)C(C)(C)[C@H]1C[C@H]3O
ZINC000257394511,N=C1N[C@H](O)[C@@H]2[C@H]3O[C@@]4(O)O[C@@H]([C@H](O)[C@@]2(N1)[C@H]4O)[C@]3(O)CO
ZINC000257394512,N=C1N[C@H](O)[C@@H]2[C@H]3O[C@@]4(O)O[C@@H]([C@H](O)[C@@]2(N1)[C@H]4O)[C@@]3(O)CO
ZINC000257402881,C/C=C(\C)C(=O)O[C@@H]1CC[C@@]2(C)[C@H]3CC[C@H]4[C@]2(C[C@@]2(O)[C@H]5CN6C[C@H](C)CC[C@@H]6[C@@](C)(O)[C@]5(O)[C@@H](O)C[C@@]42O)O[C@@]13O
ZINC000257402882,C/C=C(\C)C(=O)O[C@@H]1CC[C@@]2(C)[C@H]3CC[C@H]4[C@]2(C[C@]2(O)[C@H]5CN6C[C@H](C)CC[C@@H]6[C@@](C)(O)[C@]5(O)[C@@H](O)C[C@@]42O)O[C@@]13O
ZINC000257408658,CC(C)[C@@H]1CC[C@@]2(C)[C@H](O)CC[C@@](C)(O)[C@H]2[C@H]1O[C@H]1O[C@@H](CO)[C@H](O)[C@@H](O)[C@@H]1O
ZINC000257408659,CC(C)[C@@H]1CC[C@]2(C)[C@H](O)CC[C@@](C)(O)[C@H]2[C@H]1O[C@H]1O[C@@H](CO)[C@H](O)[C@@H](O)[C@@H]1O
ZINC000257408660,CC(C)[C@@H]1CC[C@]2(C)[C@@H](O)CC[C@@](C)(O)[C@H]2[C@H]1O[C@H]1O[C@@H](CO)[C@H](O)[C@@H](O)[C@@H]1O
ZINC000257408661,CC(C)[C@@H]1CC[C@@]2(C)[C@@H](O)CC[C@@](C)(O)[C@H]2[C@H]1O[C@H]1O[C@@H](CO)[C@H](O)[C@@H](O)[C@@H]1O
ZINC000257412735,OC[C@@H]1O[C@H](OC[C@@H]2O[C@H](OC[C@@H]3O[C@H](O)[C@@H](O)[C@H](O)[C@@H]3O)[C@@H](O)[C@H](O)[C@@H]2O)[C@@H](O)[C@H](O)[C@H]1O
ZINC000257412736,OC[C@@H]1O[C@H](OC[C@@H]2O[C@H](OC[C@@H]3O[C@H](O)[C@H](O)[C@@H](O)[C@@H]3O)[C@@H](O)[C@H](O)[C@@H]2O)[C@@H](O)[C@H](O)[C@H]1O
ZINC000257412737,OC[C@@H]1O[C@H](OC[C@@H]2O[C@H](OC[C@@H]3O[C@H](O)[C@@H](O)[C@@H](O)[C@@H]3O)[C@@H](O)[C@H](O)[C@@H]2O)[C@@H](O)[C@H](O)[C@H]1O
ZINC000257412738,OC[C@@H]1O[C@H](OC[C@@H]2O[C@H](OC[C@@H]3O[C@H](O)[C@H](O)[C@H](O)[C@@H]3O)[C@@H](O)[C@H](O)[C@@H]2O)[C@@H](O)[C@H](O)[C@H]1O
ZINC000257413605,O=c1c(O[C@H]2O[C@@H](CO[C@@H]3O[C@H](CO)[C@H](O)[C@@H](O)[C@@H]3O)[C@H](O)[C@@H](O)[C@@H]2O)c(-c2ccc(O)c(O)c2)oc2cc(O)cc(O)c12
ZINC000257413606,O=c1c(O[C@H]2O[C@@H](CO[C@@H]3O[C@H](CO)[C@H](O)[C@H](O)[C@@H]3O)[C@H](O)[C@@H](O)[C@@H]2O)c(-c2ccc(O)c(O)c2)oc2cc(O)cc(O)c12
ZINC000257413607,O=c1c(O[C@H]2O[C@@H](CO[C@@H]3O[C@H](CO)[C@@H](O)[C@@H](O)[C@@H]3O)[C@H](O)[C@@H](O)[C@@H]2O)c(-c2ccc(O)c(O)c2)oc2cc(O)cc(O)c12
ZINC000257413608,O=c1c(O[C@H]2O[C@@H](CO[C@@H]3O[C@H](CO)[C@@H](O)[C@H](O)[C@@H]3O)[C@H](O)[C@@H](O)[C@@H]2O)c(-c2ccc(O)c(O)c2)oc2cc(O)cc(O)c12
ZINC000257415566,CC(=O)O[C@@H]1CC[C@]2(C)C3=C(CC[C@@H]2C1(C)C)[C@]1(C)CC[C@H]([C@H](CCC=C(C)C)C(=O)O)[C@]1(C)CC3
ZINC000257415567,CC(=O)O[C@@H]1CC[C@]2(C)C3=C(CC[C@@H]2C1(C)C)[C@]1(C)CC[C@H]([C@@H](CCC=C(C)C)C(=O)O)[C@]1(C)CC3
ZINC000257417505,C[C@@H]1O[C@@H](O[C@H]2[C@H](O)[C@@H](OCCc3ccc(O)cc3)O[C@@H](CO)[C@@H]2OC(=O)/C=C/c2ccc(O)cc2)[C@H](O)[C@H](O)[C@@H]1O[C@@H]1O[C@H](C)[C@@H](O)[C@H](O)[C@H]1O
ZINC000257417506,C[C@@H]1O[C@@H](O[C@H]2[C@H](O)[C@@H](OCCc3ccc(O)cc3)O[C@@H](CO)[C@@H]2OC(=O)/C=C/c2ccc(O)cc2)[C@H](O)[C@H](O)[C@@H]1O[C@@H]1O[C@H](C)[C@H](O)[C@@H](O)[C@H]1O
ZINC000257417507,C[C@@H]1O[C@@H](O[C@H]2[C@H](O)[C@@H](OCCc3ccc(O)cc3)O[C@@H](CO)[C@@H]2OC(=O)/C=C/c2ccc(O)cc2)[C@H](O)[C@H](O)[C@@H]1O[C@@H]1O[C@H](C)[C@H](O)[C@H](O)[C@H]1O
ZINC000257417508,C[C@@H]1O[C@@H](O[C@H]2[C@H](O)[C@@H](OCCc3ccc(O)cc3)O[C@@H](CO)[C@@H]2OC(=O)/C=C/c2ccc(O)cc2)[C@H](O)[C@H](O)[C@@H]1O[C@@H]1O[C@H](C)[C@@H](O)[C@@H](O)[C@H]1O
ZINC000257422472,O=c1c(-c2ccc(O)c(O)c2)coc2c([C@@H]3O[C@H](CO)[C@H](O)[C@H](O)[C@H]3O)c(O)ccc12
ZINC000257422473,O=c1c(-c2ccc(O)c(O)c2)coc2c([C@@H]3O[C@H](CO)[C@H](O)[C@@H](O)[C@H]3O)c(O)ccc12
ZINC000257422474,O=c1c(-c2ccc(O)c(O)c2)coc2c([C@@H]3O[C@H](CO)[C@H](O)[C@H](O)[C@@H]3O)c(O)ccc12
ZINC000257422475,O=c1c(-c2ccc(O)c(O)c2)coc2c([C@@H]3O[C@H](CO)[C@H](O)[C@@H](O)[C@@H]3O)c(O)ccc12
ZINC000257435291,O=C(O[C@@H]1[C@H](O)[C@H](Oc2cc(O)c3c(c2)O[C@H](c2ccccc2)CC3=O)O[C@@H]2COC(=O)c3cc(O)c(O)c(O)c3-c3c(cc(O)c(O)c3O)C(=O)O[C@H]21)c1cc(O)c(O)c(O)c1
ZINC000257435292,O=C(O[C@@H]1[C@H](O)[C@H](Oc2cc(O)c3c(c2)O[C@H](c2ccccc2)CC3=O)O[C@@H]2COC(=O)c3cc(O)c(O)c(O)c3-c3c(cc(O)c(O)c3O)C(=O)O[C@@H]21)c1cc(O)c(O)c(O)c1
ZINC000257441637,CC(C)(O)/C=C/C[C@](C)(O[C@H]1O[C@@H](CO)[C@H](O)[C@@H](O)[C@@H]1O)[C@@H]1CC[C@]2(C)[C@@H]1[C@H](O)C[C@@H]1[C@]3(C)CC[C@H](O[C@@H]4O[C@H](CO)[C@@H](O)[C@H](O)[C@@H]4O[C@@H]4O[C@H](CO)[C@H](O)[C@H](O)[C@@H]4O)C(C)(C)[C@@H]3CC[C@@]12C
ZINC000257441638,CC(C)(O)/C=C/C[C@](C)(O[C@H]1O[C@@H](CO)[C@H](O)[C@@H](O)[C@@H]1O)[C@@H]1CC[C@]2(C)[C@@H]1[C@H](O)C[C@@H]1[C@]3(C)CC[C@H](O[C@@H]4O[C@H](CO)[C@@H](O)[C@H](O)[C@@H]4O[C@@H]4O[C@H](CO)[C@H](O)[C@@H](O)[C@@H]4O)C(C)(C)[C@@H]3CC[C@@]12C
ZINC000257441639,CC(C)(O)/C=C/C[C@](C)(O[C@H]1O[C@@H](CO)[C@H](O)[C@@H](O)[C@@H]1O)[C@@H]1CC[C@]2(C)[C@@H]1[C@H](O)C[C@@H]1[C@]3(C)CC[C@H](O[C@@H]4O[C@H](CO)[C@@H](O)[C@H](O)[C@@H]4O[C@@H]4O[C@H](CO)[C@@H](O)[C@@H](O)[C@@H]4O)C(C)(C)[C@@H]3CC[C@@]12C
ZINC000257441640,CC(C)(O)/C=C/C[C@](C)(O[C@H]1O[C@@H](CO)[C@H](O)[C@@H](O)[C@@H]1O)[C@@H]1CC[C@]2(C)[C@@H]1[C@H](O)C[C@@H]1[C@]3(C)CC[C@H](O[C@@H]4O[C@H](CO)[C@@H](O)[C@H](O)[C@@H]4O[C@@H]4O[C@H](CO)[C@@H](O)[C@H](O)[C@@H]4O)C(C)(C)[C@@H]3CC[C@@]12C
ZINC000257454784,CC(C)=C[C@@H]1C[C@](O)([C@@H]2CC[C@]3(C)[C@@H]2CC[C@@H]2[C@]4(C=O)CC[C@H](O[C@@H]5OC[C@H](O)[C@H](O[C@@H]6OC[C@H](O)[C@H](O)[C@@H]6O)[C@@H]5O[C@@H]5O[C@H](C)[C@H](O)[C@H](O)[C@@H]5O)C(C)(C)[C@@H]4CC[C@]23C)[C@H](O)O1
ZINC000257454785,CC(C)=C[C@@H]1C[C@](O)([C@@H]2CC[C@]3(C)[C@@H]2CC[C@H]2[C@]3(C)CC[C@H]3C(C)(C)[C@@H](O[C@@H]4OC[C@H](O)[C@H](O[C@@H]5OC[C@H](O)[C@H](O)[C@@H]5O)[C@@H]4O[C@@H]4O[C@H](C)[C@H](O)[C@H](O)[C@@H]4O)CC[C@]32C=O)[C@@H](O)O1
ZINC000257454786,CC(C)=C[C@@H]1C[C@](O)([C@@H]2CC[C@]3(C)[C@@H]2CC[C@H]2[C@]3(C)CC[C@H]3C(C)(C)[C@@H](O[C@@H]4OC[C@H](O)[C@H](O[C@@H]5OC[C@H](O)[C@H](O)[C@@H]5O)[C@@H]4O[C@@H]4O[C@H](C)[C@H](O)[C@H](O)[C@@H]4O)CC[C@]32C=O)[C@H](O)O1
ZINC000257454787,CC(C)=C[C@@H]1C[C@](O)([C@@H]2CC[C@]3(C)[C@@H]2CC[C@@H]2[C@]4(C=O)CC[C@H](O[C@@H]5OC[C@H](O)[C@H](O[C@@H]6OC[C@H](O)[C@H](O)[C@@H]6O)[C@@H]5O[C@@H]5O[C@H](C)[C@H](O)[C@H](O)[C@@H]5O)C(C)(C)[C@@H]4CC[C@]23C)[C@@H](O)O1
ZINC000257455538,C[C@H](CC[C@H](O)C(C)(C)O)[C@@H]1CC[C@]2(C)[C@@H]3CC=C4[C@H](CC[C@H](O)C4(C)C)[C@]3(C)[C@@H](O)C[C@]12C
ZINC000257455539,C[C@H](CC[C@H](O)C(C)(C)O)[C@@H]1CC[C@]2(C)[C@@H]3CC=C4[C@H](CC[C@H](O)C4(C)C)[C@]3(C)[C@H](O)C[C@]12C
ZINC000257455540,C[C@H](CC[C@H](O)C(C)(C)O)[C@@H]1CC[C@]2(C)[C@@H]3CC=C4[C@H](CC[C@H](O)C4(C)C)[C@]3(C)[C@@H](O)C[C@@]12C
ZINC000257455541,C[C@H](CC[C@H](O)C(C)(C)O)[C@@H]1CC[C@]2(C)[C@@H]3CC=C4[C@H](CC[C@H](O)C4(C)C)[C@]3(C)[C@H](O)C[C@@]12C
ZINC000257456907,CC(C)(O[C@H]1O[C@@H](CO)[C@H](O)[C@@H](O)[C@@H]1O)[C@H]1CC[C@@](C)([C@@H]2[C@@H](O)C[C@]3(C)[C@H]4C[C@@H](O)[C@@H]5C(C)(C)[C@H](O[C@@H]6OC[C@@H](O)[C@@H](O)[C@@H]6O)CC[C@@]5(C)[C@@H]4CC[C@@]23C)O1
ZINC000257456908,CC(C)(O[C@H]1O[C@@H](CO)[C@H](O)[C@@H](O)[C@@H]1O)[C@H]1CC[C@@](C)([C@@H]2[C@@H](O)C[C@]3(C)[C@H]4C[C@@H](O)[C@@H]5C(C)(C)[C@H](O[C@@H]6OC[C@@H](O)[C@H](O)[C@@H]6O)CC[C@@]5(C)[C@@H]4CC[C@@]23C)O1
ZINC000257456909,CC(C)(O[C@H]1O[C@@H](CO)[C@H](O)[C@@H](O)[C@@H]1O)[C@H]1CC[C@@](C)([C@@H]2[C@@H](O)C[C@]3(C)[C@H]4C[C@@H](O)[C@@H]5C(C)(C)[C@H](O[C@@H]6OC[C@H](O)[C@@H](O)[C@@H]6O)CC[C@@]5(C)[C@@H]4CC[C@@]23C)O1
ZINC000257456910,CC(C)(O[C@H]1O[C@@H](CO)[C@H](O)[C@@H](O)[C@@H]1O)[C@H]1CC[C@@](C)([C@@H]2[C@@H](O)C[C@]3(C)[C@H]4C[C@@H](O)[C@@H]5C(C)(C)[C@H](O[C@@H]6OC[C@H](O)[C@H](O)[C@@H]6O)CC[C@@]5(C)[C@@H]4CC[C@@]23C)O1
ZINC000257457744,C=CC[C@@]12C=C(OC)C(=O)C(OC)(OC)[C@@H]1[C@H]1C(/C=C/C)=C[C@@]2(OC)C(=O)C1(OC)OC
ZINC000257457745,C=CC[C@@]12C=C(OC)C(=O)C(OC)(OC)[C@H]1[C@H]1C(/C=C/C)=C[C@@]2(OC)C(=O)C1(OC)OC
ZINC000257459534,CC1(C)CC[C@H]([C@](C)(O)[C@@H]2CC[C@]3(O)C4=CC(=O)[C@@H]5C[C@H](O)[C@H](O)C[C@]5(C)[C@@H]4CC[C@]23C)O1
ZINC000257459535,CC1(C)CC[C@H]([C@](C)(O)[C@@H]2CC[C@]3(O)C4=CC(=O)[C@@H]5C[C@H](O)[C@H](O)C[C@]5(C)[C@H]4CC[C@@]23C)O1
ZINC000257459536,CC1(C)CC[C@H]([C@](C)(O)[C@@H]2CC[C@]3(O)C4=CC(=O)[C@@H]5C[C@H](O)[C@H](O)C[C@]5(C)[C@@H]4CC[C@@]23C)O1
ZINC000257459537,CC1(C)CC[C@H]([C@](C)(O)[C@@H]2CC[C@]3(O)C4=CC(=O)[C@@H]5C[C@H](O)[C@H](O)C[C@]5(C)[C@H]4CC[C@]23C)O1
ZINC000257466562,C[C@@H]1O[C@H](O[C@@H]2CC[C@@]3(C)[C@H](CC[C@]4(C)[C@@H]3C=C[C@]35OC[C@@]6(CCC(C)(C)C[C@@H]63)[C@@H](O)C[C@@]54C)C2(C)C)[C@H](O)[C@@H](O[C@H]2O[C@@H](CO)[C@H](O)[C@@H](O)[C@@H]2O)[C@@H]1O
ZINC000257466563,C[C@@H]1O[C@H](O[C@@H]2CC[C@@]3(C)[C@H](CC[C@]4(C)[C@@H]3C=C[C@]35OC[C@@]6(CCC(C)(C)C[C@@H]63)[C@H](O)C[C@@]54C)C2(C)C)[C@H](O)[C@@H](O[C@H]2O[C@@H](CO)[C@H](O)[C@@H](O)[C@@H]2O)[C@@H]1O
ZINC000257466564,C[C@@H]1O[C@H](O[C@@H]2CC[C@@]3(C)[C@H](CC[C@]4(C)[C@@H]3C=C[C@]35OC[C@@]6(CCC(C)(C)C[C@H]63)[C@H](O)C[C@@]54C)C2(C)C)[C@H](O)[C@@H](O[C@H]2O[C@@H](CO)[C@H](O)[C@@H](O)[C@@H]2O)[C@@H]1O
ZINC000257466565,C[C@@H]1O[C@H](O[C@@H]2CC[C@@]3(C)[C@H](CC[C@]4(C)[C@@H]3C=C[C@]35OC[C@@]6(CCC(C)(C)C[C@H]63)[C@@H](O)C[C@@]54C)C2(C)C)[C@H](O)[C@@H](O[C@H]2O[C@@H](CO)[C@H](O)[C@@H](O)[C@@H]2O)[C@@H]1O
ZINC000257468851,CC(C)=CCC[C@](C)(O[C@H]1O[C@@H](CO[C@@H]2O[C@H](CO)[C@H](O)[C@@H]2O)[C@H](O)[C@@H](O)[C@@H]1O)[C@@H]1CC[C@]2(C)[C@@H]1[C@H](O)C[C@@H]1[C@]3(C)CC[C@H](O)C(C)(C)[C@@H]3[C@H](O)C[C@@]12C
ZINC000257468852,CC(C)=CCC[C@](C)(O[C@H]1O[C@@H](CO[C@@H]2O[C@H](CO)[C@@H](O)[C@@H]2O)[C@H](O)[C@@H](O)[C@@H]1O)[C@@H]1CC[C@]2(C)[C@@H]1[C@H](O)C[C@@H]1[C@]3(C)CC[C@H](O)C(C)(C)[C@@H]3[C@H](O)C[C@@]12C
ZINC000257468853,CC(C)=CCC[C@](C)(O[C@H]1O[C@@H](CO[C@@H]2O[C@@H](CO)[C@@H](O)[C@@H]2O)[C@H](O)[C@@H](O)[C@@H]1O)[C@@H]1CC[C@]2(C)[C@@H]1[C@H](O)C[C@@H]1[C@]3(C)CC[C@H](O)C(C)(C)[C@@H]3[C@H](O)C[C@@]12C
ZINC000257468854,CC(C)=CCC[C@](C)(O[C@H]1O[C@@H](CO[C@@H]2O[C@@H](CO)[C@H](O)[C@@H]2O)[C@H](O)[C@@H](O)[C@@H]1O)[C@@H]1CC[C@]2(C)[C@@H]1[C@H](O)C[C@@H]1[C@]3(C)CC[C@H](O)C(C)(C)[C@@H]3[C@H](O)C[C@@]12C
ZINC000257472683,COc1cc(/C=C/C(=O)O[C@@H]2[C@H](O)[C@H](CO)O[C@]2(COC(=O)/C=C/c2cc(OC)c(O)c(OC)c2)O[C@H]2O[C@@H](CO)[C@H](O)[C@@H](O)[C@@H]2O)ccc1O
ZINC000257472684,COc1cc(/C=C/C(=O)O[C@@H]2[C@@H](O)[C@H](CO)O[C@]2(COC(=O)/C=C/c2cc(OC)c(O)c(OC)c2)O[C@H]2O[C@@H](CO)[C@H](O)[C@@H](O)[C@@H]2O)ccc1O
ZINC000257472685,COc1cc(/C=C/C(=O)O[C@@H]2[C@H](O)[C@@H](CO)O[C@]2(COC(=O)/C=C/c2cc(OC)c(O)c(OC)c2)O[C@H]2O[C@@H](CO)[C@H](O)[C@@H](O)[C@@H]2O)ccc1O
ZINC000257472686,COc1cc(/C=C/C(=O)O[C@@H]2[C@@H](O)[C@@H](CO)O[C@]2(COC(=O)/C=C/c2cc(OC)c(O)c(OC)c2)O[C@H]2O[C@@H](CO)[C@H](O)[C@@H](O)[C@@H]2O)ccc1O
ZINC000257474333,C[C@H]1O[C@@H](OC[C@@H]2O[C@H](Oc3c(-c4ccc(O)cc4)oc4cc(O)cc(O)c4c3=O)[C@@H](O[C@@H]3OC[C@@H](O)[C@H](O)[C@@H]3O)[C@H](O)[C@H]2O)[C@H](O)[C@H](O)[C@@H]1O
ZINC000257474334,C[C@H]1O[C@@H](OC[C@@H]2O[C@H](Oc3c(-c4ccc(O)cc4)oc4cc(O)cc(O)c4c3=O)[C@@H](O[C@@H]3OC[C@@H](O)[C@H](O)[C@@H]3O)[C@H](O)[C@H]2O)[C@H](O)[C@@H](O)[C@@H]1O
ZINC000257474335,C[C@H]1O[C@@H](OC[C@@H]2O[C@H](Oc3c(-c4ccc(O)cc4)oc4cc(O)cc(O)c4c3=O)[C@@H](O[C@@H]3OC[C@@H](O)[C@H](O)[C@@H]3O)[C@H](O)[C@H]2O)[C@H](O)[C@@H](O)[C@H]1O
ZINC000257474336,C[C@H]1O[C@@H](OC[C@@H]2O[C@H](Oc3c(-c4ccc(O)cc4)oc4cc(O)cc(O)c4c3=O)[C@@H](O[C@@H]3OC[C@@H](O)[C@H](O)[C@@H]3O)[C@H](O)[C@H]2O)[C@H](O)[C@H](O)[C@H]1O
ZINC000257474481,C[C@@H](CC[C@H](O)C(C)(C)O)[C@@H]1CC[C@]2(C)[C@H]3CC=C4[C@@H](CC[C@@H](O[C@H]5O[C@@H](CO)[C@H](O)[C@@H](O)[C@@H]5O)C4(C)C)[C@]3(C)[C@H](O)C[C@]12C
ZINC000257474482,C[C@H](CC[C@H](O)C(C)(C)O)[C@@H]1CC[C@]2(C)[C@H]3CC=C4[C@@H](CC[C@@H](O[C@H]5O[C@@H](CO)[C@H](O)[C@@H](O)[C@@H]5O)C4(C)C)[C@]3(C)[C@H](O)C[C@]12C
ZINC000257474483,C[C@@H](CC[C@@H](O)C(C)(C)O)[C@@H]1CC[C@]2(C)[C@H]3CC=C4[C@@H](CC[C@@H](O[C@H]5O[C@@H](CO)[C@H](O)[C@@H](O)[C@@H]5O)C4(C)C)[C@]3(C)[C@H](O)C[C@]12C
ZINC000257474484,C[C@H](CC[C@@H](O)C(C)(C)O)[C@@H]1CC[C@]2(C)[C@H]3CC=C4[C@@H](CC[C@@H](O[C@H]5O[C@@H](CO)[C@H](O)[C@@H](O)[C@@H]5O)C4(C)C)[C@]3(C)[C@H](O)C[C@]12C
ZINC000257475120,COc1cc(-c2coc3cc(O[C@@H]4O[C@@H](CO)[C@H](O)[C@@H](O)[C@@H]4O)c(OC)c(O)c3c2=O)cc(O)c1OC
ZINC000257478691,CC1(C)CC[C@@]2(C(=O)O[C@H]3O[C@@H](CO)[C@H](O)[C@@H](O)[C@@H]3O[C@@H]3O[C@H](CO)[C@@H](O)[C@H](O)[C@@H]3O[C@@H]3O[C@H](CO)[C@H](O)[C@@H](O)[C@@H]3O)CC[C@@]3(C)C(=CC[C@@H]4[C@]5(C)C[C@H](O)[C@H](O)[C@@](C)(CO)[C@@H]5CC[C@@]43C)[C@@H]2C1
ZINC000257478692,CC1(C)CC[C@@]2(C(=O)O[C@H]3O[C@@H](CO)[C@H](O)[C@@H](O)[C@@H]3O[C@@H]3O[C@H](CO)[C@@H](O)[C@H](O)[C@@H]3O[C@@H]3O[C@H](CO)[C@H](O)[C@H](O)[C@@H]3O)CC[C@@]3(C)C(=CC[C@@H]4[C@]5(C)C[C@H](O)[C@H](O)[C@@](C)(CO)[C@@H]5CC[C@@]43C)[C@@H]2C1
ZINC000257478693,CC1(C)CC[C@@]2(C(=O)O[C@H]3O[C@@H](CO)[C@H](O)[C@@H](O)[C@@H]3O[C@@H]3O[C@H](CO)[C@@H](O)[C@H](O)[C@@H]3O[C@@H]3O[C@H](CO)[C@@H](O)[C@H](O)[C@@H]3O)CC[C@@]3(C)C(=CC[C@@H]4[C@]5(C)C[C@H](O)[C@H](O)[C@@](C)(CO)[C@@H]5CC[C@@]43C)[C@@H]2C1
ZINC000257478694,CC1(C)CC[C@@]2(C(=O)O[C@H]3O[C@@H](CO)[C@H](O)[C@@H](O)[C@@H]3O[C@@H]3O[C@H](CO)[C@@H](O)[C@H](O)[C@@H]3O[C@@H]3O[C@H](CO)[C@@H](O)[C@@H](O)[C@@H]3O)CC[C@@]3(C)C(=CC[C@@H]4[C@]5(C)C[C@H](O)[C@H](O)[C@@](C)(CO)[C@@H]5CC[C@@]43C)[C@@H]2C1
ZINC000257479609,OCC1=C[C@H](O)[C@@]2(O[C@H]3O[C@@H](CO)[C@H](O)[C@@H](O)[C@@H]3O)C=CO[C@H](O[C@@H]3O[C@H](CO)[C@H](O)[C@@H](O)[C@@H]3O)[C@H]12
ZINC000257479610,OCC1=C[C@H](O)[C@@]2(O[C@H]3O[C@@H](CO)[C@H](O)[C@@H](O)[C@@H]3O)C=CO[C@H](O[C@@H]3O[C@H](CO)[C@@H](O)[C@H](O)[C@@H]3O)[C@H]12
ZINC000257479611,OCC1=C[C@H](O)[C@@]2(O[C@H]3O[C@@H](CO)[C@H](O)[C@@H](O)[C@@H]3O)C=CO[C@H](O[C@@H]3O[C@H](CO)[C@H](O)[C@H](O)[C@@H]3O)[C@H]12
ZINC000257479612,OCC1=C[C@H](O)[C@@]2(O[C@H]3O[C@@H](CO)[C@H](O)[C@@H](O)[C@@H]3O)C=CO[C@H](O[C@@H]3O[C@H](CO)[C@@H](O)[C@@H](O)[C@@H]3O)[C@H]12
ZINC000257488861,CC(C)=CCC[C@](C)(O[C@H]1O[C@@H](CO[C@@H]2O[C@@H](CO)[C@H](O)[C@@H]2O)[C@H](O)[C@@H](O)[C@@H]1O)[C@@H]1CC[C@]2(C)[C@@H]1[C@H](O)C[C@@H]1[C@]3(C)CC[C@H](O[C@@H]4O[C@H](CO)[C@@H](O)[C@H](O)[C@@H]4O)C(C)(C)[C@@H]3CC[C@@]12C
ZINC000257488862,CC(C)=CCC[C@](C)(O[C@H]1O[C@@H](CO[C@@H]2O[C@@H](CO)[C@@H](O)[C@@H]2O)[C@H](O)[C@@H](O)[C@@H]1O)[C@@H]1CC[C@]2(C)[C@@H]1[C@H](O)C[C@@H]1[C@]3(C)CC[C@H](O[C@@H]4O[C@H](CO)[C@@H](O)[C@H](O)[C@@H]4O)C(C)(C)[C@@H]3CC[C@@]12C
ZINC000257488863,CC(C)=CCC[C@](C)(O[C@H]1O[C@@H](CO[C@@H]2O[C@H](CO)[C@@H](O)[C@@H]2O)[C@H](O)[C@@H](O)[C@@H]1O)[C@@H]1CC[C@]2(C)[C@@H]1[C@H](O)C[C@@H]1[C@]3(C)CC[C@H](O[C@@H]4O[C@H](CO)[C@@H](O)[C@H](O)[C@@H]4O)C(C)(C)[C@@H]3CC[C@@]12C
ZINC000257488864,CC(C)=CCC[C@](C)(O[C@H]1O[C@@H](CO[C@@H]2O[C@H](CO)[C@H](O)[C@@H]2O)[C@H](O)[C@@H](O)[C@@H]1O)[C@@H]1CC[C@]2(C)[C@@H]1[C@H](O)C[C@@H]1[C@]3(C)CC[C@H](O[C@@H]4O[C@H](CO)[C@@H](O)[C@H](O)[C@@H]4O)C(C)(C)[C@@H]3CC[C@@]12C
ZINC000257497543,C=C1[C@@H](O)[C@H]2[C@@H](O)[C@@H](C)C[C@@]2(O)C(=O)/C(C)=C\[C@H]2[C@@H](C[C@H]1O)C2(C)C
ZINC000257497544,C=C1[C@H](O)C[C@@H]2[C@H](/C=C(/C)C(=O)[C@]3(O)C[C@H](C)[C@H](O)[C@@H]3[C@H]1O)C2(C)C
ZINC000257497545,C=C1[C@H](O)C[C@@H]2[C@H](/C=C(/C)C(=O)[C@]3(O)C[C@H](C)[C@H](O)[C@H]3[C@H]1O)C2(C)C
ZINC000257497546,C=C1[C@@H](O)[C@@H]2[C@@H](O)[C@@H](C)C[C@@]2(O)C(=O)/C(C)=C\[C@H]2[C@@H](C[C@H]1O)C2(C)C
ZINC000257498115,C[C@@H](CC[C@@H](O[C@H]1O[C@@H](CO[C@@H]2O[C@H](CO)[C@H](O)[C@@H](O)[C@@H]2O)[C@H](O)[C@@H](O)[C@@H]1O)C(C)(C)O)[C@@H]1CC[C@@]2(C)[C@@H]3CC=C4[C@H](CC[C@H](O)C4(C)C)[C@]3(C)[C@H](O)C[C@]12C
ZINC000257498116,C[C@@H](CC[C@@H](O[C@H]1O[C@@H](CO[C@@H]2O[C@H](CO)[C@@H](O)[C@H](O)[C@@H]2O)[C@H](O)[C@@H](O)[C@@H]1O)C(C)(C)O)[C@@H]1CC[C@@]2(C)[C@@H]3CC=C4[C@H](CC[C@H](O)C4(C)C)[C@]3(C)[C@H](O)C[C@]12C
ZINC000257498117,C[C@@H](CC[C@@H](O[C@H]1O[C@@H](CO[C@@H]2O[C@H](CO)[C@H](O)[C@H](O)[C@@H]2O)[C@H](O)[C@@H](O)[C@@H]1O)C(C)(C)O)[C@@H]1CC[C@@]2(C)[C@@H]3CC=C4[C@H](CC[C@H](O)C4(C)C)[C@]3(C)[C@H](O)C[C@]12C
ZINC000257498118,C[C@@H](CC[C@@H](O[C@H]1O[C@@H](CO[C@@H]2O[C@H](CO)[C@@H](O)[C@@H](O)[C@@H]2O)[C@H](O)[C@@H](O)[C@@H]1O)C(C)(C)O)[C@@H]1CC[C@@]2(C)[C@@H]3CC=C4[C@H](CC[C@H](O)C4(C)C)[C@]3(C)[C@H](O)C[C@]12C
ZINC000257503639,C[C@@H]1CC[C@]2(OC1)O[C@@H]1C[C@@H]3[C@H]4CC=C5C[C@@H](O[C@H]6O[C@@H](CO)[C@H](O[C@@H]7O[C@H](CO)[C@H](O)[C@H](O)[C@@H]7O)[C@@H](O)[C@@H]6O[C@@H]6O[C@H](C)[C@@H](O)[C@H](O)[C@@H]6O)CC[C@@]5(C)[C@@H]4CC[C@@]3(C)[C@@H]1[C@H]2C
ZINC000257503640,C[C@@H]1CC[C@]2(OC1)O[C@@H]1C[C@@H]3[C@H]4CC=C5C[C@@H](O[C@H]6O[C@@H](CO)[C@H](O[C@@H]7O[C@H](CO)[C@H](O)[C@@H](O)[C@@H]7O)[C@@H](O)[C@@H]6O[C@@H]6O[C@H](C)[C@@H](O)[C@H](O)[C@@H]6O)CC[C@@]5(C)[C@@H]4CC[C@@]3(C)[C@@H]1[C@H]2C
ZINC000257503641,C[C@@H]1CC[C@]2(OC1)O[C@@H]1C[C@@H]3[C@H]4CC=C5C[C@@H](O[C@H]6O[C@@H](CO)[C@H](O[C@@H]7O[C@H](CO)[C@@H](O)[C@H](O)[C@@H]7O)[C@@H](O)[C@@H]6O[C@@H]6O[C@H](C)[C@@H](O)[C@H](O)[C@@H]6O)CC[C@@]5(C)[C@@H]4CC[C@@]3(C)[C@@H]1[C@H]2C
ZINC000257503642,C[C@@H]1CC[C@]2(OC1)O[C@@H]1C[C@@H]3[C@H]4CC=C5C[C@@H](O[C@H]6O[C@@H](CO)[C@H](O[C@@H]7O[C@H](CO)[C@@H](O)[C@@H](O)[C@@H]7O)[C@@H](O)[C@@H]6O[C@@H]6O[C@H](C)[C@@H](O)[C@H](O)[C@@H]6O)CC[C@@]5(C)[C@@H]4CC[C@@]3(C)[C@@H]1[C@H]2C
ZINC000257504184,C[C@]12CC[C@H]3C(=CC(=O)[C@H]4C[C@@H](O)[C@@H](O)C[C@@]43C)[C@@]1(O)CCC2=O
ZINC000257504185,C[C@]12C[C@H](O)[C@H](O)C[C@@H]1C(=O)C=C1[C@@H]2CC[C@@]2(C)C(=O)CC[C@]12O
ZINC000257517930,C[C@H](CC(=O)[C@@H]1OC1(C)C)[C@@H]1C(=O)C[C@]2(C)C3=CC[C@@H]4C(C)(C)[C@H](O[C@@H]5OC[C@H](O)[C@H](O)[C@@H]5O)CC[C@]45C[C@]35[C@H](O)C[C@@]12C
ZINC000257517931,C[C@H](CC(=O)[C@@H]1OC1(C)C)[C@@H]1C(=O)C[C@]2(C)C3=CC[C@@H]4C(C)(C)[C@H](O[C@@H]5OC[C@H](O)[C@H](O)[C@@H]5O)CC[C@]45C[C@]35[C@@H](O)C[C@]12C
ZINC000257517932,C[C@H](CC(=O)[C@@H]1OC1(C)C)[C@@H]1C(=O)C[C@]2(C)C3=CC[C@@H]4C(C)(C)[C@H](O[C@@H]5OC[C@H](O)[C@H](O)[C@@H]5O)CC[C@]45C[C@]35[C@@H](O)C[C@@]12C
ZINC000257517933,C[C@H](CC(=O)[C@@H]1OC1(C)C)[C@@H]1C(=O)C[C@]2(C)C3=CC[C@@H]4C(C)(C)[C@H](O[C@@H]5OC[C@H](O)[C@H](O)[C@@H]5O)CC[C@]45C[C@]35[C@H](O)C[C@]12C
ZINC000257518847,C[C@@H](CC[C@@H](O[C@H]1O[C@@H](CO)[C@H](O)[C@@H](O)[C@@H]1O[C@@H]1O[C@H](CO)[C@H](O)[C@@H](O)[C@@H]1O)C(C)(C)O)[C@@H]1CC[C@@]2(C)[C@@H]3CC=C4[C@H](CC[C@H](O[C@@H]5O[C@H](CO)[C@@H](O)[C@H](O)[C@@H]5O)C4(C)C)[C@]3(C)[C@H](O)C[C@]12C
ZINC000257518848,C[C@@H](CC[C@@H](O[C@H]1O[C@@H](CO)[C@H](O)[C@@H](O)[C@@H]1O[C@@H]1O[C@H](CO)[C@@H](O)[C@H](O)[C@@H]1O)C(C)(C)O)[C@@H]1CC[C@@]2(C)[C@@H]3CC=C4[C@H](CC[C@H](O[C@@H]5O[C@H](CO)[C@@H](O)[C@H](O)[C@@H]5O)C4(C)C)[C@]3(C)[C@H](O)C[C@]12C
ZINC000257518849,C[C@@H](CC[C@@H](O[C@H]1O[C@@H](CO)[C@H](O)[C@@H](O)[C@@H]1O[C@@H]1O[C@H](CO)[C@H](O)[C@H](O)[C@@H]1O)C(C)(C)O)[C@@H]1CC[C@@]2(C)[C@@H]3CC=C4[C@H](CC[C@H](O[C@@H]5O[C@H](CO)[C@@H](O)[C@H](O)[C@@H]5O)C4(C)C)[C@]3(C)[C@H](O)C[C@]12C
ZINC000257518850,C[C@@H](CC[C@@H](O[C@H]1O[C@@H](CO)[C@H](O)[C@@H](O)[C@@H]1O[C@@H]1O[C@H](CO)[C@@H](O)[C@@H](O)[C@@H]1O)C(C)(C)O)[C@@H]1CC[C@@]2(C)[C@@H]3CC=C4[C@H](CC[C@H](O[C@@H]5O[C@H](CO)[C@@H](O)[C@H](O)[C@@H]5O)C4(C)C)[C@]3(C)[C@H](O)C[C@]12C
ZINC000257521007,CC1(C)CC[C@]2(CO)C(=C3C=C[C@H]4[C@](C)(CC[C@H]5[C@@](C)(CO)[C@@H](O)CC[C@]54C)[C@]3(C)C[C@@H]2O)C1
ZINC000257521008,CC1(C)CC[C@]2(CO)C(=C3C=C[C@H]4[C@](C)(CC[C@H]5[C@@](C)(CO)[C@@H](O)CC[C@]54C)[C@]3(C)C[C@H]2O)C1
ZINC000257521009,CC1(C)CC[C@]2(CO)C(=C3C=C[C@H]4[C@](C)(CC[C@H]5[C@@](C)(CO)[C@@H](O)CC[C@]54C)[C@@]3(C)C[C@H]2O)C1
ZINC000257521010,CC1(C)CC[C@]2(CO)C(=C3C=C[C@H]4[C@](C)(CC[C@H]5[C@@](C)(CO)[C@@H](O)CC[C@]54C)[C@@]3(C)C[C@@H]2O)C1
ZINC000257522677,C=C1C(=O)O[C@@H]2CC(C)=C([C@H](C)CCCOC(C)=O)[C@H](O)[C@H]12
ZINC000257522678,C=C1C(=O)O[C@@H]2CC(C)=C([C@H](C)CCCOC(C)=O)[C@H](O)[C@@H]12
ZINC000257524662,O=S(=O)(O)O/N=C(\Cc1ccccc1)S[C@@H]1O[C@H](CO)[C@H](O)[C@H](O)[C@@H]1O
ZINC000257524663,O=S(=O)(O)O/N=C(\Cc1ccccc1)S[C@@H]1O[C@H](CO)[C@H](O)[C@@H](O)[C@@H]1O
ZINC000257527351,CC1=CC(=O)[C@H](O)[C@]2(C)[C@@H]1C[C@@H]1OC(=O)[C@H](O)[C@]3(O)[C@@]4(CO)OC[C@@]13[C@@H]2[C@H](O)[C@@H]4O
ZINC000257527352,CC1=CC(=O)[C@H](O)[C@]2(C)[C@@H]1C[C@@H]1OC(=O)[C@H](O)[C@]3(O)[C@@]4(CO)OC[C@@]13[C@@H]2[C@@H](O)[C@H]4O
ZINC000257527353,CC1=CC(=O)[C@H](O)[C@]2(C)[C@@H]1C[C@@H]1OC(=O)[C@H](O)[C@]3(O)[C@@]4(CO)OC[C@@]13[C@@H]2[C@H](O)[C@H]4O
ZINC000257527354,CC1=CC(=O)[C@H](O)[C@]2(C)[C@@H]1C[C@@H]1OC(=O)[C@H](O)[C@]3(O)[C@@]4(CO)OC[C@@]13[C@@H]2[C@@H](O)[C@@H]4O
ZINC000257529312,C[C@@H]1CC[C@]2(NC1)O[C@@H]1C[C@@H]3[C@H]4CC=C5C[C@@H](O[C@H]6O[C@@H](CO)[C@H](O)[C@@H](O[C@@H]7O[C@H](CO)[C@@H](O)[C@H](O)[C@@H]7O[C@@H]7O[C@H](C)[C@@H](O)[C@@H](O)[C@@H]7O)[C@@H]6O)CC[C@@]5(C)[C@@H]4CC[C@@]3(C)[C@@H]1[C@H]2C
ZINC000257529313,C[C@@H]1CC[C@]2(NC1)O[C@@H]1C[C@@H]3[C@H]4CC=C5C[C@@H](O[C@H]6O[C@@H](CO)[C@H](O)[C@@H](O[C@@H]7O[C@H](CO)[C@@H](O)[C@H](O)[C@@H]7O[C@@H]7O[C@H](C)[C@@H](O)[C@H](O)[C@@H]7O)[C@@H]6O)CC[C@@]5(C)[C@@H]4CC[C@@]3(C)[C@@H]1[C@H]2C
ZINC000257529314,C[C@@H]1CC[C@]2(NC1)O[C@@H]1C[C@@H]3[C@H]4CC=C5C[C@@H](O[C@H]6O[C@@H](CO)[C@H](O)[C@@H](O[C@@H]7O[C@H](CO)[C@@H](O)[C@H](O)[C@@H]7O[C@@H]7O[C@H](C)[C@H](O)[C@@H](O)[C@@H]7O)[C@@H]6O)CC[C@@]5(C)[C@@H]4CC[C@@]3(C)[C@@H]1[C@H]2C
ZINC000257529315,C[C@@H]1CC[C@]2(NC1)O[C@@H]1C[C@@H]3[C@H]4CC=C5C[C@@H](O[C@H]6O[C@@H](CO)[C@H](O)[C@@H](O[C@@H]7O[C@H](CO)[C@@H](O)[C@H](O)[C@@H]7O[C@@H]7O[C@H](C)[C@H](O)[C@H](O)[C@@H]7O)[C@@H]6O)CC[C@@]5(C)[C@@H]4CC[C@@]3(C)[C@@H]1[C@H]2C
ZINC000257529522,C=C1C(=O)O[C@@H]2[C@@H]1CCC(C)=C1CC[C@@](C)(O)[C@H]12
ZINC000257529705,CCO[C@@H]1C=C[C@H](OC(=O)c2ccccc2)[C@H](O)[C@@]1(O)COC(=O)c1ccccc1
ZINC000257529989,C[C@@H](CC(=O)C[C@@H](C)C(=O)O)[C@@H]1C[C@H](O)[C@]2(C)C3=C(C(=O)C[C@]12C)[C@]1(C)CC[C@H](O)C(C)(C)[C@@H]1C[C@H]3O
ZINC000257529990,C[C@@H](CC(=O)C[C@@H](C)C(=O)O)[C@@H]1C[C@H](O)[C@]2(C)C3=C(C(=O)C[C@]12C)[C@]1(C)CC[C@H](O)C(C)(C)[C@H]1C[C@H]3O
ZINC000257529991,C[C@@H](CC(=O)C[C@@H](C)C(=O)O)[C@@H]1C[C@H](O)[C@]2(C)C3=C(C(=O)C[C@]12C)[C@]1(C)CC[C@H](O)C(C)(C)[C@@H]1C[C@@H]3O
ZINC000257529992,C[C@@H](CC(=O)C[C@@H](C)C(=O)O)[C@@H]1C[C@H](O)[C@]2(C)C3=C(C(=O)C[C@]12C)[C@]1(C)CC[C@H](O)C(C)(C)[C@H]1C[C@@H]3O
ZINC000257534350,O=c1c2cc(O)ccc2oc2cc(O)c([C@@H]3O[C@H](CO[C@@H]4OC[C@](O)(CO)[C@@H]4O)[C@H](O)[C@H](O)[C@@H]3O)c(O)c12
ZINC000257534351,O=c1c2cc(O)ccc2oc2cc(O)c([C@@H]3O[C@H](CO[C@@H]4OC[C@](O)(CO)[C@@H]4O)[C@H](O)[C@@H](O)[C@@H]3O)c(O)c12
ZINC000257534352,O=c1c2cc(O)ccc2oc2cc(O)c([C@@H]3O[C@H](CO[C@@H]4OC[C@](O)(CO)[C@@H]4O)[C@H](O)[C@@H](O)[C@H]3O)c(O)c12
ZINC000257534353,O=c1c2cc(O)ccc2oc2cc(O)c([C@@H]3O[C@H](CO[C@@H]4OC[C@](O)(CO)[C@@H]4O)[C@H](O)[C@H](O)[C@H]3O)c(O)c12
ZINC000257534857,CC1(C)CC[C@]2(C(=O)O)CC[C@@]3(C)C(=CC[C@H]4[C@]5(C)CC[C@@H](O[C@@H]6OC[C@H](O)[C@H](O)[C@H]6O[C@H]6O[C@@H](CO)[C@H](O)[C@@H](O)[C@@H]6O)[C@](C)(CO)[C@@H]5CC[C@]43C)[C@H]2C1
ZINC000257534858,CC1(C)CC[C@@]2(C(=O)O)CC[C@@]3(C)C(=CC[C@H]4[C@]5(C)CC[C@@H](O[C@@H]6OC[C@H](O)[C@H](O)[C@H]6O[C@H]6O[C@@H](CO)[C@H](O)[C@@H](O)[C@@H]6O)[C@](C)(CO)[C@@H]5CC[C@]43C)[C@H]2C1
ZINC000257534859,CC1(C)CC[C@@]2(C(=O)O)CC[C@@]3(C)C(=CC[C@H]4[C@]5(C)CC[C@@H](O[C@@H]6OC[C@H](O)[C@H](O)[C@H]6O[C@H]6O[C@@H](CO)[C@H](O)[C@@H](O)[C@@H]6O)[C@](C)(CO)[C@@H]5CC[C@]43C)[C@@H]2C1
ZINC000257534860,CC1(C)CC[C@]2(C(=O)O)CC[C@@]3(C)C(=CC[C@H]4[C@]5(C)CC[C@@H](O[C@@H]6OC[C@H](O)[C@H](O)[C@H]6O[C@H]6O[C@@H](CO)[C@H](O)[C@@H](O)[C@@H]6O)[C@](C)(CO)[C@@H]5CC[C@]43C)[C@@H]2C1
ZINC000257542540,COC1=C(C)C(=O)O[C@]12C(=O)C(C)=C1CCCCN3[C@H]([C@@H]4C[C@@H](C)C(=O)O4)CC[C@@]132
ZINC000257543929,C[C@H]1O[C@@H](O[C@@H]2[C@H](O[C@@H]3CC[C@@]4(C)[C@H](CC[C@]5(C)[C@@H]4CC=C4[C@H]6CC(C)(C)CC[C@@]6(C(=O)O)CC[C@@]45C)[C@@]3(C)CO)OC[C@@H](O[C@H]3O[C@@H](CO)[C@H](O)[C@@H](O)[C@@H]3O)[C@@H]2O)[C@H](O)[C@H](O)[C@@H]1O
ZINC000257543930,C[C@H]1O[C@@H](O[C@@H]2[C@H](O[C@@H]3CC[C@@]4(C)[C@H](CC[C@]5(C)[C@@H]4CC=C4[C@@H]6CC(C)(C)CC[C@@]6(C(=O)O)CC[C@@]45C)[C@@]3(C)CO)OC[C@@H](O[C@H]3O[C@@H](CO)[C@H](O)[C@@H](O)[C@@H]3O)[C@@H]2O)[C@H](O)[C@H](O)[C@@H]1O
ZINC000257543931,C[C@H]1O[C@@H](O[C@@H]2[C@H](O[C@@H]3CC[C@@]4(C)[C@H](CC[C@]5(C)[C@@H]4CC=C4[C@H]6CC(C)(C)CC[C@]6(C(=O)O)CC[C@@]45C)[C@@]3(C)CO)OC[C@@H](O[C@H]3O[C@@H](CO)[C@H](O)[C@@H](O)[C@@H]3O)[C@@H]2O)[C@H](O)[C@H](O)[C@@H]1O
ZINC000257543932,C[C@H]1O[C@@H](O[C@@H]2[C@H](O[C@@H]3CC[C@@]4(C)[C@H](CC[C@]5(C)[C@@H]4CC=C4[C@@H]6CC(C)(C)CC[C@]6(C(=O)O)CC[C@@]45C)[C@@]3(C)CO)OC[C@@H](O[C@H]3O[C@@H](CO)[C@H](O)[C@@H](O)[C@@H]3O)[C@@H]2O)[C@H](O)[C@H](O)[C@@H]1O
ZINC000257545856,C/C=C1\[C@@H](O[C@H]2O[C@@H](CO)[C@H](O)[C@@H](O)[C@@H]2O)OC=C(C(=O)OC)[C@@H]1CC(=O)OC[C@@H]1O[C@H](OCCc2ccc(O)cc2)[C@H](O)[C@H](O)[C@@H]1O
ZINC000257545857,C/C=C1\[C@@H](O[C@H]2O[C@@H](CO)[C@H](O)[C@@H](O)[C@@H]2O)OC=C(C(=O)OC)[C@@H]1CC(=O)OC[C@@H]1O[C@H](OCCc2ccc(O)cc2)[C@@H](O)[C@@H](O)[C@@H]1O
ZINC000257545858,C/C=C1\[C@@H](O[C@H]2O[C@@H](CO)[C@H](O)[C@@H](O)[C@@H]2O)OC=C(C(=O)OC)[C@@H]1CC(=O)OC[C@@H]1O[C@H](OCCc2ccc(O)cc2)[C@@H](O)[C@H](O)[C@@H]1O
ZINC000257545859,C/C=C1\[C@@H](O[C@H]2O[C@@H](CO)[C@H](O)[C@@H](O)[C@@H]2O)OC=C(C(=O)OC)[C@@H]1CC(=O)OC[C@@H]1O[C@H](OCCc2ccc(O)cc2)[C@H](O)[C@@H](O)[C@@H]1O
ZINC000257553135,C[C@@H]1CCCC2=CC(=O)[C@@H]3[C@H](C3(C)C)[C@@]21C
ZINC000257555153,COc1cc(/C=C/C(=O)O[C@H]2[C@H](CO[C@@H]3OC[C@@](O)(CO)[C@@H]3O)O[C@H](OCCc3ccc(O)c(OC)c3)[C@@H](O)[C@@H]2O[C@@H]2O[C@H](C)[C@@H](O)[C@H](O)[C@@H]2O)ccc1O
ZINC000257555156,COc1cc(/C=C/C(=O)O[C@H]2[C@H](CO[C@@H]3OC[C@](O)(CO)[C@H]3O)O[C@H](OCCc3ccc(O)c(OC)c3)[C@@H](O)[C@@H]2O[C@@H]2O[C@H](C)[C@@H](O)[C@H](O)[C@@H]2O)ccc1O
ZINC000257555158,COc1cc(/C=C/C(=O)O[C@H]2[C@H](CO[C@@H]3OC[C@](O)(CO)[C@@H]3O)O[C@H](OCCc3ccc(O)c(OC)c3)[C@@H](O)[C@@H]2O[C@@H]2O[C@H](C)[C@@H](O)[C@H](O)[C@@H]2O)ccc1O
ZINC000257555159,COc1cc(/C=C/C(=O)O[C@H]2[C@H](CO[C@@H]3OC[C@@](O)(CO)[C@H]3O)O[C@H](OCCc3ccc(O)c(OC)c3)[C@@H](O)[C@@H]2O[C@@H]2O[C@H](C)[C@@H](O)[C@H](O)[C@@H]2O)ccc1O
ZINC000257555658,C[C@@H](CC[C@@H](O[C@H]1O[C@@H](CO)[C@H](O)[C@@H](O)[C@@H]1O)C(C)(C)O)[C@@H]1CC[C@@]2(C)[C@@H]3CC=C4[C@@H](CC[C@H](O)C4(C)C)[C@]3(C)[C@H](O)C[C@]12C
ZINC000257555659,C[C@@H](CC[C@@H](O[C@H]1O[C@@H](CO)[C@H](O)[C@@H](O)[C@@H]1O)C(C)(C)O)[C@@H]1CC[C@@]2(C)[C@@H]3CC=C4[C@H](CC[C@H](O)C4(C)C)[C@]3(C)[C@H](O)C[C@]12C
ZINC000257555660,C[C@@H](CC[C@@H](O[C@H]1O[C@@H](CO)[C@H](O)[C@@H](O)[C@@H]1O)C(C)(C)O)[C@@H]1CC[C@@]2(C)[C@@H]3CC=C4[C@H](CC[C@@H](O)C4(C)C)[C@]3(C)[C@H](O)C[C@]12C
ZINC000257555661,C[C@@H](CC[C@@H](O[C@H]1O[C@@H](CO)[C@H](O)[C@@H](O)[C@@H]1O)C(C)(C)O)[C@@H]1CC[C@@]2(C)[C@@H]3CC=C4[C@@H](CC[C@@H](O)C4(C)C)[C@]3(C)[C@H](O)C[C@]12C
ZINC000257555775,O=C(O)C[C@](O)(CC(=O)OCc1ccc(O[C@H]2O[C@@H](CO)[C@H](O)[C@@H](O)[C@@H]2O)cc1)C(=O)OCc1ccc(O[C@@H]2O[C@H](CO)[C@@H](O)[C@H](O)[C@@H]2O)cc1
ZINC000257555776,O=C(O)C[C@](O)(CC(=O)OCc1ccc(O[C@H]2O[C@@H](CO)[C@H](O)[C@@H](O)[C@@H]2O)cc1)C(=O)OCc1ccc(O[C@@H]2O[C@H](CO)[C@H](O)[C@H](O)[C@@H]2O)cc1
ZINC000257555777,O=C(O)C[C@](O)(CC(=O)OCc1ccc(O[C@H]2O[C@@H](CO)[C@H](O)[C@@H](O)[C@@H]2O)cc1)C(=O)OCc1ccc(O[C@@H]2O[C@H](CO)[C@@H](O)[C@@H](O)[C@@H]2O)cc1
ZINC000257555778,O=C(O)C[C@](O)(CC(=O)OCc1ccc(O[C@H]2O[C@@H](CO)[C@H](O)[C@@H](O)[C@@H]2O)cc1)C(=O)OCc1ccc(O[C@@H]2O[C@H](CO)[C@H](O)[C@@H](O)[C@@H]2O)cc1
ZINC000257556134,CC(C)=CCC[C@](C)(O[C@H]1O[C@@H](CO)[C@H](O)[C@@H](O)[C@@H]1O)[C@@H]1CC[C@]2(C)[C@@H]1[C@H](O)C[C@@H]1[C@]3(C)CC[C@H](O[C@@H]4O[C@H](CO)[C@@H](O)[C@H](O)[C@@H]4O[C@@H]4O[C@H](CO)[C@H](O)[C@@H](O)[C@@H]4O)C(C)(C)[C@@H]3[C@H](O)C[C@@]12C
ZINC000257556135,CC(C)=CCC[C@](C)(O[C@H]1O[C@@H](CO)[C@H](O)[C@@H](O)[C@@H]1O)[C@@H]1CC[C@]2(C)[C@@H]1[C@H](O)C[C@@H]1[C@]3(C)CC[C@H](O[C@@H]4O[C@H](CO)[C@@H](O)[C@H](O)[C@@H]4O[C@@H]4O[C@H](CO)[C@@H](O)[C@@H](O)[C@@H]4O)C(C)(C)[C@@H]3[C@H](O)C[C@@]12C
ZINC000257556136,CC(C)=CCC[C@](C)(O[C@H]1O[C@@H](CO)[C@H](O)[C@@H](O)[C@@H]1O)[C@@H]1CC[C@]2(C)[C@@H]1[C@H](O)C[C@@H]1[C@]3(C)CC[C@H](O[C@@H]4O[C@H](CO)[C@@H](O)[C@H](O)[C@@H]4O[C@@H]4O[C@H](CO)[C@H](O)[C@H](O)[C@@H]4O)C(C)(C)[C@@H]3[C@H](O)C[C@@]12C
ZINC000257556137,CC(C)=CCC[C@](C)(O[C@H]1O[C@@H](CO)[C@H](O)[C@@H](O)[C@@H]1O)[C@@H]1CC[C@]2(C)[C@@H]1[C@H](O)C[C@@H]1[C@]3(C)CC[C@H](O[C@@H]4O[C@H](CO)[C@@H](O)[C@H](O)[C@@H]4O[C@@H]4O[C@H](CO)[C@@H](O)[C@H](O)[C@@H]4O)C(C)(C)[C@@H]3[C@H](O)C[C@@]12C
ZINC000257567501,O=C(/C=C/c1ccc(O[C@H]2O[C@@H](CO)[C@H](O)[C@@H](O)[C@@H]2O[C@@H]2OC[C@@](O)(CO)[C@H]2O)cc1)c1ccc(O)cc1O
ZINC000257567502,O=C(/C=C/c1ccc(O[C@H]2O[C@@H](CO)[C@H](O)[C@@H](O)[C@@H]2O[C@@H]2OC[C@@](O)(CO)[C@@H]2O)cc1)c1ccc(O)cc1O
ZINC000257567503,O=C(/C=C/c1ccc(O[C@H]2O[C@@H](CO)[C@H](O)[C@@H](O)[C@@H]2O[C@@H]2OC[C@](O)(CO)[C@@H]2O)cc1)c1ccc(O)cc1O
ZINC000257568428,C[C@H]1O[C@@H](OC[C@@H]2O[C@H](Oc3c(-c4ccc(O)cc4)oc4cc(O)cc(O)c4c3=O)[C@@H](O[C@@H]3O[C@H](CO)[C@@H](O)[C@H](O)[C@@H]3O)[C@H](O)[C@H]2O)[C@H](O)[C@H](O)[C@@H]1O
ZINC000257568432,C[C@H]1O[C@@H](OC[C@@H]2O[C@H](Oc3c(-c4ccc(O)cc4)oc4cc(O)cc(O)c4c3=O)[C@@H](O[C@@H]3O[C@H](CO)[C@@H](O)[C@H](O)[C@@H]3O)[C@H](O)[C@H]2O)[C@H](O)[C@H](O)[C@H]1O
ZINC000257568436,C[C@H]1O[C@@H](OC[C@@H]2O[C@H](Oc3c(-c4ccc(O)cc4)oc4cc(O)cc(O)c4c3=O)[C@@H](O[C@@H]3O[C@H](CO)[C@@H](O)[C@H](O)[C@@H]3O)[C@H](O)[C@H]2O)[C@H](O)[C@@H](O)[C@H]1O
ZINC000257568440,C[C@H]1O[C@@H](OC[C@@H]2O[C@H](Oc3c(-c4ccc(O)cc4)oc4cc(O)cc(O)c4c3=O)[C@@H](O[C@@H]3O[C@H](CO)[C@@H](O)[C@H](O)[C@@H]3O)[C@H](O)[C@H]2O)[C@H](O)[C@@H](O)[C@@H]1O
ZINC000257591132,C[C@@H]1CC[C@@]2(C(=O)O)CC[C@@]3(C)C(=CC[C@H]4[C@]5(C)CC[C@@H](O[C@@H]6OC[C@H](O)[C@H](O)[C@H]6O[C@H]6O[C@@H](CO)[C@H](O)[C@@H](O)[C@@H]6O)C(C)(C)[C@@H]5CC[C@]43C)[C@@H]2[C@]1(C)O
ZINC000257591133,C[C@H]1CC[C@@]2(C(=O)O)CC[C@@]3(C)C(=CC[C@H]4[C@]5(C)CC[C@@H](O[C@@H]6OC[C@H](O)[C@H](O)[C@H]6O[C@H]6O[C@@H](CO)[C@H](O)[C@@H](O)[C@@H]6O)C(C)(C)[C@@H]5CC[C@]43C)[C@@H]2[C@]1(C)O
ZINC000257591134,C[C@@H]1CC[C@]2(C(=O)O)CC[C@@]3(C)C(=CC[C@H]4[C@]5(C)CC[C@@H](O[C@@H]6OC[C@H](O)[C@H](O)[C@H]6O[C@H]6O[C@@H](CO)[C@H](O)[C@@H](O)[C@@H]6O)C(C)(C)[C@@H]5CC[C@]43C)[C@@H]2[C@]1(C)O
ZINC000257591135,C[C@H]1CC[C@]2(C(=O)O)CC[C@@]3(C)C(=CC[C@H]4[C@]5(C)CC[C@@H](O[C@@H]6OC[C@H](O)[C@H](O)[C@H]6O[C@H]6O[C@@H](CO)[C@H](O)[C@@H](O)[C@@H]6O)C(C)(C)[C@@H]5CC[C@]43C)[C@@H]2[C@]1(C)O
ZINC000257593752,C/C=C1/C(=O)C[C@@H]2[C@H]3CCC4=CC(=O)CC[C@]4(C)[C@@H]3CC[C@@]12C
ZINC000257593753,C/C=C1/C(=O)C[C@@H]2[C@H]3CCC4=CC(=O)CC[C@@]4(C)[C@@H]3CC[C@@]12C
ZINC000257600689,C=C1C(=O)[C@@]23[C@@H](CC[C@H]1[C@H]2O)[C@@]1(CO)[C@@H](O)CCC(C)(C)[C@H]1C[C@H]3O
ZINC000257600690,C=C1C(=O)[C@@]23[C@H](O)C[C@@H]4C(C)(C)CC[C@H](O)[C@]4(CO)[C@H]2CC[C@H]1[C@H]3O
ZINC000257600691,C=C1C(=O)[C@]23[C@@H](O)[C@@H]1CC[C@@H]2[C@@]1(CO)[C@@H](O)CCC(C)(C)[C@H]1C[C@H]3O
ZINC000257600692,C=C1C(=O)[C@]23[C@@H](O)[C@@H]1CC[C@H]2[C@@]1(CO)[C@@H](O)CCC(C)(C)[C@H]1C[C@H]3O
ZINC000257607766,COc1cc([C@H]2O[C@H]2CO)cc(OC)c1O[C@H]1O[C@@H](CO)[C@H](O)[C@@H](O)[C@@H]1O
ZINC000257607767,COc1cc([C@H]2O[C@@H]2CO)cc(OC)c1O[C@H]1O[C@@H](CO)[C@H](O)[C@@H](O)[C@@H]1O
ZINC000257607768,COc1cc([C@@H]2O[C@H]2CO)cc(OC)c1O[C@H]1O[C@@H](CO)[C@H](O)[C@@H](O)[C@@H]1O
ZINC000257607769,COc1cc([C@@H]2O[C@@H]2CO)cc(OC)c1O[C@H]1O[C@@H](CO)[C@H](O)[C@@H](O)[C@@H]1O
ZINC000257612708,CC(=O)O[C@@H]1[C@H](OC(=O)c2ccccc2)C=C[C@H](O)[C@@]1(O)COC(=O)c1ccccc1
ZINC000257612709,CC(=O)O[C@@H]1[C@H](OC(=O)c2ccccc2)C=C[C@@H](O)[C@]1(O)COC(=O)c1ccccc1
ZINC000257616568,O=C(C[C@@](O)(CC(=O)OCc1ccc(O[C@H]2O[C@@H](CO)[C@H](O)[C@@H](O)[C@@H]2O)cc1)C(=O)OCc1ccc(O[C@@H]2O[C@H](CO)[C@@H](O)[C@H](O)[C@@H]2O)cc1)OCc1ccc(O[C@@H]2O[C@H](CO)[C@@H](O)[C@H](O)[C@@H]2O)cc1
ZINC000257616569,O=C(C[C@@](O)(CC(=O)OCc1ccc(O[C@H]2O[C@@H](CO)[C@H](O)[C@@H](O)[C@@H]2O)cc1)C(=O)OCc1ccc(O[C@@H]2O[C@H](CO)[C@H](O)[C@H](O)[C@@H]2O)cc1)OCc1ccc(O[C@@H]2O[C@H](CO)[C@H](O)[C@H](O)[C@@H]2O)cc1
ZINC000257616570,O=C(C[C@@](O)(CC(=O)OCc1ccc(O[C@H]2O[C@@H](CO)[C@H](O)[C@@H](O)[C@@H]2O)cc1)C(=O)OCc1ccc(O[C@@H]2O[C@H](CO)[C@@H](O)[C@H](O)[C@@H]2O)cc1)OCc1ccc(O[C@@H]2O[C@H](CO)[C@H](O)[C@H](O)[C@@H]2O)cc1
ZINC000257616571,O=C(C[C@@](O)(CC(=O)OCc1ccc(O[C@H]2O[C@@H](CO)[C@H](O)[C@@H](O)[C@@H]2O)cc1)C(=O)OCc1ccc(O[C@@H]2O[C@H](CO)[C@H](O)[C@H](O)[C@@H]2O)cc1)OCc1ccc(O[C@@H]2O[C@H](CO)[C@@H](O)[C@H](O)[C@@H]2O)cc1
ZINC000257617407,CC(C)=C[C@@H]1CO[C@]23C[C@]4(CO2)[C@@H](CC[C@H]2[C@]5(C)CC[C@@H](O[C@H]6O[C@@H](CO)[C@H](O)[C@@H](O[C@@H]7O[C@H](CO)[C@H](O)[C@@H](O)[C@@H]7O)[C@@H]6O[C@@H]6O[C@H](CO)[C@H](O)[C@@H]6O)C(C)(C)[C@@H]5CC[C@]24C)[C@@H]3[C@]1(C)O
ZINC000257617408,CC(C)=C[C@@H]1CO[C@]23C[C@]4(CO2)[C@@H](CC[C@H]2[C@]5(C)CC[C@@H](O[C@H]6O[C@@H](CO)[C@H](O)[C@@H](O[C@@H]7O[C@H](CO)[C@@H](O)[C@H](O)[C@@H]7O)[C@@H]6O[C@@H]6O[C@H](CO)[C@H](O)[C@@H]6O)C(C)(C)[C@@H]5CC[C@]24C)[C@@H]3[C@]1(C)O
ZINC000257617409,CC(C)=C[C@@H]1CO[C@]23C[C@]4(CO2)[C@@H](CC[C@H]2[C@]5(C)CC[C@@H](O[C@H]6O[C@@H](CO)[C@H](O)[C@@H](O[C@@H]7O[C@H](CO)[C@H](O)[C@H](O)[C@@H]7O)[C@@H]6O[C@@H]6O[C@H](CO)[C@H](O)[C@@H]6O)C(C)(C)[C@@H]5CC[C@]24C)[C@@H]3[C@]1(C)O
ZINC000257617410,CC(C)=C[C@@H]1CO[C@]23C[C@]4(CO2)[C@@H](CC[C@H]2[C@]5(C)CC[C@@H](O[C@H]6O[C@@H](CO)[C@H](O)[C@@H](O[C@@H]7O[C@H](CO)[C@@H](O)[C@@H](O)[C@@H]7O)[C@@H]6O[C@@H]6O[C@H](CO)[C@H](O)[C@@H]6O)C(C)(C)[C@@H]5CC[C@]24C)[C@@H]3[C@]1(C)O
ZINC000257629481,COc1cc(/C=C/C(=O)O[C@H]2[C@H](CO[C@@H]3O[C@H](CO)[C@@H](O)[C@H](O)[C@@H]3O)O[C@H](OCCc3ccc(O)c(OC)c3)[C@@H](O)[C@@H]2O[C@@H]2O[C@H](C)[C@@H](O)[C@H](O)[C@@H]2O)ccc1O
ZINC000257629482,COc1cc(/C=C/C(=O)O[C@H]2[C@H](CO[C@@H]3O[C@H](CO)[C@@H](O)[C@@H](O)[C@@H]3O)O[C@H](OCCc3ccc(O)c(OC)c3)[C@@H](O)[C@@H]2O[C@@H]2O[C@H](C)[C@@H](O)[C@H](O)[C@@H]2O)ccc1O
ZINC000257629483,COc1cc(/C=C/C(=O)O[C@H]2[C@H](CO[C@@H]3O[C@H](CO)[C@H](O)[C@H](O)[C@@H]3O)O[C@H](OCCc3ccc(O)c(OC)c3)[C@@H](O)[C@@H]2O[C@@H]2O[C@H](C)[C@@H](O)[C@H](O)[C@@H]2O)ccc1O
ZINC000257629684,COc1cc(/C=C/C(=O)O[C@H]2[C@H](CO[C@@H]3O[C@H](CO)[C@H](O)[C@@H](O)[C@@H]3O)O[C@H](OCCc3ccc(O)c(OC)c3)[C@@H](O)[C@@H]2O[C@@H]2O[C@H](C)[C@@H](O)[C@H](O)[C@@H]2O)ccc1O
ZINC000257641827,C[C@H](CCC(=O)O)[C@@H]1CC(=O)[C@]2(C)C3=C(C(=O)C[C@]12C)[C@]1(C)CC[C@H](O)C(C)(C)[C@H]1C[C@H]3O
ZINC000257641828,C[C@H](CCC(=O)O)[C@@H]1CC(=O)[C@]2(C)C3=C(C(=O)C[C@]12C)[C@]1(C)CC[C@H](O)C(C)(C)[C@H]1C[C@@H]3O
ZINC000257641829,C[C@H](CCC(=O)O)[C@@H]1CC(=O)[C@]2(C)C3=C(C(=O)C[C@]12C)[C@]1(C)CC[C@H](O)C(C)(C)[C@@H]1C[C@H]3O
ZINC000257641830,C[C@H](CCC(=O)O)[C@@H]1CC(=O)[C@]2(C)C3=C(C(=O)C[C@]12C)[C@]1(C)CC[C@H](O)C(C)(C)[C@@H]1C[C@@H]3O
ZINC000257682998,CO[C@H]1C[C@H](O[C@H]2CC[C@@]3(C)C(=CC[C@@]4(O)[C@H]3C[C@@H](OC(=O)/C=C(\C)C(C)C)[C@]3(C)[C@](O)(C(C)=O)CC[C@@]34O)C2)O[C@@H](C)[C@H]1O[C@H]1C[C@H](OC)[C@H](O[C@@H]2C[C@H](OC)[C@H](O)[C@@H](C)O2)[C@H](C)O1
ZINC000257682999,CO[C@H]1C[C@@H](O[C@@H]2[C@H](C)O[C@@H](O[C@@H]3[C@H](C)O[C@@H](O[C@H]4CC[C@@]5(C)C(=CC[C@@]6(O)[C@H]5C[C@@H](OC(=O)/C=C(\C)C(C)C)[C@]5(C)[C@](O)(C(C)=O)CC[C@@]56O)C4)C[C@@H]3OC)C[C@@H]2OC)O[C@H](C)[C@@H]1O
ZINC000257683000,CO[C@H]1C[C@@H](O[C@@H]2[C@H](C)O[C@@H](O[C@@H]3[C@H](C)O[C@@H](O[C@H]4CC[C@@]5(C)C(=CC[C@@]6(O)[C@H]5C[C@@H](OC(=O)/C=C(\C)C(C)C)[C@]5(C)[C@](O)(C(C)=O)CC[C@@]56O)C4)C[C@@H]3OC)C[C@@H]2OC)O[C@@H](C)[C@H]1O
ZINC000257683001,CO[C@H]1C[C@@H](O[C@@H]2[C@H](C)O[C@@H](O[C@@H]3[C@H](C)O[C@@H](O[C@H]4CC[C@@]5(C)C(=CC[C@@]6(O)[C@H]5C[C@@H](OC(=O)/C=C(\C)C(C)C)[C@]5(C)[C@](O)(C(C)=O)CC[C@@]56O)C4)C[C@@H]3OC)C[C@@H]2OC)O[C@@H](C)[C@@H]1O
ZINC000257764466,COC(=O)C1=CO[C@@H](O[C@H]2O[C@@H](CO)[C@H](O)[C@@H](O)[C@@H]2O)[C@](O)(CC(=O)O)[C@H]1CC(=O)O
ZINC000257764467,COC(=O)C1=CO[C@@H](O[C@H]2O[C@@H](CO)[C@H](O)[C@@H](O)[C@@H]2O)[C@](O)(CC(=O)O)[C@@H]1CC(=O)O
ZINC000257764468,COC(=O)C1=CO[C@@H](O[C@H]2O[C@@H](CO)[C@H](O)[C@@H](O)[C@@H]2O)[C@@](O)(CC(=O)O)[C@H]1CC(=O)O
ZINC000257764469,COC(=O)C1=CO[C@@H](O[C@H]2O[C@@H](CO)[C@H](O)[C@@H](O)[C@@H]2O)[C@@](O)(CC(=O)O)[C@@H]1CC(=O)O
ZINC000257786070,CC(C)CC[C@]1(O)O[C@H]2[C@@H]([C@H]1C)[C@]1(C)CC[C@@H]3[C@H](CC[C@H]4C[C@@H](O[C@H]5O[C@@H](CO)[C@H](O)[C@@H](O)[C@@H]5O[C@@H]5O[C@H](CO)[C@H](O)[C@@H](O)[C@@H]5O)CC[C@]43C)[C@H]1[C@H]2O
ZINC000257786071,CC(C)CC[C@]1(O)O[C@H]2[C@@H]([C@H]1C)[C@]1(C)CC[C@@H]3[C@H](CC[C@H]4C[C@@H](O[C@H]5O[C@@H](CO)[C@H](O)[C@@H](O)[C@@H]5O[C@@H]5O[C@H](CO)[C@H](O)[C@H](O)[C@@H]5O)CC[C@]43C)[C@H]1[C@H]2O
ZINC000257786072,CC(C)CC[C@]1(O)O[C@H]2[C@@H]([C@H]1C)[C@]1(C)CC[C@@H]3[C@H](CC[C@H]4C[C@@H](O[C@H]5O[C@@H](CO)[C@H](O)[C@@H](O)[C@@H]5O[C@@H]5O[C@H](CO)[C@@H](O)[C@@H](O)[C@@H]5O)CC[C@]43C)[C@H]1[C@H]2O
ZINC000257786073,CC(C)CC[C@]1(O)O[C@H]2[C@@H]([C@H]1C)[C@]1(C)CC[C@@H]3[C@H](CC[C@H]4C[C@@H](O[C@H]5O[C@@H](CO)[C@H](O)[C@@H](O)[C@@H]5O[C@@H]5O[C@H](CO)[C@@H](O)[C@H](O)[C@@H]5O)CC[C@]43C)[C@H]1[C@H]2O
ZINC000257786843,COc1cc2c(c(OC)c1OC)-c1c(cc(O)c(OC)c1OC)C[C@H](C)[C@@](C)(O)[C@H]2OC(=O)c1ccccc1
ZINC000257787835,CC(C)=C[C@H]1CO[C@]23C[C@]4(CO2)[C@@H](CC[C@H]2[C@]5(C)CC[C@@H](O[C@@H]6OC[C@H](O)[C@@H](O[C@H]7O[C@@H](CO)[C@H](O)[C@@H](O)[C@@H]7O)[C@@H]6O[C@@H]6O[C@H](CO)[C@H](O)[C@@H]6O)C(C)(C)[C@@H]5CC[C@]24C)[C@@H]3[C@@]1(C)O
ZINC000257787841,CC(C)=C[C@H]1CO[C@]23C[C@]4(CO2)[C@@H](CC[C@H]2[C@]5(C)CC[C@@H](O[C@@H]6OC[C@H](O)[C@@H](O[C@H]7O[C@@H](CO)[C@H](O)[C@@H](O)[C@@H]7O)[C@@H]6O[C@@H]6O[C@H](CO)[C@H](O)[C@@H]6O)C(C)(C)[C@@H]5CC[C@]24C)[C@@H]3[C@]1(C)O
ZINC000257787848,CC(C)=C[C@@H]1CO[C@]23C[C@]4(CO2)[C@@H](CC[C@H]2[C@]5(C)CC[C@@H](O[C@@H]6OC[C@H](O)[C@@H](O[C@H]7O[C@@H](CO)[C@H](O)[C@@H](O)[C@@H]7O)[C@@H]6O[C@@H]6O[C@H](CO)[C@H](O)[C@@H]6O)C(C)(C)[C@@H]5CC[C@]24C)[C@@H]3[C@]1(C)O
ZINC000257787854,CC(C)=C[C@@H]1CO[C@]23C[C@]4(CO2)[C@@H](CC[C@H]2[C@]5(C)CC[C@@H](O[C@@H]6OC[C@H](O)[C@@H](O[C@H]7O[C@@H](CO)[C@H](O)[C@@H](O)[C@@H]7O)[C@@H]6O[C@@H]6O[C@H](CO)[C@H](O)[C@@H]6O)C(C)(C)[C@@H]5CC[C@]24C)[C@@H]3[C@@]1(C)O
ZINC000263590229,C/C=C(/C)C(=O)O[C@H]1C(C)=C[C@@]23C(=O)[C@@H](C=C(CO)[C@@H](O)[C@]12O)[C@@H]1[C@H](C[C@H]3C)C1(C)C
ZINC000263598119,COc1cc([C@@H]2c3cc4c(cc3[C@H](O)[C@@H](CO)[C@H]2CO)OCO4)cc(OC)c1OC
ZINC000263598120,COc1cc([C@@H]2c3cc4c(cc3[C@H](O)[C@@H](CO)[C@@H]2CO)OCO4)cc(OC)c1OC
ZINC000263619008,C=C(CCC=C(C)C)[C@H]1CC[C@]2(C)[C@@H]1[C@H](O)C[C@@H]1[C@@]3(C)CC[C@H](O[C@@H]4O[C@H](CO)[C@@H](O)[C@H](O)[C@H]4O)C(C)(C)[C@@H]3CC[C@]12C
ZINC000263619260,C[C@H]1[C@H]2[C@H](C[C@H]3[C@@H]4CC=C5C[C@@H](O)C[C@@H](O[C@@H]6O[C@H](C)[C@H](O)[C@H](O[C@@H]7OC[C@@H](O)[C@H](O)[C@H]7O)[C@H]6O[C@@H]6O[C@H](CO)[C@@H](O)[C@H](O)[C@H]6O)[C@]5(C)[C@H]4CC[C@@]32C)O[C@]12CC[C@@H](C)CO2
ZINC000267324878,CC1=C[C@@]23C(=O)[C@@H](C=C(C)[C@@H](O)[C@]2(O)[C@H]1O)[C@H]1[C@@H](C[C@H]3C)C1(C)C
ZINC000299817385,C/C(=C/CC[C@]1(CO)CC[C@]2(C)[C@H](CC[C@@H]3[C@@]4(C)CC[C@H](O[C@@H]5O[C@H](CO)[C@@H](O)[C@H](O)[C@H]5O[C@@H]5OC[C@@H](O)[C@H](O)[C@H]5O)[C@@](C)(CO[C@@H]5O[C@H](CO)[C@@H](O)[C@H](O)[C@H]5O)[C@@H]4CC[C@]32C)[C@H]1O)CO
ZINC000299817386,O=C(/C=C/c1ccc(O)c(O)c1)O[C@H](C(=O)O)[C@H](OC(=O)/C=C/c1ccc(O)c(O)c1)[C@H](OC(=O)/C=C/c1ccc(O)c(O)c1)[C@@H](OC(=O)/C=C/c1ccc(O)c(O)c1)C(=O)O
ZINC000299817387,CC(C)=CCC[C@](C)(O[C@@H]1O[C@H](CO)[C@@H](O)[C@H](O)[C@@H]1O)[C@@H]1CC[C@]2(C)[C@@H]1[C@H](O)C[C@@H]1[C@@]3(C)CC[C@H](O[C@@H]4O[C@H](CO)[C@@H](O)[C@H](O)[C@@H]4O[C@@H]4O[C@H](CO)[C@@H](O)[C@H](O)[C@H]4O)C(C)(C)C3=CC[C@]12C
ZINC000299817388,CC(C)=CCC[C@](C)(O[C@@H]1O[C@H](CO)[C@@H](O)[C@H](O)[C@@H]1O)[C@@H]1CC[C@]2(C)[C@@H]1[C@H](O)C[C@@H]1[C@@]3(C)CC[C@H](O[C@@H]4O[C@H](CO)[C@@H](O)[C@H](O)[C@@H]4O[C@@H]4O[C@@H](CO)[C@@H](O)[C@H](O)[C@H]4O)C(C)(C)C3=CC[C@]12C
ZINC000299817389,CC(C)=CCC[C@](C)(O[C@@H]1O[C@H](CO)[C@@H](O)[C@H](O)[C@@H]1O)[C@@H]1CC[C@]2(C)[C@@H]1[C@H](O)C[C@@H]1[C@@]3(C)CC[C@H](O[C@@H]4O[C@H](CO)[C@@H](O)[C@H](O)[C@@H]4O[C@@H]4O[C@H](CO)[C@@H](O)[C@H](O)[C@@H]4O)C(C)(C)C3=CC[C@]12C
ZINC000299817390,CC(C)=CCC[C@](C)(O[C@@H]1O[C@H](CO)[C@@H](O)[C@H](O)[C@@H]1O)[C@@H]1CC[C@]2(C)[C@@H]1[C@H](O)C[C@@H]1[C@@]3(C)CC[C@H](O[C@@H]4O[C@H](CO)[C@@H](O)[C@H](O)[C@@H]4O[C@@H]4O[C@@H](CO)[C@@H](O)[C@H](O)[C@@H]4O)C(C)(C)C3=CC[C@]12C
ZINC000299817397,C=C1C(=O)O[C@@H]2/C=C(\C)[C@@H](O)C/C=C(/C)C[C@H](OC(=O)/C(C)=C/CO)[C@@H]12
ZINC000299817398,C=C1[C@H]2CC[C@H]3[C@@]4(C)C[C@H](O[C@@H]5O[C@H](CO)[C@@H](OS(=O)(=O)O)[C@H](OS(=O)(=O)O)[C@H]5OC(=O)CC(C)C)CC(C(=O)O)(C(=O)O)[C@H]4CC[C@]3(C2)[C@H]1O
ZINC000299817399,C=C1[C@H](O)[C@@]23CC[C@H]4C(C(=O)O)(C(=O)O)C[C@H](O[C@H]5O[C@@H](CO)[C@H](OS(=O)(=O)O)[C@H](OS(=O)(=O)O)[C@H]5OC(=O)CC(C)C)C[C@]4(C)[C@H]2CC[C@@H]1C3
ZINC000299817400,C=C1[C@H]2CC[C@@H]3[C@@](CC[C@H]4C(C(=O)O)(C(=O)O)C[C@@H](O[C@@H]5O[C@H](CO)[C@@H](OS(=O)(=O)O)[C@H](OS(=O)(=O)O)[C@H]5OC(=O)CC(C)C)C[C@]34C)(C2)[C@H]1O
ZINC000299817403,C=C(CC[C@H](C(=O)O)[C@@H]1CC[C@]2(C)C3=CC[C@H]4C(C)(C)[C@@H](OC(C)=O)CC[C@]4(C)C3=CC[C@]12C)C(C)C
ZINC000299817404,C=C(CC[C@H](C(=O)O)[C@@H]1CC[C@]2(C)C3=CC[C@H]4C(C)(C)[C@H](OC(C)=O)CC[C@]4(C)C3=CC[C@@]12C)C(C)C
ZINC000299817405,C=C(CC[C@H](C(=O)O)[C@@H]1CC[C@]2(C)C3=CC[C@H]4C(C)(C)[C@@H](OC(C)=O)CC[C@]4(C)C3=CC[C@@]12C)C(C)C
ZINC000299817406,C=C(CC[C@H](C(=O)O)[C@@H]1CC[C@]2(C)C3=CC[C@H]4C(C)(C)[C@H](OC(C)=O)CC[C@]4(C)C3=CC[C@]12C)C(C)C
ZINC000299817423,COC[C@@]12CC[C@H](OC)[C@@]34[C@H]1[C@H](OC)[C@@H]([C@H]3N(C)C2)[C@]1(O)[C@H]2[C@H]4C[C@@](O)([C@@H]2O)[C@H](OC)[C@H]1O
ZINC000299817424,COC[C@@]12CC[C@H](OC)[C@@]34[C@H]1[C@@H](OC)[C@@H]([C@H]3N(C)C2)[C@]1(O)[C@H]2[C@H]4C[C@](O)([C@@H](OC)[C@H]1O)[C@@H]2O
ZINC000299817425,COC[C@@]12CC[C@H](OC)[C@@]34[C@H]1[C@H](OC)[C@@H]([C@H]3N(C)C2)[C@]1(O)[C@H]2[C@H]4C[C@](O)([C@@H](OC)[C@H]1O)[C@@H]2O
ZINC000299817426,COC[C@@]12CC[C@H](OC)[C@@]34[C@H]1[C@@H](OC)[C@@H]([C@H]3N(C)C2)[C@]1(O)[C@H]2[C@H]4C[C@@](O)([C@@H]2O)[C@H](OC)[C@H]1O
ZINC000299817435,C=C1[C@H](OC(=O)/C=C(\C)CC)C[C@@H](C(C)C)[C@@H]2[C@@H]([C@H](C)OC(C)=O)C(=O)C[C@@H]12
ZINC000299817437,C=C1C[C@@]23CC[C@H]4[C@@](C)(CCC[C@@]4(C)C(=O)O[C@@H]4O[C@H](CO)[C@@H](O)[C@H](O)[C@H]4O)[C@@H]2CC[C@]1(O[C@@H]1O[C@H](CO)[C@@H](O)[C@H](O[C@@H]2O[C@H](CO)[C@@H](O)[C@H](O)[C@H]2O[C@@H]2O[C@@H](C)[C@H](O)[C@@H](O)[C@H]2O)[C@H]1O)C3
ZINC000299817443,O=c1cc(-c2ccc(O[C@@H]3O[C@H](CO)[C@@H](O)[C@@H](O)[C@H]3O)cc2)oc2c([C@@H]3O[C@H](CO)[C@@H](O)[C@H](O)[C@H]3O)c(O)cc(O)c12
ZINC000299817448,O=c1cc(CCc2ccccc2)oc2c1[C@@H](O)[C@H](O)[C@H](O)[C@H]2O
ZINC000299817453,CO[C@@H]1C[C@H](O[C@H]2CC[C@@]3(C)[C@@H](CC[C@@]45O[C@@]46CC[C@@H](C(C)=O)[C@@]6(C)[C@H](OC(C)=O)[C@@H](OC(=O)C(C)C)[C@H]35)C2)O[C@H](C)[C@H]1O[C@@H]1O[C@H](C)[C@@H](O)[C@@H](OC)[C@H]1O
ZINC000299817454,C[C@H](CC[C@@H](O[C@@H]1O[C@H](CO[C@@H]2O[C@H](CO)[C@@H](O)[C@H](O)[C@H]2O)[C@@H](O)[C@H](O)[C@H]1O[C@@H]1O[C@H](CO)[C@@H](O)[C@H](O)[C@H]1O)C(C)(C)O)[C@H]1CC[C@@]2(C)[C@H]3CC=C4[C@@H](CC[C@H](O)C4(C)C)[C@]3(C)[C@H](O)C[C@]12C
ZINC000299817458,C/C(=C/C(=O)C[C@@H](C)C(=O)O)[C@H]1C[C@H](O)[C@@]2(C)C3=C(C(=O)C[C@]12C)[C@@]1(C)CC[C@H](O)C(C)(C)[C@H]1C[C@@H]3O
ZINC000299817459,C/C(=C/C(=O)C[C@@H](C)C(=O)O)[C@H]1C[C@H](O)[C@@]2(C)C3=C(C(=O)C[C@]12C)[C@@]1(C)CC[C@H](O)C(C)(C)[C@@H]1C[C@@H]3O
ZINC000299817465,C[C@H](CC[C@@H](O[C@@H]1O[C@H](CO[C@@H]2O[C@H](CO)[C@@H](O)[C@H](O)[C@H]2O)[C@@H](O)[C@H](O)[C@H]1O)C(C)(C)O)[C@H]1CC[C@@]2(C)[C@H]3CC=C4[C@@H](CC[C@H](O[C@@H]5O[C@H](CO)[C@@H](O)[C@H](O)[C@H]5O)C4(C)C)[C@]3(C)C(=O)C[C@]12C
ZINC000299817466,COc1cc(OC)cc([C@H]2OC[C@@H]3[C@@H](c4cc(OC)c(OC)c(OC)c4)OC[C@@H]23)c1
ZINC000299817467,COc1cc(OC)cc([C@H]2OC[C@@H]3[C@H](c4cc(OC)c(OC)c(OC)c4)OC[C@H]23)c1
ZINC000299817468,COc1cc(OC)cc([C@H]2OC[C@@H]3[C@@H](c4cc(OC)c(OC)c(OC)c4)OC[C@H]23)c1
ZINC000299817469,COc1cc(OC)cc([C@H]2OC[C@H]3[C@H]2CO[C@H]3c2cc(OC)c(OC)c(OC)c2)c1
ZINC000299817470,COc1cc2c(=O)c(-c3ccc(O)cc3)coc2cc1O[C@@H]1O[C@@H](COC(C)=O)[C@@H](O)[C@H](O)[C@H]1O
ZINC000299817477,CCCCCCCCCCCC(=O)O[C@]12C[C@@H](C)[C@@]34C=C(C)[C@H](O)[C@@]3(O)[C@H](O)C(CO)=C[C@@H](C4=O)[C@H]1C2(C)C
ZINC000299817478,CCCCCCCCCCCC(=O)O[C@]12C[C@H](C)[C@@]34C=C(C)[C@H](O)[C@@]3(O)[C@H](O)C(CO)=C[C@@H](C4=O)[C@@H]1C2(C)C
ZINC000299817479,CCCCCCCCCCCC(=O)O[C@]12C[C@H](C)[C@@]34C=C(C)[C@H](O)[C@@]3(O)[C@H](O)C(CO)=C[C@@H](C4=O)[C@H]1C2(C)C
ZINC000299817480,CCCCCCCCCCCC(=O)O[C@]12C[C@@H](C)[C@@]34C=C(C)[C@H](O)[C@@]3(O)[C@H](O)C(CO)=C[C@@H](C4=O)[C@@H]1C2(C)C
ZINC000299817483,COc1cc(/C=C/C(=O)OC[C@H]2O[C@H](O[C@@]3(CO)O[C@@H](CO)[C@H](O)[C@H]3OC(=O)/C=C/c3cc(OC)c(O)c(OC)c3)[C@H](O)[C@@H](O)[C@@H]2O)cc(OC)c1O
ZINC000299817484,CO[C@H]1[C@@H](O)[C@@H](C)O[C@@H](O[C@H]2[C@@H](OC)C[C@H](O[C@H]3[C@@H](O)C[C@H](O[C@H]4[C@@H](OC)C[C@H](O[C@@H]5[C@@H](C)OC(=O)C[C@H]5OC)O[C@@H]4C)O[C@H]3C)O[C@@H]2C)[C@@H]1OC(C)=O
ZINC000299817485,CC(=O)O[C@@H]1CC[C@]2(C)C3=C(CC[C@@H]2C1(C)C)[C@@]1(C)CC[C@H]([C@@H](CCC=C(C)C)C(=O)O)[C@@]1(C)CC3
ZINC000299817486,CC(=O)O[C@@H]1CC[C@]2(C)C3=C(CC[C@@H]2C1(C)C)[C@@]1(C)CC[C@H]([C@H](CCC=C(C)C)C(=O)O)[C@@]1(C)CC3
ZINC000299817488,CC(C)=CCC[C@](C)(O)[C@@H]1CC[C@]2(C)[C@@H]1[C@H](O)C[C@@H]1[C@@]3(C)CC[C@H](O)C(C)(C)[C@@H]3[C@H](O[C@@H]3O[C@H](CO)[C@@H](O)[C@@H](O)[C@H]3O[C@H]3OC[C@H](O)[C@@H](O)[C@@H]3O)C[C@]12C
ZINC000299817489,CC(C)=CCC[C@](C)(O)[C@@H]1CC[C@]2(C)[C@@H]1[C@H](O)C[C@@H]1[C@@]3(C)CC[C@H](O)C(C)(C)[C@@H]3[C@H](O[C@@H]3O[C@H](CO)[C@@H](O)[C@@H](O)[C@H]3O[C@H]3OC[C@H](O)[C@H](O)[C@@H]3O)C[C@]12C
ZINC000299817490,CC(C)=CCC[C@](C)(O)[C@@H]1CC[C@]2(C)[C@@H]1[C@H](O)C[C@@H]1[C@@]3(C)CC[C@H](O)C(C)(C)[C@@H]3[C@H](O[C@@H]3O[C@H](CO)[C@@H](O)[C@H](O)[C@H]3O[C@H]3OC[C@H](O)[C@H](O)[C@@H]3O)C[C@]12C
ZINC000299817491,CC(C)=CCC[C@](C)(O)[C@@H]1CC[C@]2(C)[C@@H]1[C@H](O)C[C@@H]1[C@@]3(C)CC[C@H](O)C(C)(C)[C@@H]3[C@H](O[C@@H]3O[C@H](CO)[C@@H](O)[C@H](O)[C@H]3O[C@H]3OC[C@H](O)[C@@H](O)[C@@H]3O)C[C@]12C
ZINC000299817498,C[C@H]1O[C@@H](O[C@@H]2[C@@H](O)[C@H](OCCc3ccc(O)c(O)c3)O[C@H](CO[C@@H]3O[C@@H](CO)[C@H](O)[C@@H](O)[C@@H]3O)[C@H]2OC(=O)/C=C/c2ccc(O)c(O)c2)[C@H](O)[C@@H](O)[C@H]1O
ZINC000299817499,CC1(C)[C@@H](O)CC[C@]2(C)C3=C([C@@H](O)C[C@@H]12)[C@]1(C)C(=O)C[C@H]([C@@]2(C)CCC(=O)O2)[C@@]1(C)CC3=O
ZINC000299817500,CC1(C)[C@@H](O)CC[C@]2(C)C3=C([C@@H](O)C[C@H]12)[C@]1(C)C(=O)C[C@H]([C@@]2(C)CCC(=O)O2)[C@@]1(C)CC3=O
ZINC000299817507,OC[C@H]1O[C@@H](Oc2cc(O)cc(/C=C/c3ccc(O)cc3O)c2)[C@@H](O)[C@@H](O)[C@@H]1O
ZINC000299817508,OC[C@H]1O[C@@H](Oc2cc(O)cc(/C=C/c3ccc(O)cc3O)c2)[C@H](O)[C@@H](O)[C@H]1O
ZINC000299817509,OC[C@H]1O[C@@H](Oc2cc(O)cc(/C=C/c3ccc(O)cc3O)c2)[C@@H](O)[C@@H](O)[C@H]1O
ZINC000299817511,CCN1C[C@]2(COC)[C@H](O)C[C@H](OC)[C@@]34[C@H]1[C@@H]([C@H](OC)[C@@H]32)[C@@]1(OC(C)=O)[C@@H](O)[C@H](OC)[C@@]2(O)C[C@]4(O)[C@@H]1[C@H]2OC(=O)c1ccccc1
ZINC000299817512,O=P(O)(O)O[C@H]1C[C@H](OP(=O)(O)O)[C@H](OP(=O)(O)O)[C@@H](OP(=O)(O)O)C1
ZINC000299817513,O=P(O)(O)O[C@H]1C[C@@H](OP(=O)(O)O)C[C@@H](OP(=O)(O)O)[C@H]1OP(=O)(O)O
ZINC000299817514,O=P(O)(O)O[C@H]1C[C@@H](OP(=O)(O)O)C[C@@H](OP(=O)(O)O)[C@@H]1OP(=O)(O)O
ZINC000299817515,O=P(O)(O)O[C@@H]1C[C@H](OP(=O)(O)O)[C@H](OP(=O)(O)O)[C@@H](OP(=O)(O)O)C1
ZINC000299817516,COC[C@@]12CN(C)[C@H]3[C@H]4[C@H](OC)[C@H]1[C@@]3([C@H](OC)C[C@@H]2O)[C@@H]1C[C@]2(O)[C@@H](OC)[C@@H](O)[C@@]4(O)[C@@H]1[C@H]2O
ZINC000299817517,COC[C@@]12CN(C)[C@H]3[C@H]4[C@H](OC)[C@H]1[C@@]3([C@H](OC)C[C@@H]2O)[C@@H]1C[C@]2(O)[C@@H](OC)[C@H](O)[C@@]4(O)[C@@H]1[C@H]2O
ZINC000299817518,COC[C@@]12CN(C)[C@H]3[C@H]4[C@H](OC)[C@H]1[C@@]3([C@H](OC)C[C@@H]2O)[C@@H]1C[C@@]2(O)[C@H](O)[C@H]1[C@]4(O)[C@H](O)[C@H]2OC
ZINC000299817519,COC[C@@]12CN(C)[C@H]3[C@H]4[C@H](OC)[C@H]1[C@@]3([C@H](OC)C[C@@H]2O)[C@@H]1C[C@@]2(O)[C@H](O)[C@H]1[C@]4(O)[C@@H](O)[C@H]2OC
ZINC000299817523,C=C(C)[C@@H]1CC[C@@H]2C(=C[C@@H]3C(=C)[C@H]([C@H](C)CC/C=C(\C)C(=O)O)CC[C@@]32C)[C@]1(C)CCC(=O)O
ZINC000299817524,C=C(C)[C@@H]1CC[C@@H]2C(=C[C@@H]3C(=C)[C@H]([C@H](C)CC/C=C(\C)C(=O)O)CC[C@@]32C)[C@@]1(C)CCC(=O)O
ZINC000299817525,C=C(C)[C@@H]1CC[C@@H]2C(=C[C@@H]3C(=C)[C@H]([C@H](C)CC/C=C(\C)C(=O)O)CC[C@]32C)[C@@]1(C)CCC(=O)O
ZINC000299817526,C=C1[C@H]([C@H](C)CC/C=C(\C)C(=O)O)CC[C@]2(C)[C@@H]1C=C1[C@H]2CC[C@@H](C(=C)C)[C@@]1(C)CCC(=O)O
ZINC000299817536,O=C(O[C@@H]1[C@H](O)[C@H](Oc2cc(O)c3c(c2)O[C@@H](c2ccccc2)CC3=O)O[C@@H]2COC(=O)c3cc(O)c(O)c(O)c3-c3c(cc(O)c(O)c3O)C(=O)O[C@H]21)c1cc(O)c(O)c(O)c1
ZINC000299817537,O=C(O[C@@H]1[C@H](O)[C@H](Oc2cc(O)c3c(c2)O[C@@H](c2ccccc2)CC3=O)O[C@@H]2COC(=O)c3cc(O)c(O)c(O)c3-c3c(cc(O)c(O)c3O)C(=O)O[C@@H]21)c1cc(O)c(O)c(O)c1
ZINC000299817538,C[C@H]1O[C@@H](Oc2cc(O)c3c(c2)O[C@@H](c2ccc(O)c(O)c2)[C@H](O)C3=O)[C@H](O)[C@@H](O)[C@H]1O
ZINC000299817541,C=C1C(=O)O[C@@H]2/C=C(\C)[C@@H](OC(C)=O)C/C=C(/COC(C)=O)C[C@H](OC(=O)/C(C)=C/CO)[C@@H]12
ZINC000299817547,CC(=O)O[C@@H]1CC/C(C)=C\CC/C(C)=C/C[C@@]2(C(C)C)CC[C@@]1(C)O2
ZINC000299817548,CC(=O)O[C@H]1CC/C(C)=C\CC/C(C)=C/C[C@@]2(C(C)C)CC[C@@]1(C)O2
ZINC000299817549,CC(=O)O[C@@H]1CO[C@@H](O[C@H]2CC[C@]34C[C@]35CC[C@]3(C)[C@@H]([C@@]6(C)CC[C@H](C(C)(C)O)O6)[C@@H](O)C[C@@]3(C)[C@@H]5C[C@@H](O[C@@H]3O[C@H](CO)[C@@H](O)[C@H](O)[C@H]3O)[C@H]4C2(C)C)[C@H](OC(C)=O)[C@H]1O
ZINC000299817550,CC(=O)O[C@@H]1CO[C@@H](O[C@H]2CC[C@]34C[C@]35CC[C@]3(C)[C@@H]([C@@]6(C)CC[C@H](C(C)(C)O)O6)[C@@H](O)C[C@@]3(C)[C@@H]5C[C@@H](O[C@@H]3O[C@H](CO)[C@@H](O)[C@H](O)[C@H]3O)[C@@H]4C2(C)C)[C@H](OC(C)=O)[C@H]1O
ZINC000299817555,C=C1C(=O)O[C@@H]2[C@@H]1CC[C@]1(C)O[C@@]13CC[C@@](C)(O)[C@@H]23
ZINC000299817556,C=C1C(=O)O[C@H]2[C@H]3[C@](C)(O)CC[C@@]34O[C@@]4(C)CC[C@H]12
ZINC000299817557,C=C1C(=O)O[C@H]2[C@@H]3[C@]4(CC[C@@]3(C)O)O[C@@]4(C)CC[C@H]12
ZINC000299817558,C=C1C(=O)O[C@@H]2[C@@H]1CC[C@]1(C)O[C@]13CC[C@@](C)(O)[C@@H]23
ZINC000299817559,C[C@H]1CC[C@@H]2N(C1)C[C@H]1[C@@H]3C[C@H]4[C@@H](CC(=O)[C@H]5C[C@H](O)CC[C@@]54C)[C@@H]3CC[C@H]1[C@]2(C)O
ZINC000299817561,COC(=O)[C@@]12OC[C@@]34[C@H](C[C@@H]5C(C)=C(O)C(=O)C[C@]5(C)[C@@H]3[C@@H](O)[C@H]1O)OC(=O)[C@@H](OC(=O)/C=C(\C)C(C)C)[C@H]24
ZINC000299817562,COC(=O)[C@@]12OC[C@@]34[C@H](C[C@@H]5C(C)=C(O)C(=O)C[C@]5(C)[C@@H]3[C@@H](O)[C@H]1O)OC(=O)[C@@H](OC(=O)/C=C(\C)C(C)C)[C@@H]24
ZINC000299817563,COC(=O)[C@@]12OC[C@@]34[C@H](C[C@@H]5C(C)=C(O)C(=O)C[C@]5(C)[C@@H]3[C@@H](O)[C@H]1O)OC(=O)[C@H](OC(=O)/C=C(\C)C(C)C)[C@H]24
ZINC000299817564,COC(=O)[C@@]12OC[C@@]34[C@H](C[C@@H]5C(C)=C(O)C(=O)C[C@]5(C)[C@@H]3[C@@H](O)[C@H]1O)OC(=O)[C@H](OC(=O)/C=C(\C)C(C)C)[C@@H]24
ZINC000299817565,CC(C)[C@H](C)[C@@H](O)[C@H](O)[C@@H](C)[C@@H]1CC[C@@H]2[C@@H]3COC(=O)[C@@H]4C[C@H](O)[C@H](O)C[C@]4(C)[C@@H]3CC[C@]12C
ZINC000299817566,CC(C)[C@H](C)[C@@H](O)[C@H](O)[C@@H](C)[C@@H]1CC[C@@H]2[C@@H]3COC(=O)[C@H]4C[C@H](O)[C@H](O)C[C@]4(C)[C@@H]3CC[C@]12C
ZINC000299817567,CC(C)[C@H](C)[C@@H](O)[C@H](O)[C@@H](C)[C@@H]1CC[C@@H]2[C@@H]3COC(=O)[C@@H]4C[C@H](O)[C@H](O)C[C@]4(C)[C@H]3CC[C@]12C
ZINC000299817568,CC(C)[C@H](C)[C@@H](O)[C@H](O)[C@@H](C)[C@@H]1CC[C@@H]2[C@@H]3COC(=O)[C@H]4C[C@H](O)[C@H](O)C[C@]4(C)[C@H]3CC[C@]12C
ZINC000299817569,C[C@@H]1O[C@H](OC[C@@H]2O[C@H](Oc3c(-c4ccc(OCCO)c(OCCO)c4)oc4cc(OCCO)cc(O)c4c3=O)[C@H](O)[C@H](O)[C@H]2O)[C@H](O)[C@@H](O)[C@H]1O
ZINC000299817570,C[C@@H]1O[C@H](OC[C@@H]2O[C@H](Oc3c(-c4ccc(OCCO)c(OCCO)c4)oc4cc(OCCO)cc(O)c4c3=O)[C@H](O)[C@H](O)[C@H]2O)[C@H](O)[C@H](O)[C@H]1O
ZINC000299817571,C[C@@H]1O[C@H](OC[C@@H]2O[C@H](Oc3c(-c4ccc(OCCO)c(OCCO)c4)oc4cc(OCCO)cc(O)c4c3=O)[C@H](O)[C@H](O)[C@H]2O)[C@H](O)[C@H](O)[C@@H]1O
ZINC000299817572,C[C@@H]1O[C@H](OC[C@@H]2O[C@H](Oc3c(-c4ccc(OCCO)c(OCCO)c4)oc4cc(OCCO)cc(O)c4c3=O)[C@H](O)[C@H](O)[C@H]2O)[C@H](O)[C@@H](O)[C@@H]1O
ZINC000299817574,C=C[C@H]1[C@H]2C=C(C)C[C@]1(N)c1ccc(O)nc1C2
ZINC000299817581,C/C(=C/C(=O)C[C@H](C)C(=O)O)[C@@H]1CC(=O)[C@@]2(C)C3=C(C(=O)C[C@]12C)[C@@]1(C)CCC(=O)C(C)(C)[C@@H]1C[C@@H]3O
ZINC000299817582,C/C(=C/C(=O)C[C@H](C)C(=O)O)[C@H]1CC(=O)[C@@]2(C)C3=C(C(=O)C[C@]12C)[C@@]1(C)CCC(=O)C(C)(C)[C@H]1C[C@@H]3O
ZINC000299817583,C/C(=C/C(=O)C[C@H](C)C(=O)O)[C@@H]1CC(=O)[C@@]2(C)C3=C(C(=O)C[C@]12C)[C@@]1(C)CCC(=O)C(C)(C)[C@H]1C[C@@H]3O
ZINC000299817585,CC1=C[C@@]23C(=O)[C@@H](C=C4COC(C)(C)O[C@H]4[C@@]24OC(C)(C)O[C@@H]14)[C@@H]1[C@@H](C[C@H]3C)C1(C)C
ZINC000299817586,CC1=C[C@@]23C(=O)[C@@H](C=C4COC(C)(C)O[C@H]4[C@@]24OC(C)(C)O[C@@H]14)[C@H]1[C@H](C[C@H]3C)C1(C)C
ZINC000299817587,CC1=C[C@@]23C(=O)[C@@H](C=C4COC(C)(C)O[C@H]4[C@@]24OC(C)(C)O[C@@H]14)[C@@H]1[C@H](C[C@H]3C)C1(C)C
ZINC000299817610,C[C@H](CC[C@@H](O[C@@H]1O[C@H](CO[C@@H]2O[C@H](CO)[C@@H](O)[C@H](O)[C@H]2O)[C@@H](O)[C@H](O)[C@H]1O)C(C)(C)O)[C@H]1CC[C@@]2(C)[C@H]3CC=C4[C@@H](CC[C@H](O[C@@H]5O[C@H](CO)[C@@H](O)[C@H](O)[C@H]5O)C4(C)C)[C@]3(C)[C@H](O)C[C@]12C
ZINC000299817619,COC(=O)[C@H]1O[C@@H](O[C@H]2CC[C@@]3(C)[C@@H](CC[C@]4(C)[C@@H]3CC=C3[C@@H]5CC(C)(C)CC[C@]5(C(=O)O)CC[C@]34C)[C@]2(C)C=O)[C@H](O)[C@@H](O)[C@@H]1O
ZINC000299817623,COC(=O)[C@@]12OC[C@@]34[C@H](C[C@@H]5C(C)=C(O)C(=O)C[C@]5(C)[C@@H]3[C@@H](O)[C@@H]1O)OC(=O)[C@H](OC(=O)CC(C)C)[C@@H]24
ZINC000299817624,COC(=O)[C@@]12OC[C@@]34[C@H](C[C@@H]5C(C)=C(O)C(=O)C[C@]5(C)[C@@H]3[C@@H](O)[C@@H]1O)OC(=O)[C@@H](OC(=O)CC(C)C)[C@H]24
ZINC000299817625,COC(=O)[C@@]12OC[C@@]34[C@H](C[C@@H]5C(C)=C(O)C(=O)C[C@]5(C)[C@@H]3[C@@H](O)[C@@H]1O)OC(=O)[C@H](OC(=O)CC(C)C)[C@H]24
ZINC000299817626,COC(=O)[C@@]12OC[C@@]34[C@H](C[C@@H]5C(C)=C(O)C(=O)C[C@]5(C)[C@@H]3[C@@H](O)[C@@H]1O)OC(=O)[C@@H](OC(=O)CC(C)C)[C@@H]24
ZINC000299817632,C[C@@H]1O[C@@H](O[C@H]2[C@H](Oc3cc(O)c4c(=O)cc(-c5ccc(O)cc5)oc4c3)O[C@H](CO[C@@H]3O[C@H](CO)[C@@H](O)[C@H](O)[C@H]3O)[C@@H](O)[C@@H]2O)[C@H](O)[C@H](O)[C@H]1O
ZINC000299817643,C[C@@H](CC(=O)C[C@@H](C)[C@H]1CC(=O)[C@@]2(C)C3=C(C(=O)[C@@H](O)[C@]12C)[C@@]1(C)CCC(=O)C(C)(C)[C@H]1CC3=O)C(=O)O
ZINC000299817644,C[C@H](CC(=O)C[C@@H](C)[C@H]1CC(=O)[C@@]2(C)C3=C(C(=O)[C@@H](O)[C@]12C)[C@@]1(C)CCC(=O)C(C)(C)[C@H]1CC3=O)C(=O)O
ZINC000299817645,CC1=CC(=O)[C@@H](O)[C@@]2(C)[C@H]1C[C@H]1OC(=O)[C@H](O)[C@@]3(O)[C@]4(CO4)[C@@H](O)[C@@]4(O)OC[C@]13[C@@H]24
ZINC000299817649,O=C1C[C@H](O[C@H]2O[C@H](CO)[C@@H](O)[C@H](O)[C@H]2O)CO1
ZINC000299817650,O=C1C[C@@H](O[C@H]2O[C@H](CO)[C@@H](O)[C@H](O)[C@H]2O)CO1
ZINC000299817651,C[C@@H]1O[C@H](O[C@@H](C)[C@@]2(O)CC[C@H]3[C@@H]4CC=C5C[C@@H](O)CC[C@]5(C)[C@H]4CC[C@@]32C)C[C@H](O)[C@@H]1O
ZINC000299817661,C[C@H]1CC[C@@H]2[C@H](C)[C@@H]3CC[C@@H]4[C@H](C[C@@H]5[C@@H]4CC(=O)[C@H]4C[C@@H](O)CC[C@@]45C)[C@H]3CN2C1
ZINC000299817662,C[C@H]1CC[C@@H]2[C@H](C)[C@@H]3CC[C@@H]4[C@H](C[C@@H]5[C@@H]4CC(=O)[C@@H]4C[C@@H](O)CC[C@@]45C)[C@@H]3CN2C1
ZINC000299817663,C[C@H]1CC[C@@H]2[C@H](C)[C@@H]3CC[C@@H]4[C@H](C[C@@H]5[C@@H]4CC(=O)[C@@H]4C[C@@H](O)CC[C@@]45C)[C@H]3CN2C1
ZINC000299817680,CC1=CC(=O)[C@@H](O)[C@@]2(C)[C@H]1CC(=O)[C@]1(C)[C@@H]3C(=O)O[C@@H]([C@@H]3C)[C@H](O)[C@H]21
ZINC000299817690,CC1=C[C@@]23C(=O)[C@@H](C=C4COC(C)(C)O[C@H]4[C@]2(O)[C@H]1O)[C@H]1[C@H](C[C@H]3C)C1(C)C
ZINC000299817691,CC1=C[C@@]23C(=O)[C@@H](C=C4COC(C)(C)O[C@H]4[C@]2(O)[C@H]1O)[C@H]1[C@@H](C[C@H]3C)C1(C)C
ZINC000299817692,CC1=C[C@@]23C(=O)[C@@H](C=C4COC(C)(C)O[C@H]4[C@]2(O)[C@H]1O)[C@@H]1[C@H](C[C@H]3C)C1(C)C
ZINC000299817693,CC1=C[C@@]23C(=O)[C@@H](C=C4COC(C)(C)O[C@H]4[C@]2(O)[C@H]1O)[C@@H]1[C@@H](C[C@H]3C)C1(C)C
ZINC000299817703,OC[C@H]1O[C@@H](Oc2cc(O)cc(/C=C/c3ccc(O)c(O)c3)c2)[C@H](O)[C@@H](O)[C@H]1O
ZINC000299817708,CC(C)=CC/C=C(\C)[C@H]1CC[C@]2(C)[C@H]1[C@H](O)C[C@H]1[C@@]3(C)CC[C@H](O[C@H]4O[C@@H](CO)[C@H](O)[C@@H](O)[C@@H]4O)C(C)(C)[C@H]3CC[C@]12C
ZINC000299817709,CC(C)=CC/C=C(\C)[C@H]1CC[C@]2(C)[C@@H]1[C@H](O)C[C@H]1[C@@]3(C)CC[C@H](O[C@H]4O[C@@H](CO)[C@H](O)[C@@H](O)[C@@H]4O)C(C)(C)[C@H]3CC[C@]12C
ZINC000299817710,CC(C)=CC/C=C(\C)[C@H]1CC[C@]2(C)[C@@H]1[C@H](O)C[C@@H]1[C@@]3(C)CC[C@H](O[C@H]4O[C@@H](CO)[C@H](O)[C@@H](O)[C@@H]4O)C(C)(C)[C@H]3CC[C@]12C
ZINC000299817711,CC(C)=CC/C=C(\C)[C@H]1CC[C@]2(C)[C@H]1[C@H](O)C[C@@H]1[C@@]3(C)CC[C@H](O[C@H]4O[C@@H](CO)[C@H](O)[C@@H](O)[C@@H]4O)C(C)(C)[C@H]3CC[C@]12C
ZINC000299817717,O=C(C[C@@](O)(CC(=O)OCc1ccc(O[C@H]2O[C@@H](CO)[C@H](O)[C@@H](O)[C@@H]2O)cc1)C(=O)O)OCc1ccc(O[C@@H]2O[C@H](CO)[C@@H](O)[C@@H](O)[C@@H]2O)cc1
ZINC000299817718,O=C(C[C@@](O)(CC(=O)OCc1ccc(O[C@H]2O[C@@H](CO)[C@H](O)[C@@H](O)[C@@H]2O)cc1)C(=O)O)OCc1ccc(O[C@@H]2O[C@H](CO)[C@@H](O)[C@H](O)[C@@H]2O)cc1
ZINC000299817719,O=C(C[C@@](O)(CC(=O)OCc1ccc(O[C@H]2O[C@@H](CO)[C@H](O)[C@@H](O)[C@@H]2O)cc1)C(=O)O)OCc1ccc(O[C@@H]2O[C@H](CO)[C@H](O)[C@H](O)[C@@H]2O)cc1
ZINC000299817720,O=C(C[C@@](O)(CC(=O)OCc1ccc(O[C@H]2O[C@@H](CO)[C@H](O)[C@@H](O)[C@@H]2O)cc1)C(=O)O)OCc1ccc(O[C@@H]2O[C@H](CO)[C@H](O)[C@@H](O)[C@@H]2O)cc1
ZINC000299817722,COc1cc(/C=C/C(=O)O[C@@H]2[C@H](O)[C@@H](CO)O[C@@]2(CO)O[C@H]2O[C@H](CO)[C@@H](O)[C@H](O)[C@H]2O)cc(OC)c1OC
ZINC000299817729,O=c1cc(-c2ccc(O)c(O)c2)oc2c([C@@H]3O[C@H](CO)[C@H](O)[C@H](O)[C@@H]3O[C@H]3O[C@H](CO)[C@H](O)[C@@H](O)[C@@H]3O)c(O)cc(O)c12
ZINC000299817730,O=c1cc(-c2ccc(O)c(O)c2)oc2c([C@@H]3O[C@H](CO)[C@H](O)[C@H](O)[C@@H]3O[C@H]3O[C@H](CO)[C@@H](O)[C@H](O)[C@@H]3O)c(O)cc(O)c12
ZINC000299817731,O=c1cc(-c2ccc(O)c(O)c2)oc2c([C@@H]3O[C@H](CO)[C@H](O)[C@H](O)[C@@H]3O[C@H]3O[C@H](CO)[C@@H](O)[C@@H](O)[C@@H]3O)c(O)cc(O)c12
ZINC000299817732,O=c1cc(-c2ccc(O)c(O)c2)oc2c([C@@H]3O[C@H](CO)[C@H](O)[C@H](O)[C@@H]3O[C@H]3O[C@H](CO)[C@H](O)[C@H](O)[C@@H]3O)c(O)cc(O)c12
ZINC000299817735,COc1ccc(-c2coc3cc(O[C@@H]4O[C@H](CO[C@@H]5OC[C@H](O)[C@H](O)[C@@H]5O)[C@@H](O)[C@H](O)[C@H]4O)c(OC)c(O)c3c2=O)cc1
ZINC000299817744,CC(C)=CCC/C(C)=C/Cc1c(O)c(CC=C(C)C)c2c(c1O)C(=O)C1=C[C@H]3C[C@@H]4C(C)(C)O[C@@](C/C=C(/C)C(=O)O)(C3=O)[C@@]14O2
ZINC000299817746,C[C@@H](CC(=O)C[C@@H](C)[C@H]1C[C@H](O)[C@@]2(C)C3=C(C(=O)C[C@]12C)[C@@]1(C)CC[C@H](O)C(C)(C)[C@H]1C[C@@H]3O)C(=O)O
ZINC000299817748,C[C@@H]1O[C@@H](O[C@@H]2CC3=CC[C@H]4[C@@H]5C[C@@H]6O[C@]7(CC[C@@H](C)CO7)[C@@H](C)[C@@H]6[C@@]5(C)CC[C@@H]4[C@@]3(C)[C@H](O[C@@H]3O[C@H](C)[C@H](O)[C@H](O)[C@H]3O)C2)[C@H](O)[C@H](O)[C@H]1O
ZINC000299817749,C[C@@H]1O[C@@H](O[C@H]2[C@H](O[C@H]3CC[C@@]4(C)[C@@H](CC[C@]5(C)[C@@H]4CC=C4[C@@H]6CC(C)(C)CC[C@]6(C(=O)O)CC[C@]45CO)C3(C)C)OC[C@H](O[C@@H]3O[C@H](CO)[C@@H](O)[C@H](O)[C@H]3O)[C@@H]2O)[C@H](O)[C@H](O)[C@H]1O
ZINC000299817751,CC1=C(CC[C@H](C)CO[C@@H]2O[C@H](CO)[C@@H](O)[C@H](O)[C@H]2O)O[C@H]2C[C@H]3[C@@H]4CC[C@@H]5C[C@@H](O[C@@H]6O[C@H](CO)[C@@H](O)[C@H](O)[C@H]6O[C@@H]6O[C@H](CO)[C@@H](O)[C@H](O)[C@H]6O)CC[C@]5(C)[C@H]4CC[C@]3(C)[C@@H]12
ZINC000299817753,C[C@H]1O[C@H](O[C@H]2[C@@H](O[C@H]3O[C@@H](CO)[C@H](O)[C@@H](O)[C@@H]3O)[C@@H](O)CO[C@@H]2O[C@@H]2CC[C@]3(C)[C@@H](CC[C@]4(C)[C@@H]3C=CC3=C5[C@@]6(CC[C@@](C)(OC6=O)[C@@]5(C)O)CC[C@@]34C)C2(C)C)[C@H](O)[C@@H](O)[C@@H]1O
ZINC000299817757,CC(=O)OC[C@]12[C@H](OC(C)=O)[C@H](OC(C)=O)[C@@H]3[C@@H](OC(C)=O)[C@@]14O[C@@]3(C)COC(=O)c1cccnc1CC[C@@](C)(OC(=O)c1ccoc1)C(=O)O[C@@H]([C@H](OC(=O)c1ccoc1)[C@@H]2OC(C)=O)[C@]4(C)O
ZINC000299817763,COc1cc(C[C@H](CO[C@H]2O[C@H](CO)[C@@H](O)[C@H](O)[C@H]2O)[C@@H](CO[C@@H]2O[C@H](CO)[C@@H](O)[C@H](O)[C@H]2O)Cc2ccc(O)c(OC)c2)ccc1O
ZINC000299817764,COc1cc(C[C@H](CO[C@@H]2O[C@H](CO)[C@@H](O)[C@H](O)[C@H]2O)[C@H](CO[C@H]2O[C@H](CO)[C@@H](O)[C@H](O)[C@H]2O)Cc2ccc(O)c(OC)c2)ccc1O
ZINC000299817766,COc1c2c(cc3oc(C)cc(=O)c13)O[C@H](C(C)(C)O[C@@H]1O[C@H](CO[C@@H]3OC[C@](O)(CO)[C@H]3O)[C@@H](O)[C@H](O)[C@H]1O)C2
ZINC000299817767,C[C@H](CC[C@@H](O)C(C)(C)O)[C@H]1CC[C@@]2(C)[C@H]3CC=C4[C@@H](CC[C@H](O[C@@H]5O[C@H](CO[C@@H]6O[C@H](CO)[C@@H](O)[C@H](O)[C@H]6O)[C@@H](O)[C@H](O)[C@H]5O)C4(C)C)[C@]3(C)[C@H](O)C[C@]12C
ZINC000299817774,C[C@@H](CC[C@]1(O)O[C@H]2C[C@H]3[C@@H]4CC[C@@H]5C[C@@H](O[C@@H]6O[C@H](CO)[C@@H](O)[C@H](O)[C@H]6O[C@@H]6O[C@H](CO)[C@@H](O)[C@H](O)[C@H]6O)CC[C@]5(C)[C@H]4CC[C@]3(C)[C@H]2[C@@H]1C)CO[C@@H]1O[C@H](CO)[C@@H](O)[C@H](O)[C@H]1O
ZINC000299817784,C/C=C(/C)C(=O)O[C@H]1C(C)=C[C@@]23C(=O)[C@@H](C=C4COC(C)(C)O[C@H]4[C@]12O)[C@@H]1[C@@H](C[C@H]3C)C1(C)C
ZINC000299817785,C/C=C(/C)C(=O)O[C@H]1C(C)=C[C@@]23C(=O)[C@@H](C=C4COC(C)(C)O[C@H]4[C@]12O)[C@H]1[C@@H](C[C@H]3C)C1(C)C
ZINC000299817786,C/C=C(/C)C(=O)O[C@H]1C(C)=C[C@@]23C(=O)[C@@H](C=C4COC(C)(C)O[C@H]4[C@]12O)[C@H]1[C@H](C[C@H]3C)C1(C)C
ZINC000299817787,C/C=C(/C)C(=O)O[C@H]1C(C)=C[C@@]23C(=O)[C@@H](C=C4COC(C)(C)O[C@H]4[C@]12O)[C@@H]1[C@H](C[C@H]3C)C1(C)C
ZINC000299817794,C[C@@H](CC[C@@H](O[C@H]1O[C@@H](CO)[C@H](O)[C@@H](O)[C@@H]1O)C(C)(C)O)[C@@H]1CC[C@@]2(C)[C@@H]3CC=C4[C@H](CC[C@H](O[C@@H]5O[C@H](CO)[C@@H](O)[C@H](O)[C@@H]5O)C4(C)C)[C@]3(C)C(=O)C[C@]12C
ZINC000299817795,C[C@@H](CC[C@@H](O[C@H]1O[C@@H](CO)[C@H](O)[C@@H](O)[C@@H]1O)C(C)(C)O)[C@@H]1CC[C@@]2(C)[C@@H]3CC=C4[C@H](CC[C@H](O[C@@H]5O[C@H](CO)[C@H](O)[C@@H](O)[C@@H]5O)C4(C)C)[C@]3(C)C(=O)C[C@]12C
ZINC000299817796,C[C@@H](CC[C@@H](O[C@H]1O[C@@H](CO)[C@H](O)[C@@H](O)[C@@H]1O)C(C)(C)O)[C@@H]1CC[C@@]2(C)[C@@H]3CC=C4[C@H](CC[C@H](O[C@@H]5O[C@H](CO)[C@H](O)[C@H](O)[C@@H]5O)C4(C)C)[C@]3(C)C(=O)C[C@]12C
ZINC000299817797,C[C@@H](CC[C@@H](O[C@H]1O[C@@H](CO)[C@H](O)[C@@H](O)[C@@H]1O)C(C)(C)O)[C@@H]1CC[C@@]2(C)[C@@H]3CC=C4[C@H](CC[C@H](O[C@@H]5O[C@H](CO)[C@@H](O)[C@@H](O)[C@@H]5O)C4(C)C)[C@]3(C)C(=O)C[C@]12C
ZINC000299817799,C=C1C[C@]23CC[C@H]4[C@@](C)(CCC[C@@]4(C)C(=O)O[C@@H]4O[C@H](CO)[C@@H](O)[C@H](O)[C@H]4O)[C@@H]2CC[C@@]1(O[C@@H]1O[C@H](CO)[C@@H](O)[C@H](O)[C@H]1O[C@@H]1O[C@H](CO)[C@@H](O)[C@H](O)[C@H]1O)C3
ZINC000299817805,OC[C@H]1O[C@@H](Oc2cc(O)ccc2/C=C/c2cc(O)cc(O)c2)[C@@H](O)[C@@H](O)[C@@H]1O
ZINC000299817806,OC[C@H]1O[C@@H](Oc2cc(O)ccc2/C=C/c2cc(O)cc(O)c2)[C@H](O)[C@@H](O)[C@H]1O
ZINC000299817807,OC[C@H]1O[C@@H](Oc2cc(O)ccc2/C=C/c2cc(O)cc(O)c2)[C@@H](O)[C@@H](O)[C@H]1O
ZINC000299817817,CC(C)=CCC[C@@](C)(O[C@@H]1O[C@H](CO)[C@@H](O)[C@@H](O)[C@@H]1O)[C@H]1CC[C@@]2(C)[C@@H]1[C@H](O)C[C@@H]1[C@]3(C)C[C@@H](O)[C@H](O[C@H]4O[C@@H](CO)[C@H](O)[C@@H](O)[C@H]4O[C@@H]4O[C@H](CO)[C@@H](O)[C@@H](O)[C@H]4O)C(C)(C)[C@@H]3CC[C@]12C
ZINC000299817823,O=c1c(O[C@@H]2O[C@H](CO)[C@H](O)[C@H](O)[C@@H]2O)c(-c2ccc(O)c(O)c2)oc2cc(O[C@@H]3O[C@H](CO[C@@H]4O[C@H](CO)[C@H](O)[C@H](O)[C@@H]4O)[C@H](O)[C@H](O)[C@H]3O)cc(O)c12
ZINC000299817824,O=c1c(O[C@@H]2O[C@H](CO)[C@H](O)[C@H](O)[C@@H]2O)c(-c2ccc(O)c(O)c2)oc2cc(O[C@@H]3O[C@H](CO[C@@H]4O[C@H](CO)[C@H](O)[C@H](O)[C@@H]4O)[C@@H](O)[C@H](O)[C@H]3O)cc(O)c12
ZINC000299817825,O=c1c(O[C@@H]2O[C@H](CO)[C@H](O)[C@H](O)[C@@H]2O)c(-c2ccc(O)c(O)c2)oc2cc(O[C@@H]3O[C@H](CO[C@@H]4O[C@H](CO)[C@H](O)[C@H](O)[C@@H]4O)[C@@H](O)[C@H](O)[C@@H]3O)cc(O)c12
ZINC000299817826,O=c1c(O[C@@H]2O[C@H](CO)[C@H](O)[C@H](O)[C@@H]2O)c(-c2ccc(O)c(O)c2)oc2cc(O[C@@H]3O[C@H](CO[C@@H]4O[C@H](CO)[C@H](O)[C@H](O)[C@@H]4O)[C@H](O)[C@H](O)[C@@H]3O)cc(O)c12
ZINC000299817837,COc1cc(/C=C/C(=O)O[C@H]2[C@H](O)[C@@H](CO)O[C@@]2(CO)O[C@@H]2O[C@H](CO)[C@@H](O)[C@H](O)[C@H]2O)cc(OC)c1O
ZINC000299817838,O=C1O[C@H]2[C@H]3COC(=O)c4cc(O)c(O)c(O)c4-c4c(cc(O)c(O)c4O)C(=O)O[C@H]2[C@@H](OC(=O)c2cc(O)c(O)c4c2[C@@H]2C1=CC(=O)C(O)(O)[C@]2(O)O4)[C@@H](OC(=O)c1cc(O)c(O)c(O)c1)O3
ZINC000299817839,O=C1O[C@H]2[C@H]3COC(=O)c4cc(O)c(O)c(O)c4-c4c(cc(O)c(O)c4O)C(=O)O[C@H]2[C@@H](OC(=O)c2cc(O)c(O)c4c2[C@@H]2C1=CC(=O)C(O)(O)[C@]2(O)O4)[C@H](OC(=O)c1cc(O)c(O)c(O)c1)O3
ZINC000299817840,C[C@H](CC[C@@H](O[C@@H]1O[C@H](CO)[C@@H](O)[C@H](O)[C@H]1O)C(C)(C)O)[C@H]1CC[C@@]2(C)[C@H]3CC=C4[C@@H](CC[C@H](O[C@@H]5O[C@H](CO)[C@@H](O)[C@H](O)[C@H]5O)C4(C)C)[C@]3(C)[C@H](O)C[C@]12C
ZINC000299817849,COc1c2c(cc3oc(CO)cc(=O)c13)O[C@H](C(C)(C)O[C@@H]1O[C@H](CO)[C@@H](O)[C@H](O)[C@H]1O)C2
ZINC000299817850,CC1(C)CC(=O)C=C(CO[C@@H]2O[C@H](CO)[C@H](O)[C@H](O)[C@H]2O)[C@H]1CO
ZINC000299817855,O=c1cc(-c2ccccc2)oc2cc(O[C@@H]3O[C@H](CO[C@@H]4O[C@H](CO)[C@H](O)[C@H](O)[C@H]4O)[C@@H](O)[C@@H](O)[C@H]3O)cc(O)c12
ZINC000299817856,O=c1cc(-c2ccccc2)oc2cc(O[C@@H]3O[C@H](CO[C@@H]4O[C@H](CO)[C@H](O)[C@H](O)[C@@H]4O)[C@@H](O)[C@H](O)[C@H]3O)cc(O)c12
ZINC000299817857,O=c1cc(-c2ccccc2)oc2cc(O[C@@H]3O[C@H](CO[C@@H]4O[C@H](CO)[C@H](O)[C@H](O)[C@@H]4O)[C@@H](O)[C@@H](O)[C@H]3O)cc(O)c12
ZINC000299817858,O=c1cc(-c2ccccc2)oc2cc(O[C@@H]3O[C@H](CO[C@@H]4O[C@H](CO)[C@H](O)[C@H](O)[C@H]4O)[C@@H](O)[C@H](O)[C@H]3O)cc(O)c12
ZINC000299817861,CC(C)(O)[C@@H]1CC[C@](C)([C@@H]2CC[C@]3(C)[C@@H]2[C@H](O)C[C@@H]2[C@@]4(C)CC[C@H](O)C(C)(C)[C@@H]4[C@@H](O)C[C@]23C)O1
ZINC000299817862,CC(C)(O)[C@@H]1CC[C@](C)([C@@H]2CC[C@]3(C)[C@@H]2[C@H](O)C[C@H]2[C@@]4(C)CC[C@H](O)C(C)(C)[C@@H]4[C@@H](O)C[C@]23C)O1
ZINC000299817863,CC(C)(O)[C@@H]1CC[C@](C)([C@@H]2CC[C@]3(C)[C@@H]2[C@H](O)C[C@@H]2[C@@]4(C)CC[C@H](O)C(C)(C)[C@H]4[C@@H](O)C[C@]23C)O1
ZINC000299817864,CC(C)(O)[C@@H]1CC[C@](C)([C@@H]2CC[C@]3(C)[C@@H]2[C@H](O)C[C@H]2[C@@]4(C)CC[C@H](O)C(C)(C)[C@H]4[C@@H](O)C[C@]23C)O1
ZINC000299817865,C/C1=C\[C@@H]2[C@H](C/C=C(\CO)[C@H](O)[C@H]3[C@@H](O)[C@@H](C)C[C@]3(O)C1=O)C2(C)C
ZINC000299817872,C[C@H](CO[C@@H]1O[C@H](CO)[C@@H](O)[C@H](O)[C@H]1O)[C@H]1CC[C@@]2(CC[C@]3(C)[C@H](CC[C@@H]4[C@@]5(C)CC[C@H](O[C@@H]6O[C@H](CO)[C@@H](O)[C@H](O)[C@H]6O[C@@H]6OC[C@@H](O)[C@H](O)[C@H]6O)[C@@](C)(CO)[C@@H]5CC[C@]43C)[C@H]2O)CO1
ZINC000299817883,CCO[C@]12C[C@H](OC)[C@@]3(O)C[C@H]([C@@H]1[C@H]3OC(=O)c1ccc(OC)cc1)[C@@]13[C@@H](OC)C[C@@H](O)[C@@]4(COC)CN(CC)[C@@H]1[C@H]2[C@H](OC)[C@@H]34
ZINC000299817884,C/C(=C\CCC(C)(C)O)[C@H]1CC[C@]2(C)[C@@H]1[C@@H](O)C[C@@H]1[C@@]3(C)CC[C@@H](O[C@@H]4O[C@H](CO)[C@@H](O)[C@H](O)[C@H]4O)C(C)(C)[C@@H]3CC[C@]12C
ZINC000299817885,C/C(=C\CCC(C)(C)O)[C@H]1CC[C@]2(C)[C@@H]1[C@@H](O)C[C@@H]1[C@@]3(C)CC[C@@H](O[C@@H]4O[C@H](CO)[C@@H](O)[C@H](O)[C@H]4O)C(C)(C)[C@H]3CC[C@]12C
ZINC000299817887,CC[C@H](C)[C@@H]1NC(=O)[C@@H]2CCCN2C(=O)[C@@H]2CCCN2C(=O)[C@@H]2CCCN2C(=O)[C@H]([C@H](C)CC)NC(=O)CNC(=O)CNC(=O)[C@H](Cc2ccccc2)NC1=O
ZINC000299817888,CC[C@H](C)[C@@H]1NC(=O)[C@@H]2CCCN2C(=O)[C@@H]2CCCN2C(=O)[C@@H]2CCCN2C(=O)[C@H]([C@@H](C)CC)NC(=O)CNC(=O)CNC(=O)[C@H](Cc2ccccc2)NC1=O
ZINC000299817893,O=C(O)C[C@@H]1C(=O)O[C@H]2[C@H](OC(=O)c3cc(O)c(O)c(O)c3)[C@@H](OC(=O)c3cc(O)c(O)c4c3[C@@H]1[C@H](O)C(=O)O4)[C@H](OC(=O)c1cc(O)c(O)c(O)c1)O[C@@H]2COC(=O)c1cc(O)c(O)c(O)c1
ZINC000299817894,O=C(O)C[C@H]1C(=O)O[C@H]2[C@H](OC(=O)c3cc(O)c(O)c(O)c3)[C@@H](OC(=O)c3cc(O)c(O)c4c3[C@@H]1[C@H](O)C(=O)O4)[C@H](OC(=O)c1cc(O)c(O)c(O)c1)O[C@@H]2COC(=O)c1cc(O)c(O)c(O)c1
ZINC000299817900,OC[C@H]1O[C@@H](Oc2cc(O)cc(-c3cc4ccc(O[C@@H]5O[C@H](CO)[C@H](O)[C@H](O)[C@@H]5O)cc4o3)c2)[C@@H](O)[C@@H](O)[C@@H]1O
ZINC000299817901,OC[C@H]1O[C@@H](Oc2cc(O)cc(-c3cc4ccc(O[C@@H]5O[C@H](CO)[C@H](O)[C@H](O)[C@@H]5O)cc4o3)c2)[C@@H](O)[C@@H](O)[C@H]1O
ZINC000299817902,OC[C@H]1O[C@@H](Oc2cc(O)cc(-c3cc4ccc(O[C@@H]5O[C@H](CO)[C@H](O)[C@H](O)[C@@H]5O)cc4o3)c2)[C@H](O)[C@@H](O)[C@@H]1O
ZINC000299817903,OC[C@H]1O[C@@H](Oc2ccc3cc(-c4cc(O)cc(O[C@@H]5O[C@H](CO)[C@H](O)[C@H](O)[C@H]5O)c4)oc3c2)[C@@H](O)[C@@H](O)[C@H]1O
ZINC000299817909,C/C(=C\[C@@H](O)C[C@@H](C)[C@H]1CC(=O)[C@@]2(C)C3=C(C(=O)C[C@]12C)[C@@]1(C)CCC(=O)C(C)(C)[C@H]1C[C@@H]3O)C(=O)O
ZINC000299817914,C=C1C[C@]23CC[C@H]4[C@@](C)(CCC[C@@]4(C)C(=O)O[C@@H]4O[C@H](CO)[C@@H](O)[C@H](O)[C@H]4O)[C@@H]2CC[C@@]1(O[C@@H]1O[C@H](CO)[C@@H](O)[C@H](O)[C@H]1O)C3
ZINC000299817923,COc1cc(/C=C/C(=O)O[C@H]2[C@H](O)[C@@H](CO)O[C@@]2(CO)O[C@@H]2O[C@H](CO)[C@@H](O)[C@H](O)[C@H]2O)ccc1O
ZINC000299817924,C[C@@H]1O[C@@H](O[C@H]2[C@H](O)[C@@H](COC(=O)/C=C/c3ccc(O)cc3)O[C@@H](OCCc3ccc(O)cc3)[C@@H]2O)[C@H](O)[C@H](O)[C@H]1O[C@@H]1O[C@@H](C)[C@H](O)[C@@H](O)[C@H]1O
ZINC000299817926,CC(C)c1cc2c(c(O)c1O)[C@@]13CCCC(C)(C)[C@@H]1[C@H](CC3=O)[C@H]2O
ZINC000584908927,C[C@H](CC[C@@H](O)C(C)(C)O)[C@@H]1CC[C@@]2(C)[C@H]3CC=C4[C@@H](CC[C@H](O)C4(C)C)[C@@]3(C)[C@H](O)C[C@@]12C
ZINC000584908928,C=CC/C(=N\OS(=O)(=O)O)S[C@H]1O[C@@H](CO)[C@H](O)[C@H](O)[C@H]1O
ZINC000584908929,O=C(/C=C/c1ccc(O)cc1)OC[C@H]1O[C@@H](O[C@@H]2OC=C[C@H]3[C@H](O)[C@@H]4O[C@]4(CO)[C@@H]23)[C@H](O)[C@@H](O)[C@H]1O
ZINC000584908930,O=C(/C=C/c1ccc(O)cc1)OC[C@H]1O[C@@H](O[C@@H]2OC=C[C@H]3[C@H](O)[C@@H]4O[C@]4(CO)[C@@H]23)[C@@H](O)[C@@H](O)[C@@H]1O
ZINC000584908931,O=C(/C=C/c1ccc(O)cc1)OC[C@H]1O[C@@H](O[C@@H]2OC=C[C@H]3[C@H](O)[C@@H]4O[C@]4(CO)[C@@H]23)[C@@H](O)[C@@H](O)[C@H]1O
ZINC000584908932,CO[C@H]1[C@@H](O)[C@@H](C)O[C@@H](O[C@H]2[C@@H](OC)C[C@H](O[C@H]3[C@@H](OC)C[C@H](O[C@H]4[C@@H](OC)C[C@H](O[C@H]([C@@H]5OC5=O)[C@@H](CC(=O)O)OC)O[C@@H]4C)O[C@@H]3C)O[C@@H]2C)[C@@H]1OC(C)=O
ZINC000584908933,CC(=O)O[C@@H]1[C@H](OC(C)=O)[C@@H]2[C@H]([C@H](O)C(=O)[C@H]3C[C@H]4O[C@H]4[C@H](OC(C)=O)[C@@]32C)[C@H]2[C@@H](O)[C@@H]3[C@@H]([C@@H](C)[C@H]4O[C@]45OC(=O)[C@@](C)(O)[C@]35C)[C@@]12C
ZINC000584908934,CC(=O)O[C@@H]1[C@H](OC(C)=O)[C@@H]2[C@H]([C@H](O)C(=O)[C@H]3C[C@H]4O[C@H]4[C@H](OC(C)=O)[C@@]32C)[C@H]2[C@@H](O)[C@@H]3[C@@H]([C@@H](C)[C@@H]4O[C@@]45OC(=O)[C@@](C)(O)[C@]35C)[C@@]12C
ZINC000584908935,CC(=O)O[C@@H]1[C@H](OC(C)=O)[C@@H]2[C@H]([C@H](O)C(=O)[C@H]3C[C@H]4O[C@H]4[C@H](OC(C)=O)[C@@]32C)[C@H]2[C@@H](O)[C@@H]3[C@@H]([C@@H](C)[C@H]4O[C@@]45OC(=O)[C@@](C)(O)[C@]35C)[C@@]12C
ZINC000584908936,CC(=O)O[C@@H]1[C@H](OC(C)=O)[C@@H]2[C@H]([C@H](O)C(=O)[C@H]3C[C@H]4O[C@H]4[C@H](OC(C)=O)[C@@]32C)[C@H]2[C@@H](O)[C@@H]3[C@@H]([C@@H](C)[C@@H]4O[C@]45OC(=O)[C@@](C)(O)[C@]35C)[C@@]12C
ZINC000584908941,C[C@@H]1O[C@@H](O[C@@H]2[C@@H](CO[C@@H]3O[C@H](CO)[C@@H](O)[C@H](O)[C@H]3O)O[C@@H](O[C@@H]3CC[C@]4(C)C5=CC=C6[C@@H]7CC(C)(C)CC[C@]7(CO)[C@H](O)C[C@@]6(C)[C@]5(C)CC[C@H]4C3(C)C)[C@H](O)[C@H]2O)[C@H](O)[C@H](O)[C@H]1O
ZINC000584908946,CO[C@H]1C=C2[C@@H]3CC(C)(C)CC[C@]3(CO)[C@H](O)C[C@@]2(C)[C@]2(C)CC[C@H]3[C@@](C)(CO)[C@H](O[C@@H]4O[C@H](C)[C@H](O)[C@H](O[C@@H]5O[C@H](CO)[C@@H](O)[C@H](O)[C@H]5O)[C@H]4O)CC[C@]3(C)[C@@H]12
ZINC000584908947,CO[C@H]1C=C2[C@@H]3CC(C)(C)CC[C@]3(CO)[C@@H](O)C[C@@]2(C)[C@]2(C)CC[C@H]3[C@@](C)(CO)[C@H](O[C@@H]4O[C@H](C)[C@H](O)[C@H](O[C@@H]5O[C@H](CO)[C@@H](O)[C@H](O)[C@H]5O)[C@H]4O)CC[C@]3(C)[C@@H]12
ZINC000584908952,CCCCCCCCC[C@@H](CC(=O)CCc1ccc(O)c(OC)c1)OCC
ZINC000584908953,CCCCCCCCC[C@H](CC(=O)CCc1ccc(O)c(OC)c1)OCC
ZINC000584908954,COc1ccc([C@@H]2COc3cc(O[C@H]4O[C@@H](CO)[C@H](O)[C@@H](O)[C@@H]4O)ccc3[C@H]2O)c(O)c1OC
ZINC000584908955,COc1ccc([C@H]2COc3cc(O[C@H]4O[C@@H](CO)[C@H](O)[C@@H](O)[C@@H]4O)ccc3[C@H]2O)c(O)c1OC
ZINC000584908956,COc1ccc([C@@H]2COc3cc(O[C@H]4O[C@@H](CO)[C@H](O)[C@@H](O)[C@@H]4O)ccc3[C@@H]2O)c(O)c1OC
ZINC000584908957,COc1ccc([C@H]2COc3cc(O[C@H]4O[C@@H](CO)[C@H](O)[C@@H](O)[C@@H]4O)ccc3[C@@H]2O)c(O)c1OC
ZINC000584908962,O=c1cc(-c2ccc(O)cc2)oc2c([C@@H]3OC[C@@H](O)[C@H](O)[C@H]3O)c(O)c([C@@H]3OC[C@H](O)[C@@H](O)[C@H]3O)c(O)c12
ZINC000584908963,O=c1cc(-c2ccc(O)cc2)oc2c([C@@H]3OC[C@@H](O)[C@H](O)[C@H]3O)c(O)c([C@@H]3OC[C@@H](O)[C@@H](O)[C@H]3O)c(O)c12
ZINC000584908964,O=c1c(O[C@@H]2O[C@H](CO)[C@H](O)[C@H](O)[C@@H]2O[C@@H]2O[C@H](CO)[C@H](O)[C@H](O)[C@@H]2O)c(-c2ccc(O)cc2)oc2cc(O[C@@H]3O[C@@H](CO)[C@@H](O)[C@H](O)[C@H]3O)cc(O)c12
ZINC000584908965,O=c1c(O[C@@H]2O[C@H](CO)[C@H](O)[C@H](O)[C@@H]2O[C@@H]2O[C@H](CO)[C@H](O)[C@H](O)[C@@H]2O)c(-c2ccc(O)cc2)oc2cc(O[C@@H]3O[C@H](CO)[C@@H](O)[C@H](O)[C@H]3O)cc(O)c12
ZINC000584908966,O=c1c(O[C@@H]2O[C@H](CO)[C@H](O)[C@H](O)[C@@H]2O[C@@H]2O[C@H](CO)[C@H](O)[C@H](O)[C@@H]2O)c(-c2ccc(O)cc2)oc2cc(O[C@@H]3O[C@@H](CO)[C@@H](O)[C@@H](O)[C@H]3O)cc(O)c12
ZINC000584908967,O=c1c(O[C@@H]2O[C@H](CO)[C@H](O)[C@H](O)[C@@H]2O[C@@H]2O[C@H](CO)[C@H](O)[C@H](O)[C@@H]2O)c(-c2ccc(O)cc2)oc2cc(O[C@@H]3O[C@H](CO)[C@@H](O)[C@@H](O)[C@H]3O)cc(O)c12
ZINC000584908968,C[C@@H]1O[C@@H](O[C@@H]2[C@@H](CO)O[C@@H](OC[C@H]3O[C@@H](OC(=O)[C@]45CCC(C)(C)C[C@H]4C4=CC[C@@H]6[C@@]7(C)C[C@H](O)[C@H](O)[C@@](C)(CO)[C@@H]7[C@H](O)C[C@@]6(C)[C@]4(C)CC5)[C@H](O)[C@@H](O)[C@@H]3O)[C@H](O)[C@H]2O)[C@@H](O)[C@H](O)[C@H]1O
ZINC000584908969,C[C@@H]1O[C@@H](O[C@@H]2[C@@H](CO)O[C@@H](OC[C@H]3O[C@@H](OC(=O)[C@]45CCC(C)(C)C[C@H]4C4=CC[C@@H]6[C@@]7(C)C[C@H](O)[C@H](O)[C@@](C)(CO)[C@@H]7[C@H](O)C[C@@]6(C)[C@]4(C)CC5)[C@H](O)[C@@H](O)[C@@H]3O)[C@H](O)[C@H]2O)[C@H](O)[C@H](O)[C@H]1O
ZINC000584908970,C[C@@H]1O[C@@H](O[C@@H]2[C@@H](CO)O[C@@H](OC[C@H]3O[C@@H](OC(=O)[C@]45CCC(C)(C)C[C@H]4C4=CC[C@@H]6[C@@]7(C)C[C@H](O)[C@H](O)[C@@](C)(CO)[C@@H]7[C@H](O)C[C@@]6(C)[C@]4(C)CC5)[C@H](O)[C@@H](O)[C@@H]3O)[C@H](O)[C@H]2O)[C@H](O)[C@@H](O)[C@H]1O
ZINC000584908971,C[C@@H]1O[C@@H](O[C@@H]2[C@@H](CO)O[C@@H](OC[C@H]3O[C@@H](OC(=O)[C@]45CCC(C)(C)C[C@H]4C4=CC[C@@H]6[C@@]7(C)C[C@H](O)[C@H](O)[C@@](C)(CO)[C@@H]7[C@H](O)C[C@@]6(C)[C@]4(C)CC5)[C@H](O)[C@@H](O)[C@@H]3O)[C@H](O)[C@H]2O)[C@@H](O)[C@@H](O)[C@H]1O
ZINC000584908972,C=C(C)[C@@H]1CC[C@@]2(C)C[C@H]1c1c(O)c3c(c(CC=C(C)C)c1O2)O[C@]12C(=C[C@@H]4C[C@H]1C(C)(C)O[C@@]2(C/C=C(/C)C(=O)O)C4=O)C3=O
ZINC000584908973,OC[C@]1(O)COc2cc(O)ccc2-c2cc(O)c(O)cc2C[C@@](O)(CO)COc2cc(O)ccc2-c2cc(O)c(O)cc2C1
ZINC000584908974,CO[C@@H]1C=C2[C@@H]3CC(C)(C)CC[C@]3(CO)[C@@H](O)C[C@@]2(C)[C@]2(C)CC[C@H]3C(C)(C)[C@@H](O[C@@H]4O[C@H](CO[C@@H]5O[C@H](CO)[C@@H](O)[C@H](O)[C@H]5O)[C@@H](O[C@@H]5O[C@@H](C)[C@H](O)[C@@H](O)[C@H]5O)[C@H](O)[C@H]4O)CC[C@]3(C)[C@@H]12
ZINC000584908975,C[C@@H](CC[C@@H](O[C@H]1O[C@@H](CO)[C@H](O)[C@@H](O)[C@@H]1O[C@@H]1O[C@H](CO)[C@@H](O)[C@H](O)[C@@H]1O)C(C)(C)O)[C@@H]1CC[C@@]2(C)[C@@H]3CC=C4[C@H](CC[C@H](O[C@@H]5O[C@H](CO)[C@@H](O)[C@H](O)[C@@H]5O)C4(C)C)[C@]3(C)C(=O)C[C@]12C
ZINC000584908976,C[C@@H](CC[C@@H](O[C@H]1O[C@@H](CO)[C@H](O)[C@@H](O)[C@@H]1O[C@@H]1O[C@H](CO)[C@H](O)[C@H](O)[C@@H]1O)C(C)(C)O)[C@@H]1CC[C@@]2(C)[C@@H]3CC=C4[C@H](CC[C@H](O[C@@H]5O[C@H](CO)[C@@H](O)[C@H](O)[C@@H]5O)C4(C)C)[C@]3(C)C(=O)C[C@]12C
ZINC000584908977,C[C@@H](CC[C@@H](O[C@H]1O[C@@H](CO)[C@H](O)[C@@H](O)[C@@H]1O[C@@H]1O[C@H](CO)[C@@H](O)[C@@H](O)[C@@H]1O)C(C)(C)O)[C@@H]1CC[C@@]2(C)[C@@H]3CC=C4[C@H](CC[C@H](O[C@@H]5O[C@H](CO)[C@@H](O)[C@H](O)[C@@H]5O)C4(C)C)[C@]3(C)C(=O)C[C@]12C
ZINC000584908978,C[C@@H](CC[C@@H](O[C@H]1O[C@@H](CO)[C@H](O)[C@@H](O)[C@@H]1O[C@@H]1O[C@H](CO)[C@H](O)[C@@H](O)[C@@H]1O)C(C)(C)O)[C@@H]1CC[C@@]2(C)[C@@H]3CC=C4[C@H](CC[C@H](O[C@@H]5O[C@H](CO)[C@@H](O)[C@H](O)[C@@H]5O)C4(C)C)[C@]3(C)C(=O)C[C@]12C
ZINC000584908983,CC(C)=CCc1cc(O)cc2oc(=O)ccc12
ZINC000584908984,C[C@@H]1O[C@@H](O[C@H]2[C@H](Oc3cc(O)c4c(=O)cc(-c5ccc(O)c(O)c5)oc4c3)O[C@H](CO)[C@@H](O)[C@@H]2O)[C@H](O)[C@@H](O)[C@H]1O
ZINC000584908989,O=C(/C=C/c1ccc(O)cc1)O[C@@H]1[C@H](c2c(O)cc(O)c3c(=O)cc(-c4ccc(O)c(O)c4)oc23)O[C@H](CO)[C@@H](O)[C@@H]1O
ZINC000584908990,O=C(/C=C/c1ccc(O)cc1)O[C@@H]1[C@H](c2c(O)cc(O)c3c(=O)cc(-c4ccc(O)c(O)c4)oc23)O[C@H](CO)[C@H](O)[C@@H]1O
ZINC000584908991,O=C(/C=C/c1ccc(O)cc1)O[C@H]1[C@H](c2c(O)cc(O)c3c(=O)cc(-c4ccc(O)c(O)c4)oc23)O[C@H](CO)[C@H](O)[C@@H]1O
ZINC000584908996,CO[C@H]1c2cc3c(cc2-c2ccc4cc5c(cc4c2N1C)OCO5)OCO3
ZINC000584908997,CO[C@@H]1c2cc3c(cc2-c2ccc4cc5c(cc4c2N1C)OCO5)OCO3
ZINC000584908998,CO[C@@H]([C@H](C)C(=O)O)[C@H](C)[C@H]1O[C@@]2(CC[C@@](C)([C@H]3CC[C@@](C)([C@@H]4O[C@@H]([C@@H]5O[C@@](O)(CO)[C@H](C)C[C@@H]5C)C[C@@H]4C)O3)O2)C[C@H](O)[C@H]1C
ZINC000584908999,CO[C@@H]([C@H](C)C(=O)O)[C@H](C)[C@H]1O[C@@]2(CC[C@@](C)([C@H]3CC[C@@](C)([C@@H]4O[C@@H]([C@H]5O[C@@](O)(CO)[C@H](C)C[C@@H]5C)C[C@@H]4C)O3)O2)C[C@H](O)[C@H]1C
ZINC000584909000,C[C@@H]1CC[C@]2(OC1)O[C@@H]1C[C@]3(O)[C@H]4CC=C5C[C@@H](O[C@H]6O[C@@H](CO)[C@H](O[C@@H]7OC[C@H](O)[C@H](O)[C@@H]7O)[C@@H](O)[C@@H]6O[C@@H]6O[C@H](C)[C@@H](O)[C@@H](O)[C@H]6O)CC[C@@]5(C)[C@@H]4CC[C@@]3(C)[C@@H]1[C@H]2C
ZINC000584909001,C[C@@H]1CC[C@]2(OC1)O[C@@H]1C[C@]3(O)[C@H]4CC=C5C[C@@H](O[C@H]6O[C@@H](CO)[C@H](O[C@@H]7OC[C@@H](O)[C@@H](O)[C@@H]7O)[C@@H](O)[C@@H]6O[C@@H]6O[C@H](C)[C@@H](O)[C@@H](O)[C@H]6O)CC[C@@]5(C)[C@@H]4CC[C@@]3(C)[C@@H]1[C@H]2C
ZINC000584909002,C[C@@H]1CC[C@]2(OC1)O[C@@H]1C[C@]3(O)[C@H]4CC=C5C[C@@H](O[C@H]6O[C@@H](CO)[C@H](O[C@@H]7OC[C@@H](O)[C@H](O)[C@@H]7O)[C@@H](O)[C@@H]6O[C@@H]6O[C@H](C)[C@@H](O)[C@@H](O)[C@H]6O)CC[C@@]5(C)[C@@H]4CC[C@@]3(C)[C@@H]1[C@H]2C
ZINC000584909003,C[C@@H]1CC[C@]2(OC1)O[C@@H]1C[C@]3(O)[C@H]4CC=C5C[C@@H](O[C@H]6O[C@@H](CO)[C@H](O[C@@H]7OC[C@H](O)[C@@H](O)[C@@H]7O)[C@@H](O)[C@@H]6O[C@@H]6O[C@H](C)[C@@H](O)[C@@H](O)[C@H]6O)CC[C@@]5(C)[C@@H]4CC[C@@]3(C)[C@@H]1[C@H]2C
ZINC000584909004,C=C1C(=O)O[C@H]2CC(C)=C([C@@H](C)CCCOC(C)=O)[C@H](O)[C@@H]12
ZINC000584909005,CC1(C)CC[C@]2(C(=O)O)[C@H](O)C[C@]3(C)C(=CC[C@H]4[C@@]5(C)CC[C@H](O[C@@H]6O[C@H](CO)[C@@H](O)[C@H](O)[C@H]6O)C(C)(C)[C@@H]5CC[C@]43C)[C@H]2C1
ZINC000584909006,CC1(C)CC[C@]2(C(=O)O)[C@H](O)C[C@]3(C)C(=CC[C@H]4[C@@]5(C)CC[C@H](O[C@@H]6O[C@H](CO)[C@@H](O)[C@H](O)[C@H]6O)C(C)(C)[C@H]5CC[C@]43C)[C@H]2C1
ZINC000584909007,CC1(C)CC[C@]2(C(=O)O)[C@H](O)C[C@]3(C)C(=CC[C@@H]4[C@@]5(C)CC[C@H](O[C@@H]6O[C@H](CO)[C@@H](O)[C@H](O)[C@H]6O)C(C)(C)[C@H]5CC[C@]43C)[C@H]2C1
ZINC000584909008,CC(C)/C=C/C[C@](C)(O[C@@H]1O[C@H](CO[C@H]2O[C@H](CO)[C@@H](O)[C@@H]2O)[C@@H](O)[C@H](O)[C@H]1O)[C@H]1CC[C@]2(C)[C@@H]1[C@H](O)C[C@@H]1[C@@]3(C)CC[C@H](O[C@@H]4O[C@H](CO)[C@@H](O)[C@H](O)[C@H]4O)C(C)(C)[C@@H]3CC[C@]12C
ZINC000605701418,O=C[C@H](O)[C@@H](O)[C@@H](CO)O[C@@H]1OC[C@@H](O[C@@H]2OC[C@@H](O[C@@H]3OC[C@@H](O)[C@H](O)[C@H]3O)[C@H](O)[C@H]2O)[C@H](O)[C@H]1O
ZINC000914431222,CC(=O)O[C@H]1CCC(C)=CCCC(C)=CC[C@@]2(C(C)C)CC[C@@]1(C)O2
ZINC000914431223,CC(=O)O[C@@H]1CCC(C)=CCCC(C)=CC[C@@]2(C(C)C)CC[C@@]1(C)O2
ZINC000936069313,C=C(C)C(=O)O[C@H]1CC2=C[C@H](CC(C)=C[C@H]3OC(=O)C(=C)[C@H]13)OC2=O
ZINC000936070108,C=C1CC[C@H]2[C@@H](C=C(C)C(=O)[C@@]3(O)C[C@H](C)[C@H](O)[C@@H]3[C@@H]1O)C2(C)C
ZINC000958322924,CC1=CC[C@@]2(C(C)C)CC[C@@](C)(O2)[C@@H](O)CCC(C)=CCC1
ZINC001077993026,C=C1[C@@H](O)[C@H]2[C@@H](O)[C@@H](C)C[C@@]2(O)C(=O)C(C)=C[C@H]2[C@@H](C[C@H]1O)C2(C)C
ZINC001077993027,C=C1[C@H](O)C[C@@H]2[C@H](C=C(C)C(=O)[C@]3(O)C[C@H](C)[C@H](O)[C@H]3[C@H]1O)C2(C)C
ZINC001077993028,C=C1[C@@H](O)[C@@H]2[C@@H](O)[C@@H](C)C[C@@]2(O)C(=O)C(C)=C[C@H]2[C@@H](C[C@H]1O)C2(C)C
ZINC001077993029,C=C1[C@H](O)C[C@@H]2[C@H](C=C(C)C(=O)[C@]3(O)C[C@H](C)[C@H](O)[C@@H]3[C@H]1O)C2(C)C
ZINC001079112748,C=C1CC[C@H]2[C@@H](C=C(C)C(=O)[C@@]3(OC(C)=O)C[C@H](C)[C@H](OC(=O)c4ccccc4)[C@@H]3[C@@H]1OC(C)=O)C2(C)C
ZINC001083803552,C=C1C(=O)O[C@@H]2C=C(C)[C@@H](O)CC=C(C)C[C@H](OC(=O)/C(C)=C/CO)[C@@H]12
ZINC001083803594,C=C1C(=O)O[C@@H]2C=C(C)[C@@H](OC(C)=O)CC=C(COC(C)=O)C[C@H](OC(=O)/C(C)=C/CO)[C@@H]12
ZINC001503886584,CC1=C[C@@H]2[C@H](CC=C(CO)[C@H](O)[C@H]3[C@@H](O)[C@@H](C)C[C@]3(O)C1=O)C2(C)C
ZINC001565749095,O=C(/C=C/c1ccc(O)c(O)c1)O[C@H]1C[C@](OC(=O)/C=C/c2ccc(O)c(O)c2)(C(=O)O)C[C@@H](OC(=O)/C=C/c2ccc(O)c(O)c2)[C@@H]1O
ZINC001565750547,O=C[C@H](O)[C@@H](O)[C@@H](CO)O[C@@H]1OC[C@@H](O[C@@H]2OC[C@@H](O)[C@H](O)[C@H]2O)[C@H](O)[C@H]1O
ZINC001565750559,CC(=O)O[C@H]1C[C@H]2C(=O)O[C@H](c3ccoc3)C[C@H]2[C@@H]2C[C@@H]3C[C@@H](C(=O)O3)[C@@H]12
ZINC001565750560,C[C@H](CC[C@@H](O[C@@H]1O[C@H](CO)[C@@H](O)[C@H](O)[C@H]1O)C(C)(C)O)[C@@H]1CC[C@@]2(C)[C@@H]3CC=C4[C@@H](CC[C@H](O[C@H]5O[C@H](CO)[C@@H](O)[C@H](O)[C@H]5O)C4(C)C)[C@]3(C)CC[C@]12C
ZINC001565750561,C[C@H](CC[C@@H](O[C@@H]1O[C@H](CO)[C@@H](O)[C@H](O)[C@H]1O)C(C)(C)O)[C@@H]1CC[C@@]2(C)[C@@H]3CC=C4[C@H](CC[C@H](O[C@H]5O[C@H](CO)[C@@H](O)[C@H](O)[C@H]5O)C4(C)C)[C@]3(C)CC[C@]12C
ZINC001565750562,C[C@H](CC[C@@H](O[C@@H]1O[C@H](CO)[C@@H](O)[C@H](O)[C@H]1O)C(C)(C)O)[C@@H]1CC[C@@]2(C)[C@@H]3CC=C4[C@H](CC[C@H](O[C@@H]5O[C@H](CO)[C@@H](O)[C@H](O)[C@H]5O)C4(C)C)[C@]3(C)CC[C@]12C
ZINC001565750563,C[C@H](CC[C@@H](O[C@@H]1O[C@H](CO)[C@@H](O)[C@H](O)[C@H]1O)C(C)(C)O)[C@@H]1CC[C@@]2(C)[C@@H]3CC=C4[C@@H](CC[C@H](O[C@@H]5O[C@H](CO)[C@@H](O)[C@H](O)[C@H]5O)C4(C)C)[C@]3(C)CC[C@]12C
ZINC001565750564,O=C[C@H](O)[C@@H](O)[C@@H](CO)O[C@@H]1OC[C@@H](O[C@@H]2OC[C@@H](O[C@@H]3OC[C@@H](O[C@@H]4OC[C@@H](O[C@@H]5OC[C@@H](O)[C@H](O)[C@H]5O)[C@H](O)[C@H]4O)[C@H](O)[C@H]3O)[C@H](O)[C@H]2O)[C@H](O)[C@H]1O
ZINC001565750565,O=C[C@H](O)[C@@H](O)[C@@H](CO)O[C@@H]1OC[C@@H](O[C@@H]2OC[C@@H](O[C@@H]3OC[C@@H](O[C@@H]4OC[C@@H](O)[C@H](O)[C@H]4O)[C@H](O)[C@H]3O)[C@H](O)[C@H]2O)[C@H](O)[C@H]1O
ZINC001565750575,C[C@H](CC[C@@H](O[C@@H]1O[C@H](CO)[C@@H](O)[C@H](O)[C@H]1O[C@H]1O[C@@H](CO)[C@H](O)[C@@H](O)[C@@H]1O)C(C)(C)O)[C@@H]1CC[C@@]2(C)[C@@H]3CC=C4[C@@H](CC[C@H](O)C4(C)C)[C@]3(C)C(=O)C[C@]12C
ZINC001565750576,C[C@H](CC[C@@H](O[C@@H]1O[C@H](CO)[C@@H](O)[C@H](O)[C@H]1O[C@H]1O[C@@H](CO)[C@H](O)[C@@H](O)[C@@H]1O)C(C)(C)O)[C@@H]1CC[C@@]2(C)[C@H]3CC=C4[C@@H](CC[C@H](O)C4(C)C)[C@]3(C)C(=O)C[C@]12C
ZINC001565750577,C[C@H](CC[C@@H](O[C@@H]1O[C@H](CO)[C@@H](O)[C@H](O)[C@H]1O[C@H]1O[C@@H](CO)[C@H](O)[C@@H](O)[C@@H]1O)C(C)(C)O)[C@@H]1CC[C@@]2(C)[C@H]3CC=C4[C@H](CC[C@H](O)C4(C)C)[C@]3(C)C(=O)C[C@]12C
ZINC001565750578,C[C@H](CC[C@@H](O[C@@H]1O[C@H](CO)[C@@H](O)[C@H](O)[C@H]1O[C@H]1O[C@@H](CO)[C@H](O)[C@@H](O)[C@@H]1O)C(C)(C)O)[C@@H]1CC[C@@]2(C)[C@@H]3CC=C4[C@H](CC[C@H](O)C4(C)C)[C@]3(C)C(=O)C[C@]12C
ZINC001565750591,C=C1C/C(=C/C)C(=O)O[C@@H]2CC[N@@+]3([O-])CC=C(COC(=O)[C@]1(C)OC(C)=O)[C@H]23
ZINC001565750592,C=C1C/C(=C/C)C(=O)O[C@@H]2CC[N@+]3([O-])CC=C(COC(=O)[C@]1(C)OC(C)=O)[C@H]23
